NameId,Kind,Japanese,Chinese,English
string,int,string,string,string
00000483,2,パラレル・テレポート,平行瞬间移动,Parallel Teleport
00002511,1,白銀の城の狂時計,白银之城的狂时钟,Labrynth Cooclock
00010000,1,万物創世龍,万物创世龙,Ten Thousand Dragon
00027551,3,リミット・リバース,限制苏生,Limit Reverse
00032864,1,１３人目の埋葬者,第13人的埋葬者,The 13th Grave
00035699,1,ＳＰＹＲＡＬ－ボルテックス,秘旋谍-龙卷风,SPYRAL Sleeper
00039015,1,バスター・スナイパー,爆裂狙击手,Assault Sentinel
00041546,1,ＤＤ魔導賢者トーマス,DD 魔导贤者 托马斯,D/D Savant Thomas
00041777,3,ジェム・エンハンス,宝石优化,Gem-Enhancement
00043227,1,マグナム・ザ・リリーバー,后援魔投手 马格努姆,Magnum the Reliever
00044818,1,ホーリーナイツ・オルビタエル,圣夜骑士团·奥比泰尔,Starry Knight Orbitael
00050755,3,マジシャンズ・サークル,魔术师的法阵,Magician's Circle
00056889,3,競闘－クロス・ディメンション,竞斗-交叉次元,Cross-Dimensional Duel
00059080,2,聖魔 裁きの雷,圣魔 裁决之雷,Magia Magic - Thunder of Judgment
00062121,1,闇晦ましの城,暗晦之城,Castle of Dark Illusions
00096540,2,ダウンビート,下拍,Downbeat
00098905,3,光波分光,光波分光,Cipher Spectrum
00102380,1,溶岩魔神ラヴァ・ゴーレム,熔岩魔神,Lava Golem
00109401,1,闇次元の戦士,暗次元的战士,Dark Dimension Soldier
00111280,2,黒魔導強化,黑魔导强化,Dark Magic Expanded
00114932,1,プレートクラッシャー,板块轰击者,Seismic Crasher
00122520,1,ＥＭスカイ・ピューピル,娱乐伙伴 天空徒弟,Performapal Sky Pupil
00123709,1,ラヴァル・ランスロッド,熔岩枪杖手,Laval Lancelord
00126218,3,悪魔のサイコロ,恶魔的骰子,Skull Dice
00128454,1,ＥＭスプリングース,娱乐伙伴 弹簧鹅,Performapal Springoose
00131182,1,ミラクル・フリッパー,奇迹反转士,Miracle Flipper
00132308,1,六花のしらひめ,六花的白姬,Rikka Princess
00135598,1,キーマウス,钥匙鼠,Key Mouse
00146746,1,機関重連アンガー・ナックル,机关重联 愤怒钩舌,Double Headed Anger Knuckle
00164710,3,小人のいたずら,小人的恶作剧,Mischief of the Gnomes
00168917,1,ヴァイロン・ハプト,哈普托大日,Vylon Hept
00176392,1,コアキメイル・テストベッド,核成试验台,Koa'ki Meiru Prototype
00191749,2,ヒーローフラッシュ！！,英雄一闪！！,Hero Flash!!
00197042,3,エクソシスター・リタニア,救祓少女连祷,Exosister Returnia
00209710,1,フリック・クラウン,滑动触控王冠人,Flick Clown
00213326,2,Ｅ－エマージェンシーコール,E-紧急呼唤,E - Emergency Call
00218704,1,フェンリル,芬里尔,Fenrir
00220414,1,ＥＭターントルーパー,娱乐伙伴 掉头跑骑兵,Performapal Turn Trooper
00242146,2,城壁壊しの大槍,破坏城壁的大枪,Ballista of Rampart Smashing
00255998,1,ラピッド・ウォリアー,疾速战士,Rapid Warrior
00259314,3,甲虫装機の手甲,甲虫装机的手甲,Inzektor Gauntlet
00263926,1,独法師,独法师,Bonze Alone
00269012,2,神縛りの塚,缚神冢,Mound of the Bound Creator
00269510,2,天火の牢獄,天火的牢狱,Fire Prison
00276357,3,霊魂の円環,灵魂的圆环,Shinobird Salvation
00282886,1,水精鱗－アビスノーズ,水精鳞-深渊象鼻鱼兵,Mermail Abyssnose
00284224,1,双天将 密迹,双天将 密迹,Dual Avatar - Empowered Mitsu-Jaku
00286392,1,ジェット・ウォリアー,喷气战士,Jet Warrior
00291414,1,想い集いし竜,集心龙,Converging Wills Dragon
00293542,1,ＴＧ ワーウルフ,科技属 狼人,T.G. Warwolf
00296499,3,一族の掟,一族之规,The Regulation of Tribe
00298846,1,トリックスター・コルチカ,淘气仙星·科尔奇卡,Trickstar Colchica
00303660,2,電脳増幅器,电脑增幅器,Amplifier
00313513,2,魔法の歯車,魔法齿车,Spell Gear
00324483,1,極炎の剣士,极炎之剑士,Ultimate Flame Swordsman
00327051,2,絶火の祆現,绝火的祆现,Magistus Vritra
00336369,1,ガスタ・スクイレル,薰风松鼠,Gusto Squirro
00336601,1,ムーン・ガードナー,月之守卫者,Moon Gardna
00340002,1,ＥＭハンマーマンモ,娱乐伙伴 槌子巨象,Performapal Elephammer
00342673,1,黒き魔術師－ブラック・マジシャン,黑色魔术师-黑魔术师,Dark Magician the Magician of Black Magic
00359563,1,ヴェルズ・ナイトメア,入魔梦魇骑士,Evilswarm Nightmare
00365213,2,光来する奇跡,光来的奇迹,Arrive in Light
00368382,1,ダイナミスト・ブラキオン,雾动机龙·腕龙,Dinomist Brachion
00373085,1,讃美火,赞美火,Firebrand Hymnist
00387282,1,ガガガシスター,我我我妹妹,Gagaga Sister
00402416,2,魔神火焔砲,魔神火焰炮,Obliterate!!! Blaze
00402568,1,エレキリン,电气长颈鹿,Wattgiraffe
00403847,2,連合軍,联合军,The A. Forces
00410904,1,憑依覚醒－ラセンリュウ,凭依觉醒-螺旋龙,Awakening of the Possessed - Rasenryu
00423585,1,召喚僧サモンプリースト,召唤僧,Summoner Monk
00423705,1,鉄の騎士 ギア・フリード,铁骑士 基亚·弗里德,Gearfried the Iron Knight
00425934,1,強欲ゴブリン,强欲哥布林,Goblin of Greed
00440556,1,バハムート・シャーク,龙神鲨,Bahamut Shark
00458748,2,法の聖典,法之圣典,The Book of the Law
00464362,1,デストーイ・シザー・タイガー,魔玩具·剪刀虎,Frightfur Tiger
00473469,3,猛吹雪,猛吹雪,Driving Snow
00487395,1,ウォーター・スピリット,水精灵,Water Spirit
00494922,1,超重荒神スサノ－Ｏ,超重荒神 须佐之男-O,Superheavy Samurai Warlord Susanowo
00525110,1,プチトマボー,迷你番茄小子,Cherry Inmato
00545781,1,妖竜マハーマ,妖龙 摩诃摩,Mahaama the Fairy Dragon
00549481,1,プリヴェント・ラット,硬毛鼠,Prevent Rat
00564541,1,ミンゲイドラゴン,民艺龙,Totem Dragon
00572850,1,ティアラメンツ・シェイレーン,珠泪哀歌族·塞壬人鱼,Tearlaments Scheiren
00575512,2,ＰＳＹフレーム・サーキット,PSY骨架回路,PSY-Frame Circuit
00581014,1,ダイガスタ・エメラル,大薰风骑士 翠玉,Daigusto Emeral
00595626,1,アンクリボー,安卡栗子球,Ankuriboh
00596051,3,毒蛇の牙,毒蛇之牙,Snake Fang
00598988,1,Ｓｉｎ レインボー・ドラゴン,罪 虹龙,Malefic Rainbow Dragon
00601193,1,彼岸の詩人 ウェルギリウス,彼岸的诗人 维吉尔,"Virgil, Rock Star of the Burning Abyss"
00612115,1,剣闘獣レティアリィ,剑斗兽 网斗,Gladiator Beast Retiari
00613013,1,バイス・シャーク,白煞鲨,Veiss Shark
00637216,1,モンスターエクスプレス,怪兽快车,Monster Express
00645087,1,サイバース・ガジェット,电子界工具,Cyberse Gadget
00645794,1,マジェスペクター・フロッグ,威风妖怪·蛤蟆,Majespecter Toad - Ogama
00652362,1,エーリアンモナイト,外星菊石,Alien Ammonite
00653675,2,シンクロ・オーバートップ,同调破顶,Synchro Overtop
00674561,2,ダーク・バースト,暗黑爆发,Dark Eruption
00675319,2,ゾディアックＳ,十二阵·签订,Zodiac Sign
00691925,2,ソーラー・エクスチェンジ,太阳交换,Solar Recharge
00698785,1,サンダーエンド・ドラゴン,雷霆终结龙,Thunder End Dragon
00703897,3,オルフェゴール・クリマクス,自奏圣乐之阶,Orcust Crescendo
00706925,1,海皇の狙撃兵,海皇的狙击兵,Atlantean Marksman
00712559,2,アマゾネスの里,亚马逊之里,Amazoness Village
00720147,3,王の憤激,王战的愤激,Generaider Boss Bite
00732302,1,髑髏の寺院,骷髅寺院,Temple of Skulls
00734741,1,彼岸の悪鬼 ラビキャント,彼岸的恶鬼 鲁比坎泰,"Rubic, Malebranche of the Burning Abyss"
00739444,1,マガジンドラムゴン,弹鼓龙,Vorticular Drumgon
00744887,1,虚の王 ウートガルザ,虚界王战 乌特加德王,"Utgarda, Generaider Boss of Delusion"
00756652,1,ドローン,多隆,Doron
00759393,1,火霊使いヒータ,火灵使 希塔,Hiita the Fire Charmer
00770365,1,魔導皇聖 トリス,魔导皇圣 特莉丝,Empress of Prophecy
00786906,3,逢魔ノ刻,逢魔之刻,Fateful Hour
00799183,3,超戦士の盾,超战士之盾,Super Soldier Shield
00811734,3,ＤＤＤの契約変更,DDD的契约变更,D/D/D Contract Change
00816427,1,ネオフレムベル・レディ,新炎狱女郎,Neo Flamvell Lady
00821049,1,ヴィサス＝アムリターラ,维萨斯-阿密哩多罗,Visas Amritara
00844056,2,レッドアローズ,红箭,Red Arrows
00847915,3,ナンバーズ・ウォール,编号系之壁,Number Wall
00856784,2,運命のドロー,命运之抽卡,Draw of Fate
00863795,1,銀河の召喚師,银河召唤师,Galaxy Summoner
00875572,1,天賦の魔導士クロウリー,天赋之魔导士 克劳利,"Crowley, the Gifted Magistus"
00876330,1,ドラグニティアームズ－ミスティル,龙骑兵团武器-银槲剑,Dragunity Arma Mystletainn
00879958,3,パラレルポート・アーマー,并口护甲,Parallel Port Armor
00885016,2,多元宇宙,多元宇宙,Multi-Universe
00897409,2,銀河百式,银河百式,Galaxy Hundred
00899287,1,怪鳥グライフ,怪鸟格莱弗,Glife the Phantom Bird
00900787,1,ドラグニティナイト－ゲイボルグ,龙骑兵团骑士-魔枪龙骑士,Dragunity Knight - Gae Bulg
00904185,2,垂直着陸,垂直着陆,Vertical Landing
00911883,2,予想ＧＵＹ,粗人预料,Unexpected Dai
00917796,2,ガガガタッグ,我我我组队,Gagagatag
00923596,1,ギアギアーマー,齿轮齿轮铠甲人,Geargiarmor
00938717,1,起動兵長コマンドリボルバー,起动兵长 指挥旋转者,Boot-Up Corporal - Command Dynamo
00952523,1,クラリアの蟲惑魔,库拉莉亚之虫惑魔,Traptrix Cularia
00967928,3,罰ゲーム！,惩罚游戏！,Penalty Game!
00975299,2,巨大要塞ゼロス,巨大要塞 泽洛斯,B.E.F. Zelos
00980973,1,アームド・ドラゴン ＬＶ３,武装龙 LV3,Armed Dragon LV3
00981540,3,ハーフ・アンブレイク,半伤不破,Half Unbreak
00983995,3,リ・バウンド,篮板球,Rebound
00984114,1,エクスプレスロイド,特快机人,Expressroid
00987311,1,ＤＤＤ疾風王アレクサンダー,DDD 疾风王 亚历山大,D/D/D Gust King Alexander
01003028,1,トラブル・ダイバー,老虎狗潜水员,Doggy Diver
01003840,2,スターライト・ジャンクション,星光立交桥,Starlight Junktion
01005587,3,煉獄の落とし穴,炼狱的落穴,Void Trap Hole
01006081,1,ジャンク・チェンジャー,废品变更者,Junk Changer
01033312,2,苦渋の決断,苦涩的决断,Painful Decision
01035143,1,ダークリボー,暗黑栗子球,Darkuriboh
01036974,2,ミスフォーチュン,不幸,Misfortune
01041278,3,分かつ烙印,分离的烙印,Branded Expulsion
01045143,1,ギアギアーノ Ｍｋ－ＩＩ,齿轮齿轮人 Mk-2,Geargiano Mk-II
01047075,1,闘炎の剣士,斗炎之剑士,Fighting Flame Swordsman
01050186,1,星因士 ウヌク,星因士 天市右垣七,Satellarknight Unukalhai
01050355,2,闇黒の夢魔鏡,黯黑之梦魔镜,Dream Mirror of Terror
01050684,2,スクラップ・エリア,废铁区,Scrapyard
01061200,2,Ｆ.Ａ.シティＧＰ,方程式运动员市街大奖赛,F.A. City Grand Prix
01073952,2,マジック・プランター,魔法花盆,Magic Planter
01082946,3,運命の火時計,命运之火钟,Pyro Clock of Destiny
01102515,1,暗黒のミミック ＬＶ３,暗黑之宝箱怪 LV3,Dark Mimic LV3
01118137,2,ガーディアンの力,守护者之力,Power of the Guardians
01122030,2,アルトメギア・ヴァンダリズム－襲撃－,神艺学的破坏-袭击-,Artmage Vandalism - Assault
01127737,2,異次元の古戦場－サルガッソ,异次元的古战场-死域海,Sargasso the D.D. Battlefield
01142880,1,サイバー・ドラゴン・ネクステア,电子龙·次代星,Cyber Dragon Nachster
01149109,2,デッキロック,卡组封锁,Deck Lockdown
01151281,1,サブテラーマリス・グライオース,地中族邪界兽·爱奥荧冰精,Subterror Behemoth Phospheroglacier
01154611,3,バージェストマ・レアンコイリア,伯吉斯异兽·林乔利虫,Paleozoic Leanchoilia
01157683,3,サイバーダーク・インヴェイジョン,电子暗黑侵略,Cyberdark Invasion
01164211,1,千年王朝の盾,千年王朝之盾,Shield of the Millennium Dynasty
01174075,1,竜輝巧－ファフμβ’,龙辉巧-扶筐增二μβ',Drytron Mu Beta Fafnir
01184620,1,魔物の狩人,魔物狩人,Kojikocy
01187243,2,ガスタへの追風,给薰风的追风,Tailwind of Gusto
01197847,2,幻煌龍の螺旋波,幻煌龙的螺旋波,Phantasm Spiral Wave
01200843,2,八汰鏡,八汰镜,Mirror of Yata
01218214,2,方界法,方界法,Cubic Dharma
01224927,3,邪神の大災害,邪神之大灾害,Malevolent Catastrophe
01225009,1,白銀の城の召使い アリアンナ,白银之城的召使 阿里安娜,Arianna the Labrynth Servant
01248895,3,連鎖破壊,连锁破坏,Chain Destruction
01249315,1,聖光の宣告者,圣光之宣告者,Herald of Pure Light
01259814,3,千六百七十七万工房,千六百七十七万工房,RGB Rainbowlution
01264319,2,ジェムナイト・フュージョン,宝石骑士融合,Gem-Knight Fusion
01269512,1,ＦＡ－ホープ・レイ・ランサー,重铠装-希望鳍条枪兵,Full Armored Utopic Ray Lancer
01274455,1,Ｋｏｚｍｏ－シーミウズ,星际仙踪-飞猴队,Kozmo Soartroopers
01278431,1,古代の機械素体,古代的机械素体,Ancient Gear Frame
01281505,1,ヴァイロン・テトラ,大日四面体,Vylon Tetra
01287123,1,マテリアルファルコ,物质猎鹰,Prime Material Falcon
01295111,2,転生炎獣の聖域,转生炎兽的圣域,Salamangreat Sanctuary
01295442,1,氷水艇エーギロカシス,冰水艇 霓石海神盔虾,Icejade Creation Aegirocassis
01315120,1,ＴＧ ストライカー,科技属 突击兵,T.G. Striker
01322368,1,ＳＰＹＲＡＬ－ザ・ダブルヘリックス,秘旋谍-双螺旋特工,SPYRAL Double Helix
01329620,3,壱世壊に澄み渡る残響,壹世坏清澈的残响,Tearlaments Cryme
01340142,1,ヴァルモニカの神奏－ヴァーラル,异响鸣之神奏-星光天魔,"Varar, Vaalmonican Concord"
01344018,3,時空のペンデュラムグラフ,时空之灵摆读阵,Time Pendulumgraph
01347977,1,聖なる守り手,神圣守卫者,Mysterious Guard
01353770,2,神の居城－ヴァルハラ,神之居城-瓦尔哈拉,"Valhalla, Hall of the Fallen"
01357146,1,粋カエル,粹蛙,Ronintoadin
01362589,1,フォトン・クラッシャー,光子粉碎者,Photon Crusher
01371589,1,吸血コアラ,吸血树熊,Vampiric Koala
01372887,2,相乗り,合乘,Shared Ride
01409474,1,陽炎獣 スピンクス,阳炎兽 斯芬克司,Hazy Flame Sphynx
01410324,1,トリックスター・フーディ,淘气仙星·胡蒂,Trickstar Hoody
01412158,1,レアメタル・ナイト,稀有金属骑士,Super Roboyarou
01426714,1,Ｎｏ.４８ シャドー・リッチ,No.48 暗影巫妖,Number 48: Shadow Lich
01434352,1,カオス・ネクロマンサー,混沌死灵师,Chaos Necromancer
01435851,2,ドラゴンの秘宝,龙之秘宝,Dragon Treasure
01474910,1,ハチビー,小蜜蜂,Bee List Soldier
01475311,2,闇の誘惑,暗之诱惑,Allure of Darkness
01482001,1,副話術士クララ＆ルーシカ,副语术士克拉拉与洛希卡,"Clara & Rushka, the Ventriloduo"
01487805,1,宇宙鋏ゼロオル,宇宙铗 泽罗奥尔,Cosmic Slicer Zer'oll
01490690,3,カノプスの守護者,卡诺匹斯的守护者,Canopic Protector
01498130,1,六武衆の影武者,六武众的影武者,Kagemusha of the Six Samurai
01498449,1,星辰砲手ファイメナ,星辰炮手 宝瓶魔,Dracotail Fymena
01508649,1,オルターガイスト・ヘクスティア,幻变骚灵·十六巫赫斯提,Altergeist Hexstia
01516510,1,ルーンアイズ・ペンデュラム・ドラゴン,秘术眼灵摆龙,Rune-Eyes Pendulum Dragon
01525329,1,７つの武器を持つハンター,有7种武器的猎人,The Hunter with 7 Weapons
01527418,1,空牙団の叡智 ウィズ,空牙团的睿智 薇兹,"Wiz, Sage Fur Hire"
01528054,1,影法師トップハットヘア,影法师 大礼帽野兔,Silhouhatte Rabbit
01533292,1,レアル・ジェネクス・マグナ,真次世代锅炉人,R-Genex Magma
01539051,2,スペーシア・ギフト,宇宙人礼物,Space Gift
01546123,1,サイバー・エンド・ドラゴン,电子终结龙,Cyber End Dragon
01557341,1,復讐の女戦士ローズ,复仇的女战士 罗丝,"Rose, Warrior of Revenge"
01557499,2,銀の弓矢,银之弓矢,Silver Bow and Arrow
01561110,1,ＡＢＣ－ドラゴン・バスター,ABC-神龙歼灭者,ABC-Dragon Buster
01566817,1,テイ・キューピット,网球小爱神,Cupid Serve
01571945,1,白い忍者,白衣忍者,White Ninja
01580833,1,ダイナミスト・ステゴサウラー,雾动机龙·剑龙,Dinomist Stegosaur
01586457,1,ディープ・スペース・クルーザー・ナイン,深空巡洋舰九型,Deep-Space Cruiser IX
01596508,1,次元要塞兵器,次元要塞兵器,Dimension Fortress Weapon
01607603,3,想定ＧＵＹＳ,大粗人们料想,Double Dai
01621413,1,ダーク・レクイエム・エクシーズ・ドラゴン,暗镇魂超量龙,Dark Requiem Xyz Dragon
01637760,3,昇天の剛角笛,升天之刚角笛,Grand Horn of Heaven
01639384,1,神竜騎士フェルグラント,神龙骑士 闪耀,Divine Dragon Knight Felgrand
01641882,1,フュージョニスト,融合体,Fusionist
01644289,2,ヴァイロン・セグメント,大日断片,Vylon Segment
01662004,1,炎星師－チョウテン,炎星师-张天,Brotherhood of the Fire Fist - Spirit
01669772,3,魔力浄化,魔力净化,Spell Purification
01683982,3,毒蛇の怨念,毒蛇的怨念,Viper's Grudge
01686814,1,アルティマヤ・ツィオルキン,奥特玛雅·卓尔金,Ultimaya Tzolkin
01688285,1,シトリスの蟲惑魔,西托莉丝之虫惑魔,Traptrix Pinguicula
01689516,2,百獣大行進,百兽大行进,The Big March of Animals
01697104,1,ＰＳＹフレームギア・ε,PSY骨架装备·ε,PSY-Framegear Epsilon
01710476,1,Ｓｉｎ サイバー・エンド・ドラゴン,罪 电子终结龙,Malefic Cyber End Dragon
01712616,3,騎甲虫空殺舞隊,骑甲虫空杀舞队,Beetrooper Fly & Sting
01735088,1,発条補修ゼンマイコン,发条修补 发条微机,Wind-Up Zenmaintenance
01759808,3,幻魔の肖像,幻魔的肖像,Fiendish Portrait
01761063,1,キャッツ・フェアリー,猫妖精,Nekogal #1
01764972,1,デスカイザー・ドラゴン／バスター,死亡帝王龙/爆裂体,Doomkaiser Dragon/Assault Mode
01769875,1,幻獣王キマイラ,幻兽王 奇美拉,Chimera the King of Phantom Beasts
01781310,3,風林火山,风林火山,Fuh-Rin-Ka-Zan
01784619,1,ワイルド・ラプター,荒野盗龙,Uraby
01784686,2,ティマイオスの眼,蒂迈欧之眼,The Eye of Timaeus
01799464,1,トランシケーダ,脱壳蝉,Transcicada
01801154,2,遠心分離フィールド,离心分离力场,Centrifugal Field
01802450,3,木遁封印式,木遁封印式,Sealing Ceremony of Mokuton
01804528,3,呪われた棺,诅咒之棺,Dark Coffin
01825445,3,超量合神－マグナフォーメーション,超级量子合神-炎磁巨阵,Super Quantal Union - Magnaformation
01826676,1,トイナイト,玩具骑士,Toy Knight
01828513,1,六武衆の影－紫炎,六武众之影-紫炎,Shadow of the Six Samurai - Shien
01833916,1,Ｈ・Ｃ サウザンド・ブレード,英豪挑战者 千刀兵,Heroic Challenger - Thousand Blades
01834107,2,エレキュア,电气治疗,Wattcine
01834753,1,マックス・テレポーター,最大瞬移者,Overdrive Teleporter
01845204,2,簡易融合,简易融合,Instant Fusion
01855886,1,スカー・ヴェンデット,噬腐复仇死者,Scar of the Vendread
01855932,1,武神帝－カグツチ,武神帝-迦具土,Bujintei Kagutsuchi
01861629,1,デコード・トーカー,解码语者,Decode Talker
01872843,1,夢魔鏡の白騎士－ルペウス,梦魔镜的白骑士-卢甫斯,"Morpheus, the Dream Mirror White Knight"
01876841,1,Ｄ・スキャナン,变形斗士·扫描打印机,Morphtronic Scannen
01896112,2,次元誘爆,次元诱爆,Dimension Explosion
01906812,1,鉄駆竜スプリンド,铁驱龙 迅妖龙,Sprind the Irondash Dragon
01918087,3,ゴブリンの小役人,哥布林小役人,Minor Goblin Official
01929294,1,キーメイス,心钥妖精,Key Mace
01942635,2,王の報酬,王战的报酬,Generaider Boss Loot
01945387,1,Ｅ・ＨＥＲＯ ノヴァマスター,元素英雄 新星主,Elemental HERO Nova Master
01948619,1,Ｘ・ＨＥＲＯ ワンダー・ドライバー,特异英雄 神杖先驱,Xtra HERO Wonder Driver
01953925,1,古代の機械工兵,古代的机械工兵,Ancient Gear Engineer
01965724,2,怒れるもけもけ,愤怒的悠悠,Mokey Mokey Smackdown
01966438,1,雙極の破械神,双极之破械神,Abominable Unchained Soul
01969506,2,傀儡儀式－パペット・リチューアル,傀儡仪式,Puppet Ritual
01980574,1,ホップ・イヤー飛行隊,跃空垂耳兔飞行队,Hop Ear Squadron
01984618,2,天底の使徒,天底的使徒,Nadir Servant
01992816,1,Ｎｏ.９ 天蓋星ダイソン・スフィア,No.9 天盖星 戴森球,Number 9: Dyson Sphere
01995985,1,サイレント・ソードマン ＬＶ３,沉默剑士 LV3,Silent Swordsman LV3
02006591,3,目醒める罪宝,觉醒的罪宝,Sinful Spoils Awakening
02009101,1,ＢＦ－疾風のゲイル,黑羽-疾风之盖尔,Blackwing - Gale the Whirlwind
02047519,3,隠れ兵,伏兵,Hidden Soldiers
02055403,3,時空の落とし穴,时空的落穴,Time-Space Trap Hole
02061963,1,Ｎｏ.１０４ 仮面魔踏士シャイニング,No.104 假面魔蹈士 闪光,Number 104: Masquerade
02067935,1,剣闘獣ラニスタ,剑斗兽 教斗,Gladiator Beast Lanista
02084239,2,湿地草原,湿地草原,Wetlands
02088870,1,ワーム・ヴィクトリー,维多利异虫,Worm Victory
02089016,1,先史遺産トゥスパ・ロケット,先史遗产 图什帕火箭,Chronomaly Tuspa Rocket
02091298,1,セイクリッド・ビーハイブ,星圣·鬼星团,Constellar Praesepe
02095764,1,水竜星－ビシキ,水龙星-赑屃,"Bixi, Water of the Yang Zing"
02099841,2,スマイル・ワールド,笑容世界,Smile World
02102065,1,ブライニグル,死亡冰柱水马,Brinegir
02106266,2,走破するガイア,走破的盖亚,Galloping Gaia
02111707,1,ＸＹ－ドラゴン・キャノン,XY-神龙炮,XY-Dragon Cannon
02116237,3,世壊輪廻,世坏轮回,Loka Samsara
02118022,1,ひょうすべ,兵主部,Hyosube
02122975,3,トラップ・キャプチャー,陷阱捕获,Trap Reclamation
02129638,1,青眼の双爆裂龍,青眼双爆裂龙,Blue-Eyes Twin Burst Dragon
02130625,3,白衣の天使,白衣天使,Numinous Healer
02133971,1,ユニオン・コントローラー,同盟操纵器,Union Controller
02134346,1,阿修羅,阿修罗,Asura Priest
02137678,1,機皇兵グランエル・アイン,机皇兵 神陆一型,Meklord Army of Granel
02139640,1,あまびえさん,阿玛比埃姑娘,Amabie
02144946,2,Ｆ.Ａ.オフロードＧＰ,方程式运动员越野大奖赛,F.A. Off-Road Grand Prix
02148918,3,機甲忍法ラスト・ミスト,机甲忍法 锈蚀水雾,Armor Ninjitsu Art of Rust Mist
02158562,1,サイバー・プリマ,电子化女主角,Cyber Prima
02191144,1,ナイト・バタフライ・アサシン,夜蝶刺客,Night Papilloperative
02196767,1,伝説の賭博師,传说的赌博师,Gambler of Legend
02203790,1,ＸＸ－セイバー ヒュンレイ,XX-剑士 迅雷,XX-Saber Hyunlei
02204038,1,ワルキューレ・ヴリュンヒルデ,女武神·布伦希尔德,Valkyrie Brunhilde
02204140,2,生者の書－禁断の呪術－,生者之书-禁断的咒术-,Book of Life
02220237,1,セキュア・ガードナー,安全守卫者,Secure Gardna
02250266,1,Ｄ・ステープラン,变形斗士·订书机,Morphtronic Staplen
02254222,1,ＳＲウィング・シンクロン,疾行机人 辉翼同调士,Speedroid Wing Synchron
02263869,2,月女神の鏃,月女神之镞,Ultimate Slayer
02266498,3,ヴェンデット・リユニオン,复仇死者的续魂再结,Vendread Reunion
02273734,1,星因士 アルタイル,星因士 河鼓二,Satellarknight Altair
02287848,3,ヴェンデット・リバース,复仇死者的移魂再诞,Vendread Revolution
02295440,2,ワン・フォー・ワン,一对一,One for One
02295831,2,ピースの輪,拼图之圈,Symbol of Friendship
02311090,1,スプライト・キャロット,卫星闪灵·萝卜精灵,Spright Carrot
02311603,1,ガトリングバギー,机关炮装甲车,Overdrive
02314238,2,黒・魔・導,黑·魔·导,Dark Magic Attack
02316186,1,魔法の国の王女－クラン,魔法之国的王女-库兰,Princess Curran
02322421,1,ロード・ウォリアー,王道战士,Road Warrior
02326738,1,デス・ラクーダ,死亡骆驼,Des Lacooda
02333365,1,極星將テュール,极星将 提尔,Tyr of the Nordic Champions
02333466,1,破壊竜ガンドラＧ,破坏龙 甘多拉·禁忌,Gandora-G the Dragon of Destruction
02339825,3,ＴＧ－クローズ,科技属-封锁,T.G. Close
02344618,2,月光舞踏会,月光舞蹈会,Lunalight Masquerade
02347477,1,マイクロ・コーダー,微码编码员,Micro Coder
02347656,1,白銀の城のラビュリンス,白银之城的拉比林斯,Lovely Labrynth of the Silver Castle
02356994,1,偉大天狗,伟大天狗,Great Long Nose
02359348,3,ペンデュラム・エリア,灵摆区,Pendulum Area
02362787,2,救援光,救援光,Light of Redemption
02364438,2,魔妖廻天,魔妖回天,Mayakashi Return
02368215,1,魔界劇団－ハイパー・ディレクター,魔界剧团-高超导演,Abyss Actor - Hyper Director
02370081,2,はがねの甲羅,钢甲壳,Steel Shell
02371506,3,エクシーズ・リフレクト,超量反射,Xyz Reflect
02376209,3,バージェストマ・エルドニア,伯吉斯异兽·伊尔东钵,Paleozoic Eldonia
02377034,1,ネオフレムベル・ヘッジホッグ,新炎狱刺猬,Neo Flamvell Hedgehog
02390019,2,おジャマ改造,扰乱魔改造,Ojamassimilation
02396042,1,ディノンの鋼鉄騎兵,迪隆的钢铁骑兵,Steel Cavalry of Dinon
02403771,1,パワー・ツール・ドラゴン,动力工具龙,Power Tool Dragon
02405631,1,ゴーティスの死棘グオグリム,魊影的死棘 古奥格利姆,"Guoglim, Spear of the Ghoti"
02407147,1,ラヴァル炎火山の侍女,熔岩炎火山的侍女,Laval Volcano Handmaiden
02407234,1,Ｎｏ.６９ 紋章神コート・オブ・アームズ,No.69 纹章神 盾徽,Number 69: Heraldry Crest
02411269,1,竜絶蘭,龙绝兰,Agave Dragon
02414168,1,インタラプト・レジスタンス,中断反抗军,Interrupt Resistor
02420921,1,ライトロード・スピリット シャイア,光道圣灵 夏尔,"Shire, Lightsworn Spirit"
02434862,3,方界降世,方界降世,Cubic Ascension
02460565,1,切り込み隊長,冲锋陷阵的队长,Marauding Captain
02461031,1,甲虫装機 グルフ,甲虫装机 瓢虫,Inzektor Ladybug
02463794,1,刻まれし魔の鎮魂棺,刻魔的镇魂棺,Fiendsmith's Requiem
02468169,1,封印師 メイセイ,封印师 明晴,Sealmaster Meisei
02483611,1,水の踊り子,水之舞女,Water Omotics
02501624,1,魔術師の弟子－ブラック・マジシャン・ガール,魔术师的徒弟-黑魔术少女,Dark Magician Girl the Magician's Apprentice
02504891,1,スカルビショップ,骷髅祭司,Skull Knight
02511717,1,真六武衆－カゲキ,真六武众-阴鬼,Legendary Six Samurai - Kageki
02519690,1,天翔の竜騎士ガイア,天翔之龙骑士 盖亚,Sky Galloping Gaia the Dragon Champion
02521011,1,威炎星－ヒエンシャク,威炎星-飞燕灼,Brotherhood of the Fire Fist - Swallow
02525268,1,魔導騎士 ディフェンダー,魔导骑士 防御者,"Defender, the Magical Knight"
02526224,1,炎王神獣 キリン,炎王神兽 麒麟,Fire King High Avatar Kirin
02530830,1,銀河眼の光波刃竜,银河眼光波刃龙,Galaxy-Eyes Cipher Blade Dragon
02542230,3,スカーレッド・コクーン,真红莲之茧,Red Cocoon
02547033,3,オルターガイスト・ホーンデッドロック,幻变骚灵的闹鬼死锁,Altergeist Haunted Rock
02561846,2,侵食細胞「Ａ」,侵食细胞「A」,"Corruption Cell ""A"""
02563463,1,流離のグリフォンライダー,流离的狮鹫骑手,Wandering Gryphon Rider
02572890,3,マジェスペクター・テンペスト,威风妖怪大暴风,Majespecter Tempest
02584136,1,シャクトパス,章鲛,Shocktopus
02602411,1,破壊剣－ウィザードバスターブレード,破坏剑-魔法破坏之剑,Wizard Buster Destruction Sword
02609443,1,先史遺産ヴィマナ,先史遗产 维摩那,Chronomaly Vimana
02618045,1,フォトン・チャージマン,光子充能人,Photon Chargeman
02619149,1,剣闘獣サムニテ,剑斗兽 盾斗,Gladiator Beast Samnite
02625939,2,スプール・コード,假脱机代码,Spool Code
02645637,1,零氷の魔妖－雪女,零冰之魔妖-雪女,"Yuki-Onna, the Absolute Zero Mayakashi"
02648201,1,ＺＷ－極星神馬聖鎧,异热同心武器-极星神马圣铠,ZW - Sleipnir Mail
02656842,1,騎甲虫スカウト・バギー,骑甲虫 侦察虫车兵,Beetrooper Scout Buggy
02665273,1,永の王 オルムガンド,永界王战 欧姆刚德王,"Jormungandr, Generaider Boss of Eternity"
02671330,1,ハイパーハンマーヘッド,超级槌首龙,Hyper Hammerhead
02674965,2,ＡＲＧ☆Ｓ－ＨｏｍｅＳｔａｄｉｕｍ,阿尔戈☆群星-主阵竞技场,Argostars - Home Stadium
02694423,1,メデューサ・ワーム,美杜莎蠕虫,Medusa Worm
02729285,1,ファーニマル・キャット,毛绒动物·猫,Fluffal Cat
02732323,1,デコイドラゴン,诱饵龙,Decoy Dragon
02743001,1,水晶機巧－フェニキシオン,水晶机巧-量子红雀白晶,Crystron Phoenix
02752099,1,薔薇占術師,蔷薇占术师,Rose Shaman
02759860,2,グレイドル・インパクト,灰篮撞击,Graydle Impact
02766877,1,ダイガスタ・フェニクス,大薰风凤凰,Daigusto Phoenix
02772236,1,エレキマイラ,电气奇美拉,Wattchimera
02772337,1,賜炎の咎姫,赐炎之咎姬,"Promethean Princess, Bestower of Flames"
02779999,3,棘の壁,棘之壁,Wall of Thorns
02783661,2,青き眼の威光,青色眼睛的威光,Majesty with Eyes of Blue
02792265,1,異形の従者,异形的从者,Servant of Catabolism
02801664,1,戦華の雄－張徳,战华之雄-张德,Ancient Warriors - Valiant Zhang De
02810642,1,ＰＳＹフレームギア・β,PSY骨架装备·β,PSY-Framegear Beta
02815176,1,ヴァルモニカの神異－ゼブフェーラ,异响鸣之神异-风暴恶魔,"Zebufera, Vaalmonican Hallow Heathen"
02830619,1,フレイム・ヴァイパー,火焰毒蛇,Flame Viper
02830693,1,虹クリボー,彩虹栗子球,Rainbow Kuriboh
02833249,3,竜の血族,龙之血族,D. Tribe
02834264,1,騎甲虫アームド・ホーン,骑甲虫 武装犄角兵,Beetrooper Armor Horn
02843014,1,素早いマンボウ,迅捷翻车鱼,Nimble Sunfish
02851070,1,魔鏡導士リフレクト・バウンダー,魔镜导士 限界反射者,Reflect Bounder
02857636,1,トロイメア・フェニックス,梦幻崩影·凤凰,Knightmare Phoenix
02863439,1,ミラージュ,幻象鸟,Fiend Reflection #2
02881864,1,炎の王 ナグルファー,炎界王战 纳吉尔法王,"Naglfar, Generaider Boss of Fire"
02896663,1,ＺＷ－弩級兵装竜王戟,异热同心武器-重型兵装龙王戟,ZW - Dragonic Halberd
02903036,2,生け贄人形,牲祭人偶,Tribute Doll
02906250,1,グラップラー,捕猎蛇,Grappler
02924048,3,借カラクリ整備蔵,借机巧整备藏,Karakuri Cash Shed
02926176,3,王家の呪い,王家的诅咒,Curse of Royal
02930675,2,星遺物へ至る鍵,通往星遗物的钥匙,World Legacy Key
02948263,1,ゴゴゴゴーレム－ＧＦ,隆隆隆石人-黄金形态,Gogogo Golem - Golden Form
02956282,1,ナチュル・パルキオン,自然木鳞龙,Naturia Barkion
02957055,1,魔頭を持つ邪竜,魔头邪龙,Wicked Dragon with the Ersatz Head
02964201,1,ドラゴン・エッガー,蛋龙,Ryu-Ran
02971090,1,戦いの神 オリオン,战神 奥利安,Orion the Battle King
02971446,3,キャッチ・コピー,广告标语,Sales Pitch
02978414,1,Ｎｏ.４６ 神影龍ドラッグルーオン,No.46 神影龙 胶子龙,Number 46: Dragluon
02980764,1,聖なるあかり,神圣之灯,Consecrated Light
02986553,1,夜薔薇の騎士,夜蔷薇之骑士,Twilight Rose Knight
02992036,3,根絶の機皇神,根绝机皇神,Meklord Astro the Eradicator
02992467,1,クリック＆エコー,小滴答与小回声,Click & Echo
02994495,3,風魔の波動,风魔的波动,Fuhma Wave
03019642,1,サイバー・ダーク・キール,电子暗黑龙骨,Cyberdark Keel
03026686,1,ワルキューレ・ドリット,女武神三女,Valkyrie Dritte
03027001,3,偽物のわな,伪陷阱,Fake Trap
03030892,1,スレイブ・エイプ,奴隶猿,Test Ape
03040496,1,混沌魔龍 カオス・ルーラー,混沌魔龙 混沌支配者,"Chaos Ruler, the Chaotic Magical Dragon"
03048768,1,天使の聲,天使之声,Angello Vaalmonica
03055018,2,灰滅の都 オブシディム,灰灭之都 奥布西地暮,"Obsidim, the Ashened City"
03055837,3,黒板消しの罠,黑板擦的陷阱,Trap of Board Eraser
03056267,1,王座の侵略者,王座侵略者,Invader of the Throne
03064425,1,超重武者装留ビッグバン,超重武者装留 爆炎,Superheavy Samurai Soulbang Cannon
03070049,1,スノー・ドラゴン,雪龙,Snow Dragon
03072077,1,リターン・ゾンビ,回归僵尸,Return Zombie
03072808,1,ＢＦ－天狗風のヒレン,黑羽-天狗风之飞廉,Blackwing - Hillen the Tengu-wind
03078380,1,合体竜ティマイオス,合体龙 蒂迈欧,Timaeus the United Dragon
03078576,1,八汰烏,八汰乌,Yata-Garasu
03084730,1,昆虫機甲鎧,昆虫机甲铠,Bio-Insect Armor
03096468,1,タツネクロ,尸龙子,Tatsunecro
03103067,3,攻撃誘導アーマー,攻击诱导铠甲,Attack Guidance Armor
03105404,3,ブリリアント・スパーク,明亮火花,Brilliant Spark
03111207,1,彩宝龍,彩宝龙,Lappis Dragon
03113667,2,鋼鉄の襲撃者,钢铁袭击者,Heavy Metal Raiders
03113836,1,ジェムナイト・セラフィ,宝石骑士·斜绿,Gem-Knight Seraphinite
03117804,1,超重武者ビッグベン－Ｋ,超重武者 大弁庆-K,Superheavy Samurai Big Benkei
03121655,1,ジャンク・ドラゴンセント,废品插座龙,Junk Dragonlet
03129133,2,誘いのΔ,引诱之Δ,Delta of Invitation
03129635,3,カース・オブ・スタチュー,诅咒之像,Tiki Curse
03134241,1,フライングマンティス,飞螳螂,Flying Kamakiri #2
03134857,1,オルフェゴール・オーケストリオン,自奏圣乐·管弦乐琴机械乐团,Orcustrion
03136426,2,レベル制限Ｂ地区,等级限制B地区,Level Limit - Area B
03137279,1,ゴーティスの兆イグジープ,魊影之兆 伊克西普,"Ixeep, Omen of the Ghoti"
03146695,3,サイコ・リアクター,念力反应器,Psychic Reactor
03149401,1,誇りと魂の究極竜,骄傲与灵魂之究极龙,Ultimate Dragon of Pride and Soul
03149764,3,ツタン仮面,图坦假面,Tutan Mask
03160805,3,明と宵の逆転,明与宵的逆转,Exchange of Night and Day
03167439,3,暗黒界の懲罰,暗黑界的惩罚,Dark World Punishment
03167573,1,パペット・キング,人偶国王,Puppet King
03170832,1,タクヒ,橐蜚,Takuhee
03171055,3,連鎖解呪,连锁解咒,Chain Dispel
03204467,1,ワーム・ソリッド,索利德异虫,Worm Solid
03211439,3,禁断の異本,禁断的异本,Forbidden Apocrypha
03233859,1,サイコウィールダー,念力控轮人,Psychic Wheeleder
03244563,3,シールドスピア,盾矛,Shield Spear
03248469,1,ワナビー！,陷溺追蜂族！,Wannabee!
03259760,2,呪縛衆,咒缚众,Spellbound
03280747,3,第六感,第六感,Sixth Sense
03283679,1,エヴォルド・ラゴスクス,进化虫·兔鳄,Evoltile Lagosucho
03285551,2,アラメシアの儀,阿拉弥赛亚之仪,Rite of Aramesir
03289027,1,暗黒界の隠者 パアル,暗黑界的隐者 珀尔,"Parl, Hermit of Dark World"
03292267,1,聖刻天龍－エネアード,圣刻天龙-九神龙,Hieratic Sky Dragon Overlord of Heliopolis
03298689,2,ＲＵＭ－幻影騎士団ラウンチ,升阶魔法-幻影骑士团的出击,The Phantom Knights' Rank-Up-Magic Launch
03300267,1,聖刻龍－シユウドラゴン,圣刻龙-舒龙,Hieratic Dragon of Su
03322931,1,星風狼ウォルフライエ,星风狼 沃尔夫拉叶狼,Stellar Wind Wolfrayet
03355732,1,氷水帝コスモクロア,冰水帝 钠铬辉石精,Icejade Kosmochlor
03356494,1,銀河眼の煌星竜,银河眼煌星龙,Galaxy-Eyes Solflare Dragon
03361010,1,愉怪な燐のきつねびゆらら,愉怪之磷的狐火摇,Kitsuni Kitsunebi
03366982,1,ドラゴンに乗るワイバーン,乘龙的翼龙战士,Alligator's Sword Dragon
03370104,1,サイバー・フェニックス,电子凤凰,Cyber Phoenix
03376703,1,アルカナフォースＶ－ＴＨＥ ＨＩＥＲＯＰＨＡＮＴ,秘仪之力5-法皇,Arcana Force V - The Hierophant
03381441,1,墓守の巫女,守墓的巫女,Gravekeeper's Priestess
03395226,1,幻奏の音姫プロディジー・モーツァルト,幻奏的音姬 天才之莫扎特,Mozarta the Melodious Maestra
03405259,1,Ｃ－クラッシュ・ワイバーン,C-粉碎翼龙,C-Crush Wyvern
03410461,1,深淵竜アルバ・レナトゥス,深渊龙 白界转生龙,Alba-Lenatus the Abyss Dragon
03422200,1,水晶機巧－サルファフナー,水晶机巧-柠晶龙,Crystron Sulfefnir
03428069,1,破壊剣の使い手－バスター・ブレイダー,使破坏剑的高手-破坏之剑士,"Buster Blader, the Destruction Swordmaster"
03429238,1,ドリル・ウォリアー,钻头战士,Drill Warrior
03431737,1,バスター・ビースト,爆裂兽,Assault Beast
03461403,2,不死武士の悼み,不死武士的哀悼,The Immortal Bushi Mourns the Mortal Body
03486020,1,麗の魔妖－妖狐,丽之魔妖-妖狐,"Yoko, the Graceful Mayakashi"
03492538,2,火器付機甲鎧,附火器的机甲铠,Insect Armor with Laser Cannon
03493058,2,サイコロン,骰子旋风,Dicephoon
03493978,1,首領亀,首领龟,Don Turtle
03496543,2,白き森の罪宝,白森林的罪宝,Sinful Spoils of the White Forest
03507053,1,乾燥機塊ドライドレイク,干燥机块 烘干龙兽,Appliancer Dryer Drake
03510565,1,ステルスバード,隐形鸟,Stealth Bird
03519195,2,イービル・アサルト,邪心强袭,Evil Assault
03534077,1,熱血獣士ウルフバーク,热血兽士 狼吠,Coach Soldier Wolfbark
03536537,1,ヴェルズ・ザッハーク,入魔妖龙 扎哈克,Evilswarm Zahak
03544583,1,無の畢竟 オールヴェイン,无之毕竟,Allvain the Essence of Vanity
03549275,1,ダイス・ポット,骰子壶,Dice Jar
03557275,1,ホワイト・ダストン,白尘妖,White Duston
03560069,1,レイテンシ,延迟天使,Latency
03567660,2,リンク・バック,连接后退,Link Back
03573512,1,ランドスターの剣士,地星剑士,Swordsman of Landstar
03574681,2,金科玉条,金科玉条,Golden Rule
03576031,2,クリスタルＰ,水晶阵·潜能,Crystolic Potential
03580032,1,伝説の預言者マーリン,传说的预言者 梅林,Merlin
03594985,1,マジェスペクター・ドラコ,威风妖怪·龙,Majespecter Draco - Ryu
03598351,1,Ｅ－ＨＥＲＯ トキシック・バブル,邪心英雄 毒泡魔,Evil HERO Toxic Bubble
03603242,1,シュレツダー,碎纸机器人,Shreddder
03606209,1,魂を狩る者,狩魂者,One Who Hunts Souls
03606728,1,ガガガガール,我我我少女,Gagaga Girl
03611830,1,創聖魔導王 エンディミオン,创圣魔导王 恩底弥翁,"Endymion, the Mighty Master of Magic"
03627449,1,ローガーディアン,法理守护者,Skull Guardian
03629090,1,サイバー・エンジェル－韋駄天－,电子化天使-韦驮天-,Cyber Angel Idaten
03642509,1,Ｅ・ＨＥＲＯ Ｇｒｅａｔ ＴＯＲＮＡＤＯ,元素英雄 大龙卷侠,Elemental HERO Great Tornado
03643300,1,伝説のフィッシャーマン,传说的渔人,The Legendary Fisherman
03648368,1,Ａ・Ｏ・Ｊ リサーチャー,正义盟军 调查员,Ally of Justice Searcher
03657444,1,サイバー・ヴァリー,电子多变龙,Cyber Valley
03659803,2,オーバーロード・フュージョン,超载融合,Overload Fusion
03679218,1,トロイメア・マーメイド,梦幻崩影·人鱼,Knightmare Mermaid
03682106,2,ダブルトラップ,二重陷阱,Double Snare
03685372,1,ＣＸ ギミック・パペット－ファナティクス・マキナ,混沌超量 机关傀儡-机械降临的粉丝狂热,CXyz Gimmick Puppet Fanatix Machinix
03693034,3,借カラクリ旅籠蔵,借机巧旅笼藏,Karakuri Cash Inn
03701074,3,ダーク・キュア,暗黑治疗,Dark Cure
03715284,1,機皇兵廠オブリガード,机皇兵厂 助奏,Meklord Army Deployer Obbligato
03717252,1,シャドール・ビースト,影依兽,Shaddoll Beast
03723262,1,ウィザード＠イグニスター,男巫@火灵天星,Wizard @Ignister
03732747,1,ウォーター・エレメント,水元素,Water Element
03734202,3,ナチュルの神星樹,自然的神星树,Naturia Sacred Tree
03743515,1,怒髪天衝セイバーザウルス,怒发天冲 剑角龙,Steamed Sabersaurus
03752422,1,ＥＭレ・ベルマン,娱乐伙伴 调级钟行李员,Performapal Lebellman
03758046,1,ＤＤＤ怒濤王シーザー,DDD 怒涛王 凯撒,D/D/D Wave King Caesar
03773196,1,異次元の偵察機,异次元的侦察机,D.D. Scout Plane
03775068,1,方界超帝インディオラ・デス・ボルト,方界超帝 死雷之印陀罗,Indiora Doom Volt the Cubic Emperor
03779493,1,ナイトエンド・アドミニストレーター,夜尽管理者,Night's End Administrator
03779662,1,剣闘獣アンダバタエ,剑斗兽 盲斗,Gladiator Beast Andabata
03784434,1,突撃ライノス,突击犀牛,Rampaging Rhynos
03790062,1,Ｎｏ.６５ 裁断魔人ジャッジ・バスター,No.65 裁断魔人,Number 65: Djinn Buster
03792766,1,トリックスター・デビルフィニウム,淘气仙星·戴薇尔菲妮姆,Trickstar Delfiendium
03797883,1,スロットマシーンＡＭ－７,角子老虎机AM-7,Slot Machine
03806388,1,混沌核,混沌核,Core of Chaos
03810071,1,モンク・ファイター,武僧战士,Monk Fighter
03814632,1,超巨大空中宮殿ガンガリディア,超巨大空中宫殿 钟声协和号,Skypalace Gangaridai
03819470,3,盗賊の七つ道具,盗贼的七道具,Seven Tools of the Bandit
03825890,1,墓守の大神官,守墓的大神官,Gravekeeper's Visionary
03828844,1,六花聖ストレナエ,六花圣 力量女神花圈,Rikka Queen Strenna
03841833,1,ファーニマル・ベア,毛绒动物·熊,Fluffal Bear
03846170,1,カラクリ兵 弐参六,机巧兵 二三六,"Karakuri Soldier mdl 236 ""Nisamu"""
03859859,1,ＥＭスカイ・マジシャン・ガール,娱乐伙伴 天空魔术少女,Performapal Sky Magician Girl
03868277,3,ＴＧＸ３－ＤＸ２,TGX3-DX2,TGX3-DX2
03875465,2,家電機塊世界エレクトリリカル・ワールド,家电机块世界,Appliancer Electrilyrical World
03891471,3,サイコ・チューン,念力调整,Psychic Tuning
03897065,1,スーパービークロイド－ステルス・ユニオン,超级交通机人-隐形合体,Super Vehicroid - Stealth Union
03900605,1,アブソーブポッド,吸收壶,Absorbing Jar
03909436,1,ヴェンデット・バスタード,复仇死者·混骸鬼,Vendread Battlelord
03912064,1,Ｔｈｅ ｔｒｉｐｐｉｎｇ ＭＥＲＣＵＲＹ,轻盈水星,The Tripper Mercury
03918345,1,マジック・スライム,魔法史莱姆,Magical Reflect Slime
03954901,1,フェルグラントドラゴン,闪耀巨龙,Felgrand Dragon
03966653,1,花札衛－猪鹿蝶－,花札卫-猪鹿蝶-,Flower Cardian Boardefly
03972721,2,グリード・グラード,强欲之喜,Greed Grado
03985011,1,ホーリー・パワー,神圣能量,Lucky Trinket
03987233,1,ミセス・レディエント,金毛妇,Missus Radiant
03989465,1,ラヴァルバル・イグニス,熔岩谷炎人,Lavalval Ignis
04008212,3,ブレイク・ザ・デステニー,打破命运,Break the Destiny
04017398,2,ゼアル・エントラスト,异热同心信托,Zexal Entrust
04019153,1,Ｎｏ.４ ゲート・オブ・ヌメロン－チャトゥヴァーリ,No.4 源数之门-肆,Number 4: Numeron Gate Catvari
04022819,1,聖刻龍－アセトドラゴン,圣刻龙-艾西龙,Hieratic Dragon of Eset
04031928,2,心変わり,心变,Change of Heart
04035199,1,シェイプ・スナッチ,形体抓取者,Shapesnatch
04041838,1,忍者マスター ＳＡＳＵＫＥ,忍者头领 佐助,Ninja Grandmaster Sasuke
04042268,1,島亀,岛龟,Island Turtle
04055337,1,オルフェゴール・トロイメア,自奏圣乐·梦幻崩影,Orcust Knightmare
04058065,1,ヴェルズ・サラマンドラ,入魔炎精兽,Evilswarm Salamandra
04059313,2,ゴッド・ブレイズ・キャノン,神威烈焰加农炮,Blaze Cannon
04064256,2,アンデットワールド,不死世界,Zombie World
04064925,2,古代の進軍,古代的进军,Ancient Gear Advance
04068622,1,ＢＦ－極光のアウロラ,黑羽-极光之奥罗拉,Blackwing - Aurora the Northern Lights
04072687,2,受け入れがたい結果,难以接受的结果,Unacceptable Result
04081094,2,第二の棺,第二之棺,The Second Sarcophagus
04081665,1,Ｅｍスティルツ・シューター,娱乐法师 高跷射手,Performage Stilts Launcher
04081825,3,カオス・インフィニティ,混沌无限,Chaos Infinity
04103668,1,翼の魔妖－天狗,翼之魔妖-天狗,"Tengu, the Winged Mayakashi"
04130270,1,Ｇ・Ｂ・ハンター,G·B·猎人,G.B. Hunter
04141820,1,儀式魔人プレコグスター,仪式魔人 预知者,Djinn Prognosticator of Rituals
04145852,1,十二獣ラム,十二兽 羊冲,Zoodiac Ramram
04145915,1,ギミック・パペット－キラーナイト,机关傀儡-杀人骑士,Gimmick Puppet Fiendish Knight
04148264,1,Ｇ戦隊 シャインブラック,G战队 黑亮,"Shiny Black ""C"" Squadder"
04149689,3,天狗のうちわ,天狗的羽扇,Goblin Fan
04160316,2,騎士の絆,骑士的牵绊,Centur-Ion Bonds
04162088,1,サイバー・レーザー・ドラゴン,电子镭射龙,Cyber Laser Dragon
04167084,1,黎明の堕天使ルシフェル,黎明之堕天使 路西法,The First Darklord
04168871,2,黒羽の宝札,黑羽之宝札,Cards for Black Feathers
04178474,3,サンダー・ブレイク,雷破,Raigeki Break
04179255,1,妖精竜 エンシェント,妖精龙 古代妖,Ancient Pixie Dragon
04179849,1,紅葉の女王,红叶之女王,Queen of Autumn Leaves
04192696,1,森の聖霊 エーコ,森之圣灵 厄科,"Eco, Mystical Spirit of the Forest"
04206964,3,落とし穴,落穴,Trap Hole
04215180,1,ロリポー☆ヤミー,棒棒糖猫☆味美喵,Lollipo☆Yummy
04215636,2,霞の谷の祭壇,霞之谷的祭坛,Shrine of Mist Valley
04227096,2,捕違い,误捕,Mistaken Arrest
04230620,2,サイキックブレイク,念动力休整,Psi-Station
04239451,1,ＥＭヒックリカエル,娱乐伙伴 颠倒蛙,Performapal Turn Toad
04252828,1,シー・アーチャー,海洋弓手,Mermaid Archer
04253484,1,剣闘獣ホプロムス,剑斗兽 重斗,Gladiator Beast Hoplomus
04259068,2,魔力倹約術,魔力俭约术,Spell Economics
04266839,1,精神寄生体,精神寄生体,Kiseitai
04271596,1,灰滅せし都の王,灰灭都之王,King of the Ashened City
04280258,1,召命の神弓－アポロウーサ,召命之神弓-阿波罗萨,"Apollousa, Bow of the Goddess"
04290468,1,スプレンディッド・ローズ,华丽蔷薇,Splendid Rose
04333086,3,不知火流 燕の太刀,不知火流 燕之太刀,Shiranui Style Swallow's Slash
04334811,1,スクラップ・リサイクラー,废铁回收员,Scrap Recycler
04335427,1,創星神 ｓｏｐｈｉａ,创星神 索菲娅,"Sophia, Goddess of Rebirth"
04335645,1,ニュードリュア,阴间领路人,Newdoria
04341721,2,Ｔｒｉｃｋ ｏｒ Ｔｒｅａｔ！,不给糖就捣蛋！,Hallo-Ween!
04357063,2,先史遺産都市バビロン,先史遗产都市 巴比伦,Chronomaly City Babylon
04367330,1,十二獣ラビーナ,十二兽 兔铳,Zoodiac Bunnyblast
04376658,1,憑依装着－ヒータ,凭依装着-希塔,Familiar-Possessed - Hiita
04388680,1,リヴェンデット・スレイヤー,归魂复仇死者·屠魔侠,Revendread Slayer
04392470,1,レオ・ウィザード,狮子男巫,Leo Wizard
04398189,2,白き森の魔女,白森林的魔女,Witch of the White Forest
04404099,1,海底に潜む深海竜,潜伏海底的深海龙,The Dragon Dwelling in the Deep
04408198,2,エクソシスター・アーメント,救祓少女阿门武装,Exosister Arment
04417407,1,幻獣機ブラックファルコン,幻兽机 黑猎鹰,Mecha Phantom Beast Blackfalcon
04423206,1,Ｍ.Ｘ－セイバー インヴォーカー,失X-剑士 招来者,M-X-Saber Invoker
04433488,3,サイバネット・カスケード,电脑网级联,Cynet Cascade
04440873,3,強烈なはたき落とし,强烈的打落,Drastic Drop Off
04446672,2,古代の機械爆弾,古代的机械爆弹,Ancient Gear Explosive
04450854,3,隠されし機殻,隐藏的机壳,Qlimate Change
04466015,3,ヴェノム・スプラッシュ,蛇毒飞溅,Venom Burn
04472318,1,岩竜ベアロック,岩龙 裸岩甲龙,Bayerock Dragon
04474060,1,ＳＰＹＲＡＬ ＧＥＡＲ－ドローン,秘旋谍装备-无人机,SPYRAL GEAR - Drone
04478086,1,クロック・スパルトイ,时钟地生人,Clock Spartoi
04483598,1,フルアクティブ・デュプレックス,全主动双工霸王龙,Full Active Duplex
04483989,3,反撃準備,反击准备,Prepare to Strike Back
04538826,1,終焉龍 カオス・エンペラー,终焉龙 混沌帝,"Chaos Emperor, the Dragon of Armageddon"
04542651,2,カオス・シールド,混沌护盾,Yellow Luster Shield
04545683,1,機皇帝グランエル∞,机皇帝 神陆∞,Meklord Emperor Granel
04545854,2,エクシーズ・テリトリー,超量领域,Xyz Territory
04549095,1,ＢＫ カウンターブロー,燃烧拳击手 反击拳手,Battlin' Boxer Counterpunch
04550066,1,リビルディア,重建鹿,Rebuildeer
04575541,2,超竜災禍,超龙灾祸,Here There Be Dragons
04582942,3,律導のヴァルモニカ,律导之异响鸣,Vaalmonica Followed Rhythm
04587638,3,吠え猛る大地,狂吠的大地,Roaring Earth
04591250,1,アマゾネス女帝,亚马逊女帝,Amazoness Empress
04599182,2,舞い戻った死神,归来的死神,This Creepy Little Punk
04606229,2,最後の希望,最后的希望,Numbers Last Hope
04611269,1,ライオ・アリゲーター,狮头短吻鳄,Lion Alligator
04614116,2,闇・エネルギー,暗能量,Dark Energy
04628897,1,超電導戦機インペリオン・マグナム,超电导战机 皇神磁炮王,Imperion Magnum the Superconductive Battlebot
04632019,1,ヤマタコオロチ,八蛸大蛇,Yamatako Orochi
04638410,3,暴君の威圧,暴君的威压,Tyrant's Temper
04647954,1,ＺＳ－昇華賢者,异热同心从者-升华贤者,ZS - Ascended Sage
04682617,3,魔界劇団のカーテンコール,魔界剧团的谢幕,Abyss Actors' Curtain Call
04688231,1,メタルフォーゼ・ミスリエル,炼装勇士·秘银天使,Metalfoes Mithrilium
04694209,1,カードガード,卡片守卫,Card Guard
04709881,1,星杯剣士アウラム,星杯剑士 奥拉姆,Auram the World Chalice Blademaster
04722253,1,ライトレイ ギア・フリード,光芒使者 基亚·弗里德,Lightray Gearfried
04729591,1,計量機塊カッパスケール,计量机块 电子秤河童,Appliancer Kappa Scale
04731783,1,光なき影 ア＝バオ・ア・クゥー,无光之影 阿-宝·阿·库,"A Bao A Qu, the Lightless Shadow"
04732017,1,灼熱ゾンビ,灼热僵尸,Molten Zombie
04740489,2,マグネット・フィールド,超电磁场,Magnetic Field
04754691,1,水陸両用バグロス Ｍｋ－１１,水陆两用战斗艇 Mk-11,Amphibious Bugroth MK-11
04756629,1,ヴェルズ・ケルキオン,入魔双蛇杖使,Evilswarm Kerykeion
04779091,1,ユベル－Ｄａｓ Ａｂｓｃｈｅｕｌｉｃｈ Ｒｉｔｔｅｒ,于贝尔-被憎恶的骑士,Yubel - Terror Incarnate
04779823,1,ライトロード・アーク ミカエル,光道主·大天使 米迦勒,"Michael, the Arch-Lightsworn"
04786063,1,超重武者装留ファイヤー・アーマー,超重武者装留 火焰铠,Superheavy Samurai Soulfire Suit
04796100,1,有翼幻獣キマイラ,有翼幻兽 奇美拉,Chimera the Flying Mythical Beast
04807253,1,Ｅｍフレイム・イーター,娱乐法师 火焰吞噬者,Performage Flame Eater
04810585,3,戦華史略－長坂之雄,战华史略-长坂之雄,Ancient Warriors Saga - Defense of Changban
04810828,1,古聖戴サウラヴィス,古圣戴 始龙,"Sauravis, the Ancient and Ascended"
04820694,2,セイクリッド・テンペスト,星圣暴风,Constellar Tempest
04825390,3,イチロクの魔物台帳,典当的魔物账簿,Ichiroku's Ledger Book
04836680,1,ＥＭオッドアイズ・プリースト,娱乐伙伴 异色眼祭司,Performapal Odd-Eyes Seer
04837861,1,機皇神龍トリスケリア,机皇神龙 三曲枝,Meklord Astro Dragon Triskelion
04841383,2,蕾禍繚乱狂咲,蕾祸缭乱狂咲,Ragnaraika Bloom
04848423,1,衛生兵マッスラー,卫生兵 肌肉大汉,Muscle Medic
04849037,1,ダンシング・ソルジャー,舞蹈战士,Performance of Sword
04857085,2,Ωメガネ,Ω眼镜,Omega Goggles
04861205,2,ミイラの呼び声,木乃伊的呼声,Call of the Mummy
04869446,3,砂漠の裁き,沙漠的裁决,Judgment of the Desert
04896788,1,強欲な壺の精霊,强欲之壶的精灵,Spirit of the Pot of Greed
04904633,3,影依の原核,影依的原核,Shaddoll Core
04904812,1,ジェネクス・ウンディーネ,次世代水精灵,Genex Undine
04906301,1,ネクロ・ガードナー,死灵守卫者,Necro Gardna
04914353,1,スペース・インシュレイター,空隙绝缘人,Space Insulator
04918855,1,竜血公ヴァンパイア,龙血公 吸血鬼,Vampire Voivode
04920010,1,怨念集合体,怨念集合体,Souls of the Forgotten
04923662,3,カオス・バースト,混沌炸裂,Chaos Burst
04928565,1,ティアラメンツ・クシャトリラ,珠泪哀歌族型俱舍怒威族,Tearlaments Kashtira
04929256,1,氷帝メビウス,冰帝 美比乌斯,Mobius the Frost Monarch
04931121,3,影のデッキ破壊ウイルス,影之卡组破坏病毒,Full Force Virus
04931562,1,マウンテン・ウォーリアー,山岳斗士,Mountain Warrior
04939890,1,シャドール・ヘッジホッグ,影依刺猬,Shaddoll Hedgehog
04941482,1,インフォーマー・スパイダー,密探蜘蛛,Informer Spider
04965193,1,極征竜－シャスマティス,极征龙-烛龙,"Chasma, Dragon Ruler of Auroras"
04991081,1,ハーピィズペット竜－セイント・ファイアー・ギガ,鹰身女妖的宠物龙-圣烈炎,Harpie's Pet Dragon - Fearsome Fire Blast
04997565,1,Ｎｏ.３ 地獄蝉王ローカスト・キング,No.3 地狱蝉王,Number 3: Cicada King
04998619,1,方界超獣バスター・ガンダイル,方界超兽 破坏之乾闼尔,Buster Gundil the Cubic Behemoth
05008836,1,守護神エクゾディア,守护神 艾克佐迪亚,"Exodia, the Legendary Defender"
05010422,1,占術姫ウィジャモリガン,占术姬 通灵板摩莉甘,Prediction Princess Astromorrigan
05014629,1,潜航母艦エアロ・シャーク,潜航母舰 航空鲨,Submersible Carrier Aero Shark
05026221,3,神星なる波動,神星波动,Stellarnova Wave
05037726,3,光霊術－「聖」,光灵术-「圣」,Spiritual Light Art - Hijiri
05041348,1,天威の龍鬼神,天威之龙鬼神,Draco Berserker of the Tenyi
05043010,1,ファイアウォール・ドラゴン,防火龙,Firewall Dragon
05050644,2,アロマガーデン,芳香花园,Aroma Garden
05052212,2,イージーチューニング,简易调和,Battle Tuned
05053103,1,ミノタウルス,牛头人,Battle Ox
05063379,2,剣闘獣の闘技場－フラヴィス,剑斗兽的斗技场-弗拉维圆形斗技场,Flavian - Colosseum of the Gladiator Beasts
05067884,1,ダイナミスト・スピノス,雾动机龙·棘龙,Dinomist Spinos
05068132,1,夢蝉スイミンミン,梦蝉 睡鸣鸣蝉,Dream Cicada
05087128,1,シェルヴァレット・ドラゴン,霰弹弹丸龙,Shelrokket Dragon
05088741,1,コード・イグナイター,代码点火员,Code Igniter
05126490,1,ネオス・ワイズマン,新宇贤者,Neos Wiseman
05128859,1,Ｅ・ＨＥＲＯ マリン・ネオス,元素英雄 海洋新宇侠,Elemental HERO Marine Neos
05130393,1,千年の血族,千年的血族,Millennium Seeker
05133471,2,ギャラクシー・サイクロン,银河旋风,Galaxy Cyclone
05141117,1,深淵の相剣龍,深渊之相剑龙,The Abyss Dragon Swordsoul
05153769,3,マジェスペクター・ガスト,威风妖怪突风,Majespecter Gust
05168381,3,悪魔の技,恶魔之技,Archfiend's Ghastly Glitch
05177985,1,不知火の師範,不知火的师范,Shiranui Swordmaster
05182107,1,超重武者ドウＣ－Ｎ,超重武者 同心C-N,Superheavy Samurai Security
05183693,2,下克上の首飾り,下克上的首饰,Amulet of Ambition
05186893,1,真紅眼の不死竜,真红眼不死龙,Red-Eyes Zombie Dragon
05205146,1,無限起動ロードローラー,无限起动 压路机,Infinitrack Road Roller
05206415,1,天雷震龍－サンダー・ドラゴン,天雷震龙-雷龙,Thunder Dragonlord
05220687,1,素早いビッグハムスター,迅捷大仓鼠,Super-Nimble Mega Hamster
05230799,1,魔弾の射手 ザ・キッド,魔弹射手 小子,Magical Musketeer Kidbrave
05237827,1,ヴァイロン・オーム,欧姆大日,Vylon Ohm
05244497,1,スクープ・シューター,独家新闻摄影师,Cameraclops
05253985,2,交差する魂,交错之魂,Soul Crossing
05255013,2,セフィラの輝跡,神数的辉迹,Zefra Path
05257687,1,Ｘ・Ｅ・Ｎ・Ｏ,外界异物,Jowls of Dark Demise
05259518,1,捕食植物ヘリアンフォリンクス,捕食植物 太阳瓶子草喙嘴龙,Predaplant Heliamphorhynchus
05265750,1,海賊船スカルブラッド号,海贼船 血骸骨号,Skull Mariner
05267507,1,地縛神 スカーレッド・ノヴァ,地缚神 真红莲新星,Earthbound Immortal Red Nova
05284653,1,ヴェルズ・オ・ウィスプ,入魔鬼火,Evilswarm Obliviwisp
05285665,1,Ｅ・ＨＥＲＯ バブルマン・ネオ,元素英雄 新水泡侠,Elemental HERO Neo Bubbleman
05288597,2,トランスターン,升级转变,Transmodify
05291803,1,先史遺産トゥーラ・ガーディアン,先史遗产 图拉守护者,Chronomaly Tula Guardian
05298175,1,占い魔女 スィーちゃん,占卜魔女 小水,Fortune Fairy Swee
05309481,1,蘇りし魔王 ハ・デス,苏生的魔王 哈·迪斯,Revived King Ha Des
05318639,2,サイクロン,旋风,Mystical Space Typhoon
05325155,1,毒の魔妖－束脛,毒之魔妖-束胫,"Tsukahagi, the Poisonous Mayakashi"
05325424,3,牙竜転生,牙龙转生,Dragoncarnation
05329790,1,プロトコル・ガードナー,协议守卫者,Protocol Gardna
05338223,2,強制進化,强制进化,Evo-Force
05352328,1,エクソシスター・ソフィア,救祓少女·索菲娅,Exosister Sophia
05361647,1,ＢＫ グラスジョー,燃烧拳击手 不堪一击拳手,Battlin' Boxer Glassjaw
05361816,1,聖騎士ペリノア,圣骑士 佩里诺尔,Noble Knight Pellinore
05368615,1,スチームジャイロイド,蒸汽旋翼机人,Steam Gyroid
05370235,1,サイバー・ダーク・キメラ,电子暗黑嵌合体,Cyberdark Chimera
05371656,2,魂喰らいの魔刀,食魂的魔刀,Sword of the Soul-Eater
05373478,1,サイバー・ドラゴン・ツヴァイ,电子龙二型,Cyber Dragon Zwei
05376159,3,スカーレッド・レイン,真红莲星雨,Red Reign
05380979,3,ウェルカム・ラビュリンス,拉比林斯迷宫欢迎,Welcome Labrynth
05388481,1,バーニングソルジャー,燃烧士兵,Darkfire Soldier #1
05399521,1,音響戦士マイクス,音响战士 麦克风,Symphonic Warrior Miccs
05402805,1,天威の鬼神,天威之鬼神,Berserker of the Tenyi
05405694,1,カオス・ソルジャー,混沌战士,Black Luster Soldier
05414777,2,精霊の世界,精灵的世界,World of Spirits
05431722,3,星辰の吼炎,星辰的吼炎,Dracotail Flame
05434080,1,首なし騎士,无头骑士,Headless Knight
05438492,1,荒野の女戦士,荒野的女战士,Warrior Lady of the Wasteland
05439384,2,炎雄爆誕,炎雄爆诞,Birth of the Prominence Flame
05464695,1,火炎木人１８,火炎木人18,Blazing Inpachi
05466615,3,ミュートリア連鎖応動,秘异三变体连锁应动,Myutant Clash
05479217,3,ジュラック・インパクト,朱罗纪冲击,Jurrac Impact
05489987,1,花札衛－桜に幕－,花札卫-樱上幕帘-,Flower Cardian Cherry Blossom with Curtain
05494820,2,サイクロンレーザー,旋风镭射,Cyclon Laser
05498296,1,暗黒界の斥候 スカー,暗黑界的斥候 斯卡,"Scarr, Scout of Dark World"
05506791,1,マジェスペクター・キャット,威风妖怪·猫,Majespecter Cat - Nekomata
05519829,1,メンタル・カウンセラー リリー,心理咨询师 莉莉,Counselor Lily
05524387,1,海晶乙女マーブルド・ロック,海晶少女 石狗公,Marincess Marbled Rock
05530780,1,エクソシスター・ジブリーヌ,救祓少女·吉卜利娜,Exosister Gibrine
05554990,1,エレキンメダイ,电气金眼鲷,Wattberyx
05556499,1,マシンナーズ・フォートレス,机甲要塞,Machina Fortress
05556668,2,エクスチェンジ,手札对换,Exchange
05560911,1,亡龍の戦慄－デストルドー,亡龙之战栗-死欲龙,Destrudo the Lost Dragon's Frisson
05562461,3,闇の幻影,暗之幻影,Dark Illusion
05574510,2,射敵,射敌,Shateki
05577149,1,バーバリアン０号,野蛮人0号,Battleguard Cadet
05577649,3,スクラップ・クラッシュ,废铁崩溃,Scrap Crash
05592689,1,サクリファイス・ロータス,献祭之莲,Samsara Lotus
05600127,1,ヒューマノイド・ドレイク,人形鳞虫,Humanoid Worm Drake
05605529,2,ヴァルモニカ・シェルタ,异响鸣的选择,Vaalmonica Scelta
05606466,3,異次元の落とし穴,异次元的落穴,D.D. Trap Hole
05609226,3,チューナーズ・バリア,调整防护罩,Tuner's Barrier
05611760,3,救いの架け橋,拯救的桥梁,Rainbow Bridge of Salvation
05614808,1,白闘気白鯨,白斗气白鲸,White Aura Whale
05616412,3,カウンターパンチ,反击拳,Destruction Punch
05628232,1,トビペンギン,飞企鹅,Flying Penguin
05640330,1,ハンニバル・ネクロマンサー,汉尼拔死灵师,Hannibal Necromancer
05641251,3,Ｆ.Ａ.デッド・ヒート,方程式运动员白热阶段,F.A. Dead Heat
05645210,1,Ｔｈｅ ｓｐｌｅｎｄｉｄ ＶＥＮＵＳ,华丽金星,Splendid Venus
05650082,3,神風のバリア －エア・フォース－,神风防护罩 -大气之力-,Storming Mirror Force
05672432,3,ＥＭリバイバル,娱乐伙伴复活,Performapal Revival
05697558,2,地中界シャンバラ,地中界 香巴拉,The Hidden City
05703682,2,サウザンドエナジー,千之能量,Thousand Energy
05728014,3,ライバル登場！,对手登场！,A Rival Appears!
05758500,2,魂の解放,魂之解放,Soul Release
05763020,1,泣き神の石像,泣神的石像,Weeping Idol
05772618,1,ＨＳＲカイドレイク,高速疾行机人 风筝龙兽,Hi-Speedroid Kitedrake
05779502,3,形勢反転,形势反转,Underdog
05780210,1,クリエイト・リゾネーター,创造共鸣者,Creation Resonator
05786513,2,時の沈黙－ターン・サイレンス,时间沉默,Turn Silence
05795882,2,ヴァンパイアの領域,吸血鬼的领域,Vampire's Domain
05795980,2,帝王の轟毅,帝王的轰毅,Strike of the Monarchs
05800323,1,白き森の幻妖,白森林的幻妖,Poplar of the White Forest
05817857,1,コアキメイル・グールズスレイブ,核成食尸奴,Koa'ki Meiru Ghoulungulate
05818294,1,武神器－ヘツカ,武神器-边津,Bujingi Turtle
05818798,1,幻獣王ガゼル,幻兽王 加泽尔,Gazelle the King of Mythical Beasts
05821478,1,トポロジック・ボマー・ドラゴン,拓扑逻辑轰炸龙,Topologic Bomber Dragon
05829717,1,竜魔導騎士ブラック・マジシャン,龙魔导骑士 黑魔术师,Dark Magician the Knight of Dragon Magic
05832914,3,トゥーンのかばん,卡通手提箱,Toon Briefcase
05833312,2,デュエル・アカデミア,决斗学园,Duel Academy
05846183,1,遮断機塊ブレイカーバンクル,遮断机块 断路红玉兽,Appliancer Breakerbuncle
05851097,3,虚無空間,虚无空间,Vanity's Emptiness
05852388,1,ゼノ・メテオロス,异界流星衔尾龙,Xeno Meteorus
05861892,1,アルカナフォースＥＸ－ＴＨＥ ＬＩＧＨＴ ＲＵＬＥＲ,秘仪之力EX-光之支配者,Arcana Force EX - The Light Ruler
05901497,1,女王の影武者,女王的影武者,Queen's Double
05908650,1,幻奏の音姫ローリイット・フランソワ,幻奏的音姬 殊荣之弗朗索瓦,Shopina the Melodious Maestra
05914184,3,倍返し,倍返,Double Payback
05915629,3,強欲な贈り物,强欲的赠物,The Gift of Greed
05916510,1,天翔ける騎士,天翔之骑士,Starring Knight
05929801,1,ＲＲ－ファジー・レイニアス,急袭猛禽-模糊伯劳,Raidraptor - Fuzzy Lanius
05941982,3,肆世壊の継承,肆世坏的继承,Scareclaw Alternative
05969957,1,ヴァレット・リチャージャー,弹丸装填龙,Rokket Recharger
05972394,2,モノマネンド,模仿黏土,Mimiclay
05973663,2,世界樹,世界树,The World Tree
05975022,1,剣闘獣ムルミロ,剑斗兽 鱼斗,Gladiator Beast Murmillo
05990062,2,大逆転クイズ,大逆转谜题,Reversal Quiz
05993144,2,スワローズ・カウリー,燕贝,Swallow's Cowrie
05997110,1,ＤＤカウント・サーベイヤー,DD 计数测量员,D/D Count Surveyor
05998840,1,ＸＸ－セイバー ボガーナイト,XX-剑士 波加特骑士,XX-Saber Boggart Knight
06004133,2,魔界劇団のゲネプロ,魔界剧团的彩排,Abyss Actors' Dress Rehearsal
06007213,1,神炎皇ウリア,神炎皇 乌利亚,"Uria, Lord of Searing Flames"
06021033,1,デスカイザー・ドラゴン,死亡帝王龙,Doomkaiser Dragon
06022371,1,ウォーター・ドラゴン－クラスター,水龙-团簇,Water Dragon Cluster
06039967,1,ヴァンパイア・フロイライン,吸血鬼千金,Vampire Fraulein
06061630,1,マジカル・コンダクター,魔力引导者,Magical Exemplar
06075533,3,トリシューラの鼓動,三叉龙的鼓动,Terror of Trishula
06075801,1,巨竜の聖騎士,巨龙之圣骑士,Paladin of Felgrand
06077601,2,魔玩具融合,魔玩具融合,Frightfur Fusion
06089145,2,クリアー・ウォール,清透壁,Clear Wall
06103114,1,くちばしヘビ,鸟嘴蛇,Beaked Snake
06103294,1,オアシスの使者,绿洲的使者,Emissary of the Oasis
06104968,1,デスハムスター,死亡仓鼠,Bubonic Vermin
06112401,3,身剣一体,身剑一体,At One With the Sword
06116731,1,ムカデの進軍,蜈蚣的进军,Swarm of Centipedes
06128460,1,ワイトベイキング,白骨烤王,Wightbaking
06133894,1,デビルマゼラ,大魔王 魔杰拉,Mazera DeVille
06137095,3,誤作動,误作动,Malfunction
06142213,1,ワンショット・ロケット,一击喷射士,Turbo Rocket
06142488,1,ファーニマル・マウス,毛绒动物·鼠,Fluffal Mouse
06148016,3,ギアギアギア,齿轮齿轮齿轮,Geargiagear
06150044,1,アルカナ ナイトジョーカー,天位骑士,Arcana Knight Joker
06153210,2,計都星辰,计都星辰,Ketu Dracotail
06165656,1,ＣＮｏ.８８ ギミック・パペット－ディザスター・レオ,混沌No.88 机关傀儡-灾厄狮子,Number C88: Gimmick Puppet Disaster Leo
06172122,2,真紅眼融合,真红眼融合,Red-Eyes Fusion
06178850,2,ファイティング・スピリッツ,斗魂,Fighting Spirit
06180710,1,ドリーム・シャーク,梦鲨,Dream Shark
06182103,1,究極体ミュートリアス,究极体 秘异三变联体,Myutant Ultimus
06186304,2,Ｄ－フォース,D-力量,D - Force
06203182,2,一惜二跳,一惜二跳,Two Toads with One Sting
06205579,1,パラサイト・フュージョナー,寄生融合虫,Fusion Parasite
06214163,3,ダブル・フッキング,双重提钩,Double Hooking
06214884,1,暗黒界の狂王 ブロン,暗黑界的狂王 布隆,"Brron, Mad King of Dark World"
06247535,1,ヴァレルロード・Ｘ・ドラゴン,装弹枪管增填龙,Borreload eXcharge Dragon
06256844,1,レアル・ジェネクス・ターボ,真次世代涡轮人,R-Genex Turbo
06260554,3,弾幕回避,弹幕回避,Do a Barrel Roll
06276588,1,カラクリ忍者 九壱九,机巧忍者 九一九,"Karakuri Ninja mdl 919 ""Kuick"""
06278008,3,星宵竜転,星宵龙转,Starry Dragon's Cycle
06283472,1,アモルファージ・ヒュペル,无形噬体·傲慢,Amorphage Pride
06284176,1,六花聖カンザシ,六花圣 花簪剑菊,Kanzashi the Rikka Queen
06285791,1,邪悪なるワーム・ビースト,邪恶蠕虫兽,The Wicked Worm Beast
06297941,1,バーグラー,强盗鼠,Burglar
06309986,2,ティンクル・ファイブスター,闪烁五星,Five Star Twilight
06311717,1,占い魔女 ヒカリちゃん,占卜魔女 小光,Fortune Fairy Hikari
06320631,1,コアキメイル・ロック,核成岩人,Koa'ki Meiru Boulder
06327734,1,珠の御巫フゥリ,珠之御巫 狐理,Hu-Li the Jewel Mikanko
06330307,1,ＤＺＷ－魔装鵺妖衣,暗黑异热同心武器-魔装鵺妖衣,DZW - Chimera Clad
06337436,1,連弾の魔術師,连弹之魔术师,Rapid-Fire Magician
06343408,2,奇跡の発掘,奇迹之发掘,Miracle Dig
06351147,3,トランザクション・ロールバック,事务回滚,Transaction Rollback
06351548,1,曙光の騎士,曙光之骑士,Dawn Knight
06353603,1,暗炎星－ユウシ,暗炎星-熊志,Brotherhood of the Fire Fist - Bear
06355563,1,Ｙ－ドラゴン・イアヘッド,Y-机敏龙头,Y-Yare Head
06357341,3,忍の六武,忍之六武,The Six Shinobi
06367785,1,エルディーン,艾尔丁,Eldeen
06368038,1,暗黒騎士ガイア,暗黑骑士 盖亚,Gaia The Fierce Knight
06374519,2,アメイズメント・スペシャルショー,惊乐特别秀,Amazement Special Show
06387204,1,ＣＮｏ.６ 先史遺産カオス・アトランタル,混沌No.6 先史遗产 混沌大西洲巨人,Number C6: Chronomaly Chaos Atlandis
06390406,2,竜破壊の証,龙破坏之证,Emblem of Dragon Destroyer
06400512,1,コマンダー,突击兵,Cyber Commander
06417578,2,神の写し身との接触,与神之假身的接触,El Shaddoll Fusion
06430659,2,ウィルスメール,病毒邮件,Infected Mail
06438003,1,戦華の詭－賈文,战华之诡-贾文,Ancient Warriors - Deceptive Jia Wen
06442944,1,カイザー・シースネーク,帝王海蛇,Kaiser Sea Snake
06459419,3,アマゾネス転生術,亚马逊转生术,Amazoness Shamanism
06471156,2,パフォーム・パペット,演奏傀儡,Perform Puppet
06480253,1,フレンドッグ,支援犬,Wroughtweiler
06483224,1,半月竜ラディウス,半月龙 半径龙,"Radius, the Half-Moon Dragon"
06494106,3,妬絶の呪眼,妒绝之咒眼,Evil Eye Defeat
06498706,2,融合派兵,融合派兵,Fusion Deployment
06511113,1,フレシアの蟲惑魔,芙莉西亚之虫惑魔,Traptrix Rafflesia
06540606,3,水霊術－「葵」,水灵术-「葵」,Spiritual Water Art - Aoi
06544078,1,伊弉凪,伊奘凪,Izanagi
06552938,1,ＲＲ－ラダー・ストリクス,急袭猛禽-方向舵林鸮,Raidraptor - Rudder Strix
06552971,2,めぐり－Ａｉ－,不期而遇-妨“艾”-,A.I. Meet You
06556178,2,ヴァレル・リロード,枪管上膛,Borrel Regenerator
06556909,1,真紅き魂,真红之魂,Red-Eyes Soul
06568731,1,極氷獣アイスバーグ・ナーワル,极冰兽 冰山一角鲸,Glacial Beast Iceberg Narwhal
06579928,1,影六武衆－キザル,影六武众-木猿,Secret Six Samurai - Kizaru
06588580,1,サーマル・ジェネクス,次世代热能人,Thermal Genex
06589707,2,地中界の厄災,地中界的灾厄,Terrors in the Hidden City
06595475,2,オノマト連携,拟声连携,Onomatopaira
06602300,1,重爆撃禽 ボム・フェネクス,重爆击禽 炸弹不死魔鸟,"Blaze Fenix, the Burning Bombardment Bird"
06609736,1,Ｎｏ－Ｐ.Ｕ.Ｎ.Ｋ.ディア・ノート,能朋克 鹿角仙符,Noh-P.U.N.K. Deer Note
06614221,1,霧の王,雾之王,Fog King
06616912,1,時械神ガブリオン,时械神 加百利恩,"Gabrion, the Timelord"
06622715,1,エンコード・トーカー,编码语者,Encode Talker
06625096,1,鰤っ子姫,鰤子姬,Beautunaful Princess
06628343,1,開闢の騎士,开辟之骑士,Beginning Knight
06631034,1,フロストザウルス,冰霜腕龙,Frostosaurus
06636319,1,Ｅｖｉｌ★Ｔｗｉｎ キスキル・ディール,邪恶★双子 姬丝基勒·交易,Evil★Twin Ki-sikil Deal
06637331,1,深淵の獣ドルイドヴルム,深渊之兽 德鲁伊鳞虫,Bystial Druiswurm
06659193,1,Ｅｍトラピーズ・ハイ・マジシャン,娱乐法师 秋千大魔术家,Performage Trapeze High Magician
06691855,3,鎖付き尖盾,附锁链的尖盾,Spikeshield with Chain
06696168,1,フェスティバルーン,庆典气球,Festiballoon
06713443,3,極炎舞－「星斗」,极炎舞-「星斗」,Ultimate Fire Formation - Seito
06728559,1,アークネメシス・プロートス,大星义初始龙,Archnemeses Protos
06733059,3,死霊の巣,死灵之巢,Skull Lair
06740720,1,ホーリー・ナイト・ドラゴン,圣夜龙,Seiyaryu
06763530,3,烙印追放,烙印追放,Branded Banishment
06764709,1,Ｆ.Ａ.ダークネスマスター,方程式运动员 暗冥赛道名将,F.A. Dark Dragster
06766208,1,ＤＤＤ疾風大王エグゼクティブ・アレクサンダー,DDD 疾风大王 决策亚历山大,D/D/D Gust High King Alexander
06767771,2,壱世壊を劈く弦声,劈穿壹世坏的弦声,Tearlaments Scream
06783559,1,アリジバク,自爆蚁,Self-Destruct Ant
06795211,2,アポート,物体显形,Teleport
06798031,2,ライゼオル・クロス,雷火沸动交界机,Ryzeal Cross
06799227,3,ハーフ・カウンター,半反击,Half Counter
06812770,1,Ｅｍカップ・トリッカー,娱乐法师 杯子戏法师,Performage Cup Tricker
06830480,1,黄昏の忍者－カゲン,黄昏之忍者-下弦,Twilight Ninja Kagen
06836211,1,大皇帝ペンギン,大皇帝企鹅,The Great Emperor Penguin
06840573,1,バロックス,巴洛克斯,Barox
06849042,1,超古代恐獣,超古代恐兽,Super-Ancient Dinobeast
06850209,2,デーモンとの駆け引き,与恶魔的暗中交易,A Deal with Dark Ruler
06853254,2,復活の福音,复活之福音,Return of the Dragon Lords
06855503,1,赫灼竜マスカレイド,赫灼龙 伪装龙,Masquerade the Blazing Dragon
06859683,3,成功確率０％,成功确率0%,Success Probability 0%
06890729,3,ボンディング－ＤＨＯ,化学结合-DHO,Bonding - DHO
06901008,1,幻影王 ハイド・ライド,幻影王 幽骑,Phantom King Hydride
06903857,1,パワー・ブレイカー,强力破坏者,Power Breaker
06906306,1,至鋼の玉 ルーベサフィルス,至钢之玉 红青玉,"Rubysapphirus, the Adamant Jewel"
06908161,1,蕾禍ノ鎖蛇巳,蕾祸之锁蛇巳,Ragnaraika Chain Coils
06909330,2,魂縛門,魂缚门,Soul Binding Gate
06917479,1,ヴァンパイア・レッドバロン,吸血鬼·红男爵,Vampire Red Baron
06924874,1,ハーピィズペット仔竜,鹰身女妖的宠物仔龙,Harpie's Pet Baby Dragon
06930746,1,限界竜シュヴァルツシルト,限界龙 施瓦西龙,Schwarzschild Limit Dragon
06958551,2,シャドー・トゥーン,影子卡通,Shadow Toon
06967870,1,黒蠍－罠はずしのクリフ,黑蝎-拆除陷阱的克里夫,Dark Scorpion - Cliff the Trap Remover
06979239,1,リーフ・フェアリー,树叶妖精,Woodland Sprite
06983839,1,竜巻竜,龙卷龙,Tornado Dragon
06990577,1,守護竜アンドレイク,守护龙 安德雷克,Guardragon Andrake
06992184,3,ペンデュラム・アンコール,灵摆返场,Pendulum Encore
07019529,1,空の昆虫兵,空中的昆虫兵,Insect Soldiers of the Sky
07020743,1,怒小児様,凶孩子,Tantrum Toddler
07021574,1,クリブー,栗子圆,Kuriboo
07025445,1,パワー・ジャイアント,强力巨人,Power Giant
07030340,2,百機夜工,百机夜工,Factory of 100 Machines
07044562,2,魂のカード,魂之卡,Card of the Soul
07076131,3,ロスト・ネクスト,消失的后者,Next to be Lost
07080743,1,豪腕特急トロッコロッコ,豪腕特急 矿车火车头,Express Train Trolley Olley
07084129,1,マジシャンズ・ロッド,魔术师之杖,Magician's Rod
07089711,1,ハネハネ,哈尼哈尼,Hane-Hane
07092142,3,激流蘇生,激流苏生,Torrential Reborn
07093411,1,宝玉獣 サファイア・ペガサス,宝玉兽 青玉飞马,Crystal Beast Sapphire Pegasus
07102732,1,クリアー・レイジ・ゴーレム,清透狂怒石人,Clear Rage Golem
07127502,1,竜魔王レクターＰ,龙魔王 霸道矢·灵摆,"Lector Pendulum, the Dracoverlord"
07133305,2,命の水,活命水,Water of Life
07142724,2,氷水底イニオン・クレイドル,冰水底 铬离子少女摇篮,Icejade Cenote Enion Cradle
07150545,1,カッター・シャーク,切割鲨,Buzzsaw Shark
07152333,1,アンブラル・グール,阴影食尸鬼,Umbral Horror Ghoul
07153114,2,フィールドバリア,场地防护罩,Field Barrier
07161742,1,捕食植物コーディセップス,捕食植物 冬虫夏草,Predaplant Cordyceps
07165085,2,おとり人形,诱饵人偶,Bait Doll
07171149,1,トゥーン・アンティーク・ギアゴーレム,卡通古代的机械巨人,Toon Ancient Gear Golem
07180418,1,魔導アーマー エグゼ,魔导铠甲 执行者,Armor Exe
07183277,1,ライトロード・ドルイド オルクス,光道德鲁伊 奥库斯,"Aurkus, Lightsworn Druid"
07194917,1,Ｎｏ.５２ ダイヤモンド・クラブ・キング,No.52 钻蟹王,Number 52: Diamond Crab King
07198399,1,チョコ・マジシャン・ガール,巧克力魔术少女,Chocolate Magician Girl
07200041,1,メタル・シューター,金属射手,Metal Shooter
07206349,2,春化精の花盛,春化精的花盛,Vernusylph in Full Bloom
07225792,1,モン・ラーバス,蒙·拉瓦斯,Mon Larvas
07236721,2,界放せし肆世壊,界放的肆世坏,Scareclaw Defanging
07241272,1,獄炎のカース・オブ・ドラゴン,狱炎诅咒之龙,Curse of Dragonfire
07243511,1,コアラッコアラ,树熊海獭树熊,Koalo-Koala
07264861,1,インフェルニティ・ビースト,永火兽,Infernity Beast
07268133,1,ＥＭライフ・ソードマン,娱乐伙伴 生命剑士,Performapal Life Swordsman
07279373,1,魔界劇団－ティンクル・リトルスター,魔界剧团-闪烁小明星,Abyss Actor - Twinkle Little Star
07291576,1,影六武衆－ゲンバ,影六武众-玄蕃,Secret Six Samurai - Genba
07304544,1,ナチュル・パイナポー,自然菠萝,Naturia Pineapple
07305060,1,アモルファージ・プレスト,无形噬体·强欲,Amorphage Greed
07320132,2,極星宝フリドスキャルヴ,极星宝 希利德斯凯拉夫,Nordic Relic Hlidskjalf
07336745,3,ダイノルフィア・インタクト,恐啡肽狂龙无伤,Dinomorphia Intact
07337976,2,煉獄の災天,炼狱的灾天,Void Apocalypse
07359741,1,メカ・ハンター,机械猎手,Mechanicalchaser
07369217,1,メタル化寄生生物－ルナタイト,金属化寄生生物-月之衣,Metallizing Parasite - Lunatite
07373632,2,神の進化,神之进化,Divine Evolution
07375867,1,星辰竜ムルル,星辰龙 天蝎龙,Dracotail Mulr
07391448,1,ゴヨウ・ガーディアン,御用守护者,Goyo Guardian
07392745,1,チュウボーン,鼠骨,Chewbone
07394770,2,ブリリアント・フュージョン,明亮融合,Brilliant Fusion
07403341,3,サイバネット・コンフリクト,电脑网冲突,Cynet Conflict
07405310,2,エクストラゲート,额外之门,Extra Gate
07407724,1,六花精エリカ,六花精 欧石楠,Erica the Rikka Fairy
07409792,1,俊足なカバ バリキテリウム,骏足之河马 马力巨犀,Dynatherium
07436169,3,トリヴィカルマ,三步业,Trivikarma
07443908,1,地翔星ハヤテ,地翔星 疾风,Hayate the Earth Star
07445307,1,デュアル・アセンブルム,双汇编亚龙,Dual Assembwurm
07452945,2,天命の聖剣,天命之圣剑,Noble Arms of Destiny
07459013,1,暗黒界の騎士 ズール,暗黑界的骑士 祖尔,"Zure, Knight of Dark World"
07459919,1,ＢＦ－刻夜のゾンダ,黑羽-刻夜之佐达,Blackwing - Zonda the Dusk
07473735,2,異界共鳴－シンクロ・フュージョン,异界共鸣-同调融合,Harmonic Synchro Fusion
07477101,2,時空の七皇,时空之七皇,Seventh Tachyon
07478431,1,ナチュル・サンフラワー,自然向日葵,Naturia Sunflower
07480763,1,アーティファクト－ダグザ,古遗物-父神棒,Artifact Dagda
07489323,1,ミリス・レディエント,金毛犼,Milus Radiant
07496001,2,スプリガンズ・ブーティー,护宝炮妖战利品,Springans Booty
07500772,1,イーグル・シャーク,鹰鲨,Eagle Shark
07511613,1,ライゼオル・デュオドライブ,雷火沸动油电双动机,Ryzeal Duo Drive
07512044,2,精神統一,精神统一,Gather Your Mind
07526150,1,ゴルゴイル,钢铁魔人,Golgoil
07540107,1,剛鬼ガッツ,刚鬼 毅力鬼,Gouki Guts
07541475,1,カブキ・ドラゴン,歌舞伎龙,Kabuki Dragon
07548747,2,大いなる魔導,大魔导,Magistus Theurgy
07562372,1,メガソニック・アイ,超音速之眼,Megasonic Eye
07563579,1,Ｅｍヒグルミ,娱乐法师 火布偶,Performage Plushfire
07565547,3,力の集約,力之集约,Collected Power
07572887,1,異次元の女戦士,异次元的女战士,D.D. Warrior Lady
07573135,1,剣闘獣アウグストル,剑斗兽 奥古斯都,Gladiator Beast Augustus
07574904,1,ミュートリアル・アームズ,秘异三变武装者,Myutant Arsenal
07576264,1,幻獣ワイルドホーン,幻兽 野角驼鹿,Phantom Beast Wild-Horn
07582066,1,サイコ・デビル,念力恶魔,Psychic Nightmare
07593748,1,ギミック・パペット－ギガンテス・ドール,机关傀儡-基冈提斯人偶,Gimmick Puppet Gigantes Doll
07602800,2,黒羽の旋風,黑羽之旋风,Black Feather Whirlwind
07602840,1,ユーフォロイド,飞碟机人,UFOroid
07608148,3,Ｖｉｖｉｄ Ｔａｉｌ,惊煌甩尾,Vivid Tail
07610394,2,眷現の呪眼,眷现之咒眼,Evil Eye Reemergence
07614732,2,大融合,大融合,Greater Polymerization
07617062,2,ゴーストリック・ミュージアム,鬼计博物馆,Ghostrick Museum
07617253,3,虹の行方,虹之行方,Rainbow Path
07623640,1,暗黒界の導師 セルリ,暗黑界的导师 塞鲁利,"Ceruli, Guru of Dark World"
07625614,2,レアゴールド・アーマー,贵金铠甲,Raregold Armor
07628844,1,ＣＮｏ.３２ 海咬龍シャーク・ドレイク・リバイス,混沌No.32 海咬龙 鲨龙兽·海恶白煞,Number C32: Shark Drake LeVeiss
07631534,1,双天脚 鎧吽,双天脚 铠吽,Dual Avatar Feet - Armored Un-Gyo
07634581,1,オレイカルコス・シュノロス,山铜合神偶,Orichalcos Shunoros
07653207,2,アクア・ジェット,喷水引擎,Aqua Jet
07670542,1,Ｂ・プラント,生化植物,Bio Plant
07672244,2,シエンの間者,紫炎的间者,Shien's Spy
07700132,1,ワーム・ノーブル,异虫贵族,Worm Noble
07714344,1,ＥＭユニ,娱乐伙伴 小独,Performapal Uni
07721912,1,聖騎士の槍持ち,圣骑士的持枪者,Noble Knight's Spearholder
07733560,1,時械神ミチオン,时械神 米奇恩,"Michion, the Timelord"
07736719,1,エア・サーキュレーター,空气循环机,Vortex Trooper
07778726,1,ハイパースター,极超流星,Hip Hoshiningen
07799906,1,ＥＭスマイル・マジシャン,娱乐伙伴 笑容魔术家,Performapal Smile Sorcerer
07802006,1,魔草 マンドラゴラ,魔草 曼德拉草,Magical Plant Mandragola
07805147,1,兵隊竜,兵队龙,Soldier Dragons
07805359,1,コケ,胖鸡,Niwatori
07811875,3,重力崩壊,重力崩坏,Gravity Collapse
07817703,2,Ｄ・パワーユニット,变形斗士·动力装置,Morphtronic Engine
07841112,1,セイヴァー・スター・ドラゴン,救世星龙,Majestic Star Dragon
07841921,1,疾走の暗黒騎士ガイア,疾走的暗黑骑士 盖亚,Charging Gaia the Fierce Knight
07845138,1,茫漠の死者,茫漠的死者,Endless Decay
07850740,1,エクシーズ・スライドルフィン,超量滑行海豚,Xyz Slidolphin
07852509,3,破壊輪廻,破坏轮回,Loop of Destruction
07852878,1,針三千本,三千根针,Three Thousand Needles
07864030,1,超重武者タイマ－２,超重武者 松明-2,Superheavy Samurai Blowtorch
07868571,1,メタルフォーゼ・シルバード,炼装勇士·银鸟,Metalfoes Silverd
07889323,2,鉄獣の死線,铁兽的死线,Tri-Brigade Showdown
07892180,1,サイコ・カッパー,念力河童,Psychic Kappa
07902349,1,封印されし者の左腕,被封印者的左腕,Left Arm of the Forbidden One
07903368,1,水晶ドクロ,水晶头骨,Crystal Skull
07913375,1,砲撃のカタパルト・タートル,炮击的弹射龟,Artillery Catapult Turtle
07914843,1,電磁ミノ虫,电磁蓑衣虫,Electromagnetic Bagworm
07922915,3,マジシャンズ・ナビゲート,魔术师的导门阵,Magician Navigation
07925734,1,リンクアップル,连接苹果,Link Apple
07930346,1,折々の紙神,折折之纸神,Origami Goddess
07934362,1,Ｅｍファイヤー・ダンサー,娱乐法师 火舞者,Performage Fire Dancer
07935043,3,海竜神の加護,海龙神的加护,Aegis of the Ocean Dragon Lord
07953868,1,蒼血鬼,苍血鬼,Blue-Blooded Oni
07969770,1,トランスファミリア,移魂使魔,Trancefamiliar
07984540,1,聖天樹の月桂精,圣天树之月桂精,Sunavalon Daphne
07986397,2,リヴェンデット・バース,归魂复仇死者的爆诞,Revendread Evolution
07987191,1,ヴァレルロード・Ｒ・ドラゴン,装弹枪管暴动龙,Borreload Riot Dragon
08025950,2,ガジェット・ボックス,工具箱子,Gadget Box
08034697,1,魔法の操り人形,魔法操纵人偶,Magical Marionette
08038143,3,タキオン・トランスミグレイション,时空转生,Tachyon Transmigration
08041569,1,ラヴァル炎湖畔の淑女,熔岩炎湖畔的淑女,Laval Lakeside Lady
08057630,3,コアの再練成,核心再炼成,Core Reinforcement
08058240,1,封印の鎖,封印之锁,Binding Chain
08062132,1,毒蛇神ヴェノミナーガ,毒蛇神 维诺米纳迦,Vennominaga the Deity of Poisonous Snakes
08078366,1,海皇の突撃兵,海皇的突击兵,Atlantean Attack Squad
08080257,3,炎の剣舞,炎之剑舞,Flame Swordsdance
08083925,2,Ｌｉｖｅ☆Ｔｗｉｎ エントランス,直播☆双子入口页,Live☆Twin Home
08085950,1,バーニング・ドラゴン,燃烧龙,Burning Dragon
08091563,1,ＳＤロボ・ライオ,超级防卫机器人·狮斗士,Super Defense Robot Lio
08102334,1,ゲート・ブロッカー,门之防壁,Gate Blocker
08124921,1,封印されし者の右足,被封印者的右足,Right Leg of the Forbidden One
08129306,1,六花精プリム,六花精 樱草,Primula the Rikka Fairy
08131171,1,キラー・スネーク,杀人蛇,Sinister Serpent
08148322,2,プレデター・プライム・フュージョン,捕食霸种融合,Predaprime Fusion
08152834,1,陀羅威,陀罗威,Tarai
08165596,1,Ｎｏ.９０ 銀河眼の光子卿,No.90 银河眼光子卿,Number 90: Galaxy-Eyes Photon Lord
08170654,1,ジャイアント・タコーン,巨型章玉米,Giant Kra-Corn
08173184,1,リペア・ジェネクス・コントローラー,修复次世代控制员,Repair Genex Controller
08175346,1,ポケ・ドラ,袖珍龙,Poki Draco
08192327,1,光霊神フォスオラージュ,光灵神 福斯奥拉热,Phosphorage the Elemental Lord
08198620,1,冥界龍 ドラゴネクロ,冥界龙 龙亡,Dragonecro Nethersoul Dragon
08198712,2,エンド・オブ・ザ・ワールド,世界末日,End of the World
08200556,1,被検体ミュートリアＳＴ－４６,被检体 秘异三变体ST-46,Myutant ST-46
08201910,1,スター・ボーイ,海星小子,Star Boy
08226374,1,ギミック・パペット－ハンプティ・ダンプティ,机关傀儡-小矮蛋,Gimmick Puppet Humpty Dumpty
08233522,1,Ａ・Ｏ・Ｊ サイクルリーダー,正义盟军 周期解读虫,Ally of Justice Cycle Reader
08240199,1,青き眼の賢士,青色眼睛的贤士,Sage with Eyes of Blue
08243121,3,ＬＬ－比翼の麗鳥,抒情歌鸲-比翼丽鸟,Lyrilusc - Phantom Feathers
08251996,2,おジャマ・デルタハリケーン！！,扰乱三角飓风！！,Ojama Delta Hurricane!!
08264361,1,暗影の闇霊使いダルク,暗影之暗灵使 达克,"Dharc the Dark Charmer, Gloomy"
08267140,2,コズミック・サイクロン,宇宙旋风,Cosmic Cyclone
08275702,2,宝玉の契約,宝玉的契约,Crystal Promise
08279188,3,デプス・アミュレット,深渊护符,Depth Amulet
08284390,1,ＳＲ５６プレーン,疾行机人 56飞机,Speedroid Rubberband Plane
08310162,1,Ｓｉｎ パラドクス・ドラゴン,罪 矛盾龙,Malefic Paradox Dragon
08316565,3,ジョルト・カウンター,猛力反击,Jolt Counter
08316661,1,魔轟神ミーズトージ,魔轰神 米兹托西,Fabled Miztoji
08321183,2,霊獣の誓還,灵兽的誓还,Ritual Beast Return
08323633,3,夜霧のスナイパー,夜雾的狙击手,Cloak and Dagger
08324284,3,死霊の盾,死灵之盾,Spirit Shield
08327462,1,デス・バード,死亡鸟,Skullbird
08339504,2,エクシーズ・シフト,超量调换,Xyz Shift
08353769,1,エア・イーター,空气吸收者,Air Eater
08372133,1,スカーレッド・ファミリア,真红莲使魔,Red Familiar
08379983,1,月光金獅子,月光金狮子,Lunalight Gold Leo
08384771,1,ＥＭゴムゴムートン,娱乐伙伴 橡胶绵羊,Performapal Gumgumouton
08387138,1,Ｎｏ.２７ 弩級戦艦－ドレッドノイド,No.27 重型战舰-准无畏舰,Number 27: Dreadnought Dreadnoid
08396952,1,アルカナフォースＩ－ＴＨＥ ＭＡＧＩＣＩＡＮ,秘仪之力1-魔术师,Arcana Force I - The Magician
08400623,1,邪龍アナンタ,邪龙 阿难陀,Evil Dragon Ananta
08414337,3,ガスタの風塵,薰风的风尘,Dust Storm of Gusto
08428836,2,冥占術の儀式,冥占术的仪式,Underworld Ritual of Prediction
08437145,2,煉獄の死徒,炼狱的死徒,Void Seer
08454126,1,ネフティスの繋ぎ手,奈芙提斯之联结者,Conductor of Nephthys
08463720,1,ＤＤＤ剋竜王ベオウルフ,DDD 克龙王 贝奥武夫,D/D/D Dragonbane King Beowulf
08471389,1,ギガテック・ウルフ,高科技狼,Giga-Tech Wolf
08483333,1,モザイク・マンティコア,嵌合蝎尾狮,Mosaic Manticore
08487449,1,ジェスター・コンフィ,糖果小丑,Jester Confit
08491308,1,閃刀姫－ハヤテ,闪刀姬-飒天,Sky Striker Ace - Hayate
08491961,1,ＬＬ－リサイト・スターリング,抒情歌鸲-吟诵椋鸟,Lyrilusc - Recital Starling
08495780,1,深海のアーチザン,深海工匠,Deep Sea Artisan
08505920,1,合体魔神－ゲート・ガーディアン,合体魔神-门之守护神,Gate Guardians Combined
08508055,1,格闘ねずみ チュー助,格斗鼠 吱助,Chu-Ske the Mouse Fighter
08512558,1,希望皇オノマトピア,希望皇 拟声乌托邦,Utopic Onomatopoeia
08522996,3,始源の帝王,始源的帝王,The First Monarch
08529136,2,スクラップ・フィスト,废铁拳,Scrap Fist
08540986,1,滅亡き闇 ヴェイドス,灭亡之暗 威多释,Veidos the Dragon of Endless Darkness
08559524,2,コマンド・リゾネーター,指挥共鸣者,Resonator Command
08559793,2,ＲＲ－ネスト,急袭猛禽-鸟巢,Raidraptor - Nest
08561192,1,神樹の守護獣－牙王,神树的守护兽-牙王,"Leo, the Keeper of the Sacred Tree"
08567955,1,バランサーロード,均衡负载王,Balancer Lord
08571567,1,ＢＦ－嵐砂のシャマール,黑羽-岚沙之夏马,Blackwing - Shamal the Sandstorm
08576764,1,貪食魚グリーディス,贪食鱼 贪鱼龙,Gluttonous Reptolphin Greethys
08581705,1,インフェルノクインデーモン,业火王后恶魔,Infernalqueen Archfiend
08594079,1,ジュラック・ブラキス,朱罗纪腕龙,Jurrac Brachis
08602351,1,レプティレス・エキドゥーナ,爬虫妖女·厄客德娜,Reptilianne Echidna
08608979,3,一族の結集,一族的集结,Super Team Buddy Force Unite!
08611007,1,ラヴァルバル・ドラグーン,熔岩谷龙骑士,Lavalval Dragun
08617563,1,ＲＲ－ブレイブ・ストリクス,急袭猛禽-勇壮林鸮,Raidraptor - Brave Strix
08628798,3,Ｄ.Ｄ.ダイナマイト,D.D.炸药,D.D. Dynamite
08632967,2,進化の宿命,进化的宿命,Evo-Karma
08633261,1,アイス・ライゼオル,内燃雷火沸动机,Ice Ryzeal
08634636,1,尾も白い黒猫,白尾黑猫,Dark Cat with White Tail
08643186,3,ＤＤリクルート,DD征募,D/D Recruits
08649148,1,ディープ・スィーパー,深海清道鲎,Deep Sweeper
08653757,3,フォトン・リタデイション,光子延迟,Photon Timestop
08660395,1,結晶の女神ニンアルル,结晶之女神 宁阿鲁鲁,"Ninaruru, the Magistus Glass Goddess"
08662794,1,コードブレイカー・ゼロデイ,代码破坏者·零日,Codebreaker Zero Day
08687195,1,幻影の妖精,幻影妖精,Dreamsprite
08690387,1,地縛戒隷 ジオグレムリン,地缚戒隶 地画精怪,Earthbound Servant Geo Gremlin
08692301,1,ジェムナイト・ジルコニア,宝石骑士·仿钻,Gem-Knight Zirconia
08696773,1,陽炎獣 ヒュドラー,阳炎兽 许德拉,Hazy Flame Hydra
08698851,3,Ｄ－カウンター,D-反击,D - Counter
08700633,1,不屈の獣僕,不屈的兽仆,Undaunted Bumpkin Beast
08706701,1,レッド・ミラー,红莲镜,Red Mirror
08715625,1,魔貨物車両 ボコイチ,魔货物车辆 博科伊奇,Bokoichi the Freightening Car
08719957,2,アビスケイル－クラーケン,深渊鳞甲-乌贼,Abyss-scale of the Kraken
08728498,1,空牙団の懐剣 ドナ,空牙团的怀剑 唐娜,"Donner, Dagger Fur Hire"
08730435,2,剣闘獣の闘器デーモンズシールド,剑斗兽的斗器 恶魔之盾,Gladiator Beast's Battle Archfiend Shield
08736823,1,電脳堺姫－娘々,电脑堺姬-娘娘,Virtual World Hime - Nyannyan
08763963,1,魔王超龍 ベエルゼウス,魔王超龙 天蝇王,Beelzeus of the Diabolic Dragons
08775395,2,災誕の呪眼,灾诞之咒眼,Evil Eyes Unleashed
08783685,1,命の砂時計,生命之沙漏,Hourglass of Life
08785161,1,ＲＲ－ワイルド・ヴァルチャー,急袭猛禽-荒野秃鹫,Raidraptor - Wild Vulture
08794055,2,最果ての宇宙,最远方的宇宙,"The Most Distant, Deepest Depths"
08794435,1,合成魔獣 ガーゼット,合成魔兽 加泽特,Maju Garzett
08802510,1,ＰＳＹフレームロード・Λ,PSY骨架王·Λ,PSY-Framelord Lambda
08806072,1,コンボファイター,连击战士,Combo Fighter
08809344,1,外神ナイアルラ,外神 奈亚拉,Outer Entity Nyarla
08814959,1,ヴェルズ・マンドラゴ,入魔曼德拉草,Evilswarm Mandragora
08820526,1,ＥＭクレイブレイカー,娱乐伙伴 黏土破坏者,Performapal Clay Breaker
08822710,1,Ａ・Ｏ・Ｊ コズミック・クローザー,正义盟军 宇宙封闭机,Ally of Justice Cosmic Gateway
08836329,1,颶風龍－ビュフォート・ノウェム,飓风龙-蒲福九风龙,Raging Storm Dragon - Beaufort IX
08837932,3,方界曼荼羅,方界曼荼罗,Cubic Mandala
08841431,1,騎士皇プリメラ・プリムス,骑士皇 普莉梅拉·首席百夫长,Centur-Ion Primera Primus
08842266,2,ご隠居の猛毒薬,隐居者的猛毒药,Poison of the Old Man
08843569,2,翼の恩返し,翼之报恩,Wing Requital
08868767,3,ダイスエット,骰子减肥法,Dice It
08873112,1,アーティファクト－チャクラム,古遗物-环刃,Artifact Chakram
08875971,1,光天使ウィングス,光天使 天翼,Star Seraph Scout
08903700,1,儀式魔人リリーサー,仪式魔人 解放者,Djinn Releaser of Rituals
08910240,1,ローズ・パピヨン,蔷薇蝴蝶,Rose Papillon
08910971,1,暗黒騎士ガイアロード,暗黑骑士 盖亚王,Lord Gaia the Fierce Knight
08944575,1,デス・フット,死亡之足,The Drdek
08949584,2,ヒーローアライブ,英雄到来,A Hero Lives
08951260,3,正々堂々,正正堂堂,Respect Play
08953369,2,クシャトリラ・オーバーラップ,俱舍怒威族的重合,Kashtira Overlap
08955148,2,リトマスの死儀式,石蕊的死仪式,Litmus Doom Ritual
08963089,1,黎銘機ヘオスヴァローグ,黎铭机 厄俄斯瓦罗格,Heosvarog the Mechanical Dawn
08964854,2,コンビネーション・アタック,联合攻击,Combination Attack
08967776,1,究極時械神セフィロン,究极时械神 赛菲隆,"Sephylon, the Ultimate Timelord"
08972398,1,妖醒龍ラルバウール,妖醒龙 幼生狱风神,Omni Dragon Brotaur
08978197,1,ロード・オブ・ドラゴン－ドラゴンの統制者－,龙之支配者-龙之统制者-,The King of D.
09000988,1,ＥＭ小判竜,娱乐伙伴 小判龙,Performapal Coin Dragon
09012916,1,ブラックフェザー・ドラゴン,黑翼龙,Black-Winged Dragon
09024198,1,ＤＤＤ深淵王ビルガメス,DDD 深渊王 比尔伽美斯,D/D/D Abyss King Gilgamesh
09024367,1,ギャラクシー・ドラグーン,银河龙骑士,Galaxy Dragon
09028399,1,楽天禍カルクラグラ,乐天祸 卡尔克拉格拉,Cataclysmic Crusted Calcifida
09030160,3,常闇の契約書,常暗的契约书,Dark Contract with the Eternal Darkness
09032529,3,天使の涙,天使之泪,Graceful Tear
09047460,1,ＢＦ－隠れ蓑のスチーム,黑羽-隐身蓑之斯蒂姆,Blackwing - Steam the Cloak
09053187,1,覚醒の勇士 ガガギゴ,觉醒的勇士 魔蜥义豪,Gagagigo the Risen
09056100,1,氷結界の虎将 グルナード,冰结界的虎将 神兵,General Grunard of the Ice Barrier
09059700,3,インフェルニティ・バリア,永火防护罩,Infernity Barrier
09061682,1,魔轟神アンドレイス,魔轰神 安德剌斯,Fabled Andwraith
09064354,3,闇の増産工場,暗之增产工厂,Dark Factory of More Production
09069157,1,ドラゴンロイド,龙机人,Dragonroid
09070454,3,龍皇の波動,龙皇之波动,Draco-Utopian Aura
09074847,3,大騒動,大骚动,Major Riot
09076207,1,青い忍者,青衣忍者,Armed Ninja
09091064,1,ＶＳ 蛟龍,征服斗魂 蛟龙,Vanquish Soul Jiaolong
09097866,1,クロス・デバッガー,交叉调试瓢虫,Cross Debug
09102835,2,サラマンドラ・フュージョン,飞龙炎融合,Salamandra Fusion
09106362,1,ＥＭドラネコ,娱乐伙伴 铜锣野猫,Performapal Gongato
09107531,1,エレクトロ・ガンナー,电力炮手,Electro Blaster
09109991,1,ＢＦ－鉄鎖のフェーン,黑羽-铁锁之焚,Blackwing - Fane the Steel Chain
09113513,2,オスティナート,固定音型,Ostinato
09126351,1,鬼ガエル,鬼青蛙,Swap Frog
09145181,3,儀式降臨封印の書,仪式降临封印之书,Ritual Sealing
09156135,1,見習い魔術師,见习魔术师,Apprentice Magician
09159938,1,ダーク・グレイ,暗黑灰羚,Dark Gray
09161357,1,Ｎｏ.６ 先史遺産アトランタル,No.6 先史遗产 大西洲巨人,Number 6: Chronomaly Atlandis
09175957,2,タリホー！スプリガンズ！,发现目标！护宝炮妖！,Tally-ho! Springans
09190563,1,ＲＡＭクラウダー,RAM云雄羊,RAM Clouder
09197735,1,竜魂の石像,龙魂之石像,Dragon Statue
09201964,3,Ｄ－フォーチュン,D-幸运,D - Fortune
09205573,1,Ｅｖｉｌ★Ｔｗｉｎ キスキル,邪恶★双子 姬丝基勒,Evil★Twin Ki-sikil
09212051,3,ＳＰＹＲＡＬ ＭＩＳＳＩＯＮ－救出,秘旋谍任务-救出,SPYRAL MISSION - Rescue
09213491,1,静寂のサイコガール,静寂的念力少女,Serene Psychic Girl
09236985,2,リチュアの写魂鏡,遗式的写魂镜,Gishki Photomirror
09238125,1,山と雪解の春化精,山与雪解的春化精,Vernusylph of the Thawing Mountains
09251497,3,金魚救い,救金鱼,Kingyo Sukui
09260791,1,銀河眼の雲篭,银河眼云笼,Galaxy-Eyes Cloudragon
09264485,1,ホルスのしもべ,荷鲁斯的仆人,Horus' Servant
09267769,3,閃光弾,闪光弹,Flashbang
09272381,1,星輝士 セイクリッド・ダイヤ,星辉士 星圣冬钻龙,Stellarknight Constellar Diamond
09275482,1,幻日灯火,幻日灯火,UFOLight
09283801,2,叛逆の帝王,叛逆的帝王,Rebellion of the Monarchs
09284723,1,ヴェノム・ボア,蛇毒巨蟒,Venom Boa
09287078,3,黒魔族復活の棺,黑魔族复活之棺,Dark Renewal
09293977,1,メタル・ドラゴン,金属龙,Metal Dragon
09298235,3,ファーニマル・クレーン,毛绒动物娃娃机,Fluffal Crane
09322133,2,サイコ・イレイザー,念力抹除光,Psychic Eraser Laser
09327502,1,Ｅ・ＨＥＲＯ ボルテック,元素英雄 电流侠,Elemental HERO Voltic
09334391,2,宝玉の絆,宝玉的牵绊,Crystal Bond
09336190,3,幻影騎士団ミストクロウズ,幻影骑士团 雾鸦爪,The Phantom Knights of Mist Claws
09341993,3,魔救の救砕,魔救之救碎,Adamancipator Relief
09342162,1,彼岸の悪鬼 ハロウハウンド,彼岸的恶鬼 卡尼亚佐,"Cagna, Malebranche of the Burning Abyss"
09348522,1,浮鵺城,浮鵺城,Cloudcastle
09349094,1,神樹獣ハイペリュトン,神树兽 许珀利冬,"Sacred Tree Beast, Hyperyton"
09350312,1,丘と芽吹の春化精,丘与发芽的春化精,Vernusylph of the Flourishing Hills
09354555,2,フォトン・ベール,光子帷幕,Photon Veil
09365703,1,スピード・ウォリアー,高速战士,Speed Warrior
09373534,2,風魔手裏剣,风魔手里剑,Fuhma Shuriken
09391354,1,グラビ・クラッシュドラゴン,重力击龙,Gravi-Crush Dragon
09396662,1,氷結界の鏡魔師,冰结界的镜魔师,Mirror Mage of the Ice Barrier
09400127,1,溟界の漠－フロギ,溟界之漠-胡洛吉,"Flogos, the Ogdoadic Boundless"
09402966,1,超重武者タマ－Ｃ,超重武者 魂-C,Superheavy Samurai Battleball
09409625,3,虚無械アイン,虚无械,Empty Machine
09411399,1,Ｄ－ＨＥＲＯ ディアボリックガイ,命运英雄 魔性人,Destiny HERO - Malicious
09416697,1,ゴーティスの守人イーノック,魊影的守人 伊诺克,"Eanoc, Sentry of the Ghoti"
09418365,1,武神－ヒルメ,武神-日孁,Bujin Hirume
09418534,1,人造人間－サイコ・リターナー,人造人-念力归来者,Jinzo - Returner
09430387,1,ララ・ライウーン,雷云怪,LaLa Li-oon
09433350,1,Ｓｉｎ 青眼の白龍,罪 青眼白龙,Malefic Blue-Eyes White Dragon
09453320,1,海皇精 アビストリーテ,海皇精 深渊特里忒,"Abysstrite, the Atlantean Spirit"
09464441,1,魔救の奇跡－ドラガイト,魔救之奇迹-巨龙晶石,Adamancipator Risen - Dragite
09482987,1,聖魔の大賢者エンディミオン,圣魔之大贤者 恩底弥翁,"Endymion, the Magistus of Mastery"
09485511,1,Ｕ.Ａ.カストディアン,超级运动员 守门员,U.A. Goalkeeper
09486959,1,神隠し鬼火丸,神隐鬼火丸,Onibimaru Soul Sweeper
09491461,1,ガガガガンバラナイト,我我我加把劲骑士,Gagaga Ganbara Knight
09505425,1,法典の大賢者クロウリー,法典之大贤者 克劳利,"Crowley, the Magistus of Grimoires"
09523599,1,スタック・リバイバー,堆栈修复员,Stack Reviver
09540040,1,岩石カメッター,岩石龟,Boulder Tortoise
09547962,2,オイラーサーキット,欧拉回路,Euler's Circuit
09551692,1,マスター・オブ・ＨＡＭ,HAM之主,Master of Ham
09553721,2,霊魂の拠所,灵魂的据所,Shinobird Power Spot
09560338,1,魔導冥士 ラモール,魔导冥士 拉莫尔,Reaper of Prophecy
09576193,2,モンスター・スロット,怪兽角子机,Monster Slots
09581215,3,連鎖空穴,连锁空穴,Chain Hole
09583383,1,ガガガカイザー,我我我帝王,Gagaga Caesar
09596126,1,カオス・ソーサラー,混沌巫师,Chaos Sorcerer
09597987,2,天地晦冥,天地晦冥,Tenchi Kaimei
09603252,1,ウィッチクラフト・バイスマスター,魔女术代理师傅,Witchcrafter Vice-Madame
09603356,1,シャドウナイトデーモン,暗影骑士恶魔,Shadowknight Archfiend
09608555,1,転生炎獣ブレイズ・ドラゴン,转生炎兽 烈焰龙,Salamangreat Blaze Dragon
09617996,1,レグレクス・パラディオン,狮子王之圣像骑士,Crusadia Regulex
09622164,2,Ｄ・Ｄ・Ｒ,异次元复活,D.D.R. - Different Dimension Reincarnation
09627468,1,甲虫合体ゼクスタッガー,甲虫合体 六虫锹甲斗士,Humongous Hive Hegemon - Zexstagger
09628664,1,地母神アイリス,地母神 艾莉丝,"Iris, the Earth Mother"
09633505,1,ガーディアン・ケースト,守护者·凯丝特,Guardian Kay'est
09634146,1,シグナル・ウォリアー,信号战士,Signal Warrior
09637706,1,デス・ウォンバット,死亡袋熊,Des Wombat
09653271,1,雷神の怒り,雷神之怒,Kaminari Attack
09659580,2,方界業,方界业,Cubic Karma
09666558,1,ゴーレム・ドラゴン,石龙,Golem Dragon
09674034,1,スネークアイ・エクセル,蛇眼梣树灵,Snake-Eye Ash
09677699,2,ガラスの靴,水晶鞋,Glass Slippers
09709452,1,烈日の騎士ガイアブレイズ,烈日之骑士 盖亚烈焰,"Gaia Blaze, the Force of the Sun"
09715126,3,起動指令 ギア・フォース,起动指令 齿轮武力,Boot-Up Order - Gear Force
09718968,1,フォトン・スレイヤー,光子杀戮者,Photon Slasher
09720537,2,所有者の刻印,所有者的刻印,Owner's Seal
09726840,2,閃刀起動－リンケージ,闪刀起动-连刀,Sky Striker Mobilize - Linkage!
09742784,1,ジェット・シンクロン,喷气同调士,Jet Synchron
09744376,3,ゴブリンのやりくり上手,哥布林的经营手腕,Good Goblin Housekeeping
09748752,1,邪帝ガイウス,邪帝 盖乌斯,Caius the Shadow Monarch
09753964,1,琰魔竜 レッド・デーモン・アビス,琰魔龙 红莲魔·渊,Hot Red Dragon Archfiend Abyss
09763474,1,盛悴のリザルドーズ,盛悴之致命毒蜥,Haggard Lizardose
09765723,3,戦乙女の契約書,女武神的契约书,Dark Contract with the Witch
09780364,2,剣闘調教,剑斗调教,Gladiator Taming
09785661,1,飢渇聖徒エリュシクトーン,饥渴圣徒 裂火日饕,Azamina Sol Erysichthon
09786492,2,白竜降臨,白龙降临,White Dragon Ritual
09791914,1,白銀のスナイパー,白银之狙击手,Silver Sentinel
09794980,1,夢幻転星イドリース,梦幻转星 易德莉丝,Knightmare Incarnation Idlee
09798352,1,奇采のプルフィネス,奇采之普鲁菲尼斯,"Prufinesse, the Tactical Trapper"
09817927,1,逆ギレパンダ,反怒的熊猫,Gyaku-Gire Panda
09822220,1,天獄の王,天狱之王,Lord of the Heavenly Prison
09831539,2,タンホイザーゲート,唐怀瑟之门,Tannhauser Gate
09837195,1,ガスタの神官 ムスト,薰风的神官 穆斯托,"Musto, Oracle of Gusto"
09839115,1,月朧龍ヴァグナワ,月胧龙 巴库那瓦,Vagnawa the Moon-Eating Dragon
09839945,1,照耀の光霊使いライナ,照耀之光灵使 莱娜,"Lyna the Light Charmer, Lustrous"
09845733,2,覚醒の証,觉醒之证,Emblem of the Awakening
09848939,1,樹海の射手,树海的射手,Woodland Archer
09852718,3,決別,诀别,Break Away
09861795,1,モグモール,遁地鼹鼠,Mogmole
09888196,1,Ａ・Ｏ・Ｊ ディサイシブ・アームズ,正义盟军 决战兵器,Ally of Justice Decisive Armor
09897998,1,ガスタ・コドル,薰风鹫,Gusto Codor
09910360,1,ガエル・サンデス,三死青蛙,D.3.S. Frog
09925982,3,ブラック・リベンジ,黑翼复仇,Black Wing Revenge
09929398,1,ＢＦ－朧影のゴウフウ,黑羽-胧影之业风,Blackwing - Gofu the Vague Shadow
09940036,1,メレオロジック・アグリゲーター,分体论聚合员,Mereologic Aggregator
09952083,2,サモンチェーン,召唤连锁,Chain Summoning
09989792,2,トラミッド・フォートレス,三形金字塔·大要塞,Triamid Fortress
09995766,3,宮廷のしきたり,宫廷的规矩,Imperial Custom
09999961,2,ビーストレイジ,兽怒,Beast Rage
10000000,1,オベリスクの巨神兵,欧贝利斯克之巨神兵,Obelisk the Tormentor
10000010,1,ラーの翼神竜,太阳神之翼神龙,The Winged Dragon of Ra
10000020,1,オシリスの天空竜,奥西里斯之天空龙,Slifer the Sky Dragon
10000030,1,マジマジ☆マジシャンギャル,眼盯盯☆魔术辣妹,Magi Magi ☆ Magician Gal
10000040,1,光の創造神 ホルアクティ,光之创造神 哈拉克提,Holactie the Creator of Light
10000080,1,ラーの翼神竜－球体形,太阳神之翼神龙-球体形,The Winged Dragon of Ra - Sphere Mode
10000090,1,ラーの翼神竜－不死鳥,太阳神之翼神龙-不死鸟,The Winged Dragon of Ra - Immortal Phoenix
10002346,1,ガチガチガンテツ,硬邦邦岩铁,Gachi Gachi Gantetsu
10004783,2,宝玉の解放,宝玉的解放,Crystal Release
10012614,2,勇気の旗印,勇气的旗印,Banner of Courage
10019086,1,鉄獣式強襲機動兵装改“ＢｕｃｅｐｈａｌｕｓＩＩ”,铁兽式强袭机动兵装改“牛头伯劳2”,Tri-Brigade Arms Bucephalus II
10024317,1,パラメタルフォーゼ・メルキャスター,混炼装勇士·汞巫,Parametalfoes Melcaster
10026986,1,ワーム・キング,异虫王,Worm King
10028593,1,輪廻天狗,轮回天狗,Reborn Tengu
10032958,1,神竜－エクセリオン,神龙-艾克塞利翁,Divine Dragon - Excelion
10035717,2,ウェポンチェンジ,武器交换,Weapon Change
10040267,1,新生代化石マシン スカルバギー,新生代化石机动车 骷髅全地形车,Fossil Machine Skull Buggy
10045474,3,無限泡影,无限泡影,Infinite Impermanence
10060427,1,コアキメイル・ルークロード,核成城主,Koa'ki Meiru Rooklord
10065487,2,烙印喪失,烙印丧失,Branded Loss
10069180,3,魔力終了宣告,魔力终了宣告,Spell-Stopping Statute
10071151,1,トワイライトロード・ソーサラー ライラ,暮光道巫师 丽拉,"Lyla, Twilightsworn Enchantress"
10071456,1,王座の守護者,王座守护者,Protector of the Throne
10080320,2,ジュラシックワールド,侏罗纪世界,Jurassic World
10097168,1,タイガードラゴン,虎龙,Tiger Dragon
10110717,1,メカウサー,机械兔,Mecha Bunny
10113611,1,エレキハダマグロ,电气黄鳍金枪鱼,Wattuna
10117149,1,ブンボーグ００５,文具电子人005,Deskbot 005
10118318,3,トゥルース・リインフォース,休战增援,Reinforce Truth
10125011,2,星守の騎士団,星守之骑士团,Constellar Tellarknights
10131855,3,暗黒界の洗脳,暗黑界的洗脑,Dark World Brainwashing
10132124,1,ウイングトータス,翼龟,Wingtortoise
10140443,1,転生炎獣バースト・グリフォン,转生炎兽 爆裂狮鹫,Salamangreat Burst Gryphon
10158145,1,夢幻崩界イヴリース,梦幻崩界 伊娃力丝,Knightmare Corruptor Iblee
10163855,1,シェル・ナイト,贝壳骑士,Shell Knight
10178757,1,レアル・ジェネクス・オラクル,真次世代预言机,R-Genex Oracle
10182251,1,ＬＬ－ベリル・カナリー,抒情歌鸲-绿柱石金丝雀,Lyrilusc - Beryl Canary
10186633,2,ＥＮシャッフル,EN切换,EN Shuffle
10189126,1,仮面魔道士,假面魔道士,Masked Sorcerer
10194329,1,ＲＲ－アベンジ・ヴァルチャー,急袭猛禽-复仇秃鹫,Raidraptor - Avenge Vulture
10202894,1,スカイ・ハンター,天空猎手,Skull Red Bird
10204849,2,フルール・ド・フルーレ,鲜花花剑,Fleuret de Fleur
10209545,1,朽ち果てた武将,腐朽的武将,Decayed Commander
10218411,2,二重融合,二重融合,Double Fusion
10236520,1,忍者義賊ゴエゴエ,忍者义贼 五卫五卫,Goe Goe the Gallant Ninja
10239627,1,マジカル・アブダクター,魔力诱导者,Magical Abductor
10248192,2,ヒエログリフの石版,圣书体石板,Hieroglyph Lithograph
10248389,1,サイバー・ブレイダー,电子化冰刀手,Cyber Blader
10262698,1,イースター島のモアイ,复活节岛石像,The Statue of Easter Island
10275411,2,エクシーズ・リベンジ,超量复仇,Xyz Revenge
10282757,3,プランクスケール,浮朗克尺度,Planckton
10286023,1,魔救の奇石－ドラガイト,魔救之奇石-巨龙晶石,Adamancipator Crystal - Dragite
10300821,1,ＣＮｏ.７９ ＢＫ 将星のカエサル,混沌No.79 燃烧拳击手 将星之帝环拳王,Number C79: Battlin' Boxer General Kaiser
10312660,3,未界域の歓待,未界域的欢待,You're in Danger!
10315429,1,カッター・ロボ,切割机器人,Yaiba Robo
10321588,1,サンライト・ユニコーン,日光独角兽,Sunlight Unicorn
10333641,1,超重武者オン－３２,超重武者 隐密-32,Superheavy Samurai Stealthy
10352095,2,幻惑の巻物,幻惑之卷物,Scroll of Bewitchment
10365322,1,起爆獣ヴァルカノン,起爆兽 火神炮龙,Ignition Beast Volcannon
10375182,1,コマンド・ナイト,指挥骑士,Command Knight
10383554,1,デストーイ・ホイールソウ・ライオ,魔玩具·轮锯狮,Frightfur Leo
10389142,1,Ｎｏ.４２ スターシップ・ギャラクシー・トマホーク,No.42 星舰·银河战斧鹰,Number 42: Galaxy Tomahawk
10389794,1,デス・ドーナツ,死亡甜甜圈,Doom Donuts
10406322,1,森羅の守神 アルセイ,森罗的守神 森精,"Alsei, the Sylvan High Protector"
10424147,2,超量機艦マグナキャリア,超级量子机舰 炎磁大母舰,Super Quantal Mech Ship Magnacarrier
10441498,1,輝神鳥ヴェーヌ,辉神鸟 贝努鸟,"Vennu, Bright Bird of Divinity"
10443957,1,サイバー・ドラゴン・インフィニティ,电子龙·无限,Cyber Dragon Infinity
10449150,1,シャトルロイド,航天机人,Shuttleroid
10456559,1,悪魂邪苦止,恶魂邪苦止,T.A.D.P.O.L.E.
10474647,1,五月豹,五月豹,Depresspard
10476868,1,ガンロック,机枪岩,Barrel Rock
10485110,1,海竜神－ネオダイダロス,海龙神-尼奥泰达路斯,Ocean Dragon Lord - Neo-Daedalus
10489311,3,ヒーロー・メダル,英雄奖章,Hero Medal
10493654,2,Ａｉ－コンタクト,眼神接触-关“艾”,A.I. Contact
10497636,1,ウォークライ・メテオラゴン,战吼斗士·迈泰奥拉贡,War Rock Meteoragon
10505300,1,スロワースワロー,投送燕,Slower Swallow
10509340,1,古代の機械獣,古代的机械兽,Ancient Gear Beast
10515412,1,ライトストーム・ドラゴン,光辉暴风龙,Lightstorm Dragon
10526791,1,Ｅ・ＨＥＲＯ ワイルドジャギーマン,元素英雄 锯齿荒野侠,Elemental HERO Wildedge
10530913,1,森羅の賢樹 シャーマン,森罗的贤树 舍曼将军树,Sylvan Sagequoia
10532969,1,エンシェント・シャーク ハイパー・メガロドン,古代鲨 超巨齿鲨,Hyper-Ancient Shark Megalodon
10537981,3,リターンソウル,回魂,Return Soul
10538007,1,レオグン,狮子王,Leogun
10547580,1,古代の機械弩士,古代的机械弩士,Ancient Gear Ballista
10552026,1,剛鬼ジャドウ・オーガ,刚鬼 邪道食人魔,Gouki Heel Ogre
10560119,1,フィッシュボーグ－ドクター,电子鱼人-博士,Fishborg Doctor
10584050,3,スプリガンズ・ブラスト！,护宝炮妖爆破！,Springans Blast!
10591919,1,Ｄ・スコープン,变形斗士·显微镜,Morphtronic Scopen
10598400,1,ザリガン,龙虾怪,Zarigun
10602628,1,ＢＦ－魔風のボレアース,黑羽-魔风之玻瑞阿斯,Blackwing - Boreastorm the Wicked Wind
10604644,1,セリオンズ“キング”レギュラス,兽带斗神“王者”轩辕十四,"Therion ""King"" Regulus"
10612222,3,妖仙獣の居太刀風,妖仙兽的居太刀风,Yosenjus' Sword Sting
10613952,1,神聖騎士王アルトリウス,神圣骑士王 阿托利斯,Sacred Noble Knight of King Artorigus
10632284,3,ミメシスエレファント,拟态象,Mimesis Elephant
10642488,1,ビック・バイパー Ｔ３０１,V形蛇T301,Vic Viper T301
10651797,3,ツバメ返し,燕返,Swallow Flip
10666000,1,Ｎｏ.１ インフェクション・バアル・ゼブル,No.1 感染蝇王 巴力·西卜,Number 1: Infection Buzzking
10667321,2,古のルール,古之规则,Ancient Rules
10669138,1,Ｌ・Ｇ・Ｄ,连神龙,Five-Headed Link Dragon
10678778,1,魔海城アイガイオン,魔海城 埃该翁,Aegaion the Sea Castrum
10691144,2,氷結界の鏡,冰结界之镜,Mirror of the Ice Barrier
10698416,1,クローラー・ランヴィエ,机怪虫·郎飞结虫,Krawler Ranvier
10705656,1,ウィジェット・キッド,控件小子,Widget Kid
10712320,1,ヴァイロン・スティグマ,斯蒂格马大日,Vylon Stigma
10719350,2,炎舞－「天枢」,炎舞-「天枢」,Fire Formation - Tensu
10723472,2,バーニング・ソウル,燃烧之魂,Burning Soul
10731333,1,ＥＭオッドアイズ・ミノタウロス,娱乐伙伴 异色眼牛头人,Performapal Odd-Eyes Minitaurus
10732060,1,ＨＳＲグライダー２,高速疾行机人 滑翔骑手2飞镖式,Hi-Speedroid Glider #2
10736540,1,湖の乙女ヴィヴィアン,湖中少女 薇薇安,Lady of the Lake
10753491,1,森羅の神芽 スプラウト,森罗的神芽 幼芽,Sylvan Cherubsprout
10755153,1,ガーディアン・シール,守护者·希尔,Guardian Ceal
10755984,1,ダイガスタ・イグルス,大薰风天鹰,Daigusto Eguls
10759529,3,キッズ・ガード,小子防御,Kid Guard
10774240,1,粛声なる守護者ローガーディアン,肃声之守护者 法理守护者,"Skull Guardian, Protector of the Voiceless Voice"
10780049,3,ピュアリィ・シェアリィ！？,纯爱妖精共享！？,Purrely Sharely!?
10789972,1,覚醒戦士 クーフーリン,觉醒战士 库丘林,Cú Chulainn the Awakened
10793085,2,鉄獣の咆哮,铁兽的咆哮,Tri-Brigade Roar
10796448,1,Ａ★スペキュレーション,A★黑桃之猜大小剑士,Ace★Spades Speculation
10802915,1,魔界発現世行きデスガイド,由魔界到现世的死亡导游,Tour Guide From the Underworld
10804018,1,粛声なる竜神サフィラ,肃声之龙神 萨菲拉,"Saffira, Divine Dragon of the Voiceless Voice"
10805153,2,ウィッチクラフト・コラボレーション,魔女术的合作,Witchcrafter Collaboration
10807219,1,ニュービー！,菜鸟新蜂族！,Newbee!
10809984,1,世紀の大泥棒,世纪大盗,Great Phantom Thief
10813327,3,やぶ蛇,打草惹蛇,Waking the Dragon
10817524,1,始祖竜ワイアーム,始祖龙 古龙,First of the Dragons
10833828,2,魔神王の禁断契約書,魔神王的禁断契约书,Forbidden Dark Contract with the Swamp King
10851853,1,フラワーダイノ,恐花鳄,Flowerdino
10852583,1,ヤジロベーダー,平衡侵略者,Yajiro Invader
10859908,1,ホログラー,全息投影者,Holograh
10860121,1,武神器－イオツミ,武神器-五百箇,Bujingi Pavo
10875327,1,地縛神 Ａｓｌｌａ ｐｉｓｃｕ,地缚神 阿斯利亚·皮斯科,Earthbound Immortal Aslla piscu
10877309,2,クロノダイバー・スタートアップ,时间潜行者启动,Time Thief Startup
10920352,1,Ｍ・ＨＥＲＯ ヴェイパー,假面英雄 雾水,Masked HERO Vapor
10925955,2,儀水鏡との交信,与仪水镜的交信,Contact with the Aquamirror
10928224,1,アマゾネスペット仔虎,亚马逊宠物仔虎,Amazoness Baby Tiger
10938846,2,心の架け橋,心之桥梁,Rainbow Bridge of the Heart
10949074,1,アナザー・バース・ストラディオス,异宇宙军神,Anotherverse Stratios
10960419,1,タイムマジック・ハンマー,时间魔术锤,Time Magic Hammer
10963799,1,豪雨の結界像,豪雨之结界像,Barrier Statue of the Torrent
10971759,3,光虫異変,光虫异变,Bug Emergency
10979723,1,アマゾネスペット虎,亚马逊宠物虎,Amazoness Tiger
10992251,1,超時空戦闘機ビック・バイパー,超时空战斗机 V形蛇,Gradius
11012154,1,守護竜ユスティア,守护龙 朱斯提亚,Guardragon Justicia
11012887,1,ジュラック・グアイバ,朱罗纪瓜巴龙,Jurrac Guaiba
11020863,1,ロイヤル・ストレート・スラッシャー,同花大顺剑士,Royal Straight Slasher
11021521,1,ネコマネキング,招财猫王,Neko Mane King
11024707,1,回猫,回猫,Flipping Feline
11039171,1,デストーイ・シザー・ウルフ,魔玩具·剪刀狼,Frightfur Wolf
11047543,2,サイコ・フィール・ゾーン,念力感知区,Psychic Feel Zone
11050415,2,超カバーカーニバル,超河马狂欢节,Super Hippo Carnival
11052544,2,セイバー・スラッシュ,剑斩,Saber Slash
11066358,1,ギャラクシーサーペント,银河海蛇,Galaxy Serpent
11067666,1,白翼の魔術師,白翼之魔术师,White Wing Magician
11069680,1,ジャンク・コンバーター,废品转换者,Junk Converter
11074235,1,魔晶龍ジルドラス,魔晶龙 水胆魔导神,Mana Dragon Zirnitron
11082056,2,クリティウスの牙,克里底亚之牙,The Fang of Critias
11091375,1,サファイアドラゴン,蓝宝石龙,Luster Dragon
11102908,2,紫炎の霞城,紫炎的霞城,Shien's Castle of Mist
11109820,3,エクシーズ・ユニバース,超量宇宙,Xyz Universe
11110218,3,常世離レ,常世离,Terrors of the Underroot
11110587,2,隣の芝刈り,邻家割草,That Grass Looks Greener
11125718,1,ランサー・ドラゴニュート,枪兵龙人,Lancer Dragonute
11132674,1,ギガンティック“チャンピオン”サルガス,巨大喷流“冠军”尾宿五,"Gigantic ""Champion"" Sargas"
11136371,3,カウンター・ジェム,反击宝石,Counter Gem
11155484,3,宝玉の奇跡,宝玉的奇迹,Crystal Miracle
11159464,1,ワーム・ホープ,霍普异虫,Worm Hope
11163040,2,壊獣の出現記録,坏兽的出现记录,The Kaiju Files
11167052,3,霊神統一,灵神统一,Elemental Training
11193246,3,月光輪廻舞踊,月光轮回舞踊,Lunalight Reincarnation Dance
11221418,3,武神隠,武神隐,Bujincident
11224103,1,ホルスの黒炎竜 ＬＶ６,荷鲁斯之黑炎龙 LV6,Horus the Black Flame Dragon LV6
11224934,3,強化空間,强化空间,Reinforced Space
11228035,3,エクシーズ・ソウル,超量之魂,Xyz Soul
11232355,1,ディストラクター,超能破坏者,Destructotron
11234702,1,ＴＧ スクリュー・サーペント,科技属 螺旋桨蛇,T.G. Screw Serpent
11250655,1,水陸の帝王,水陆的帝王,Emperor of the Land and Sea
11260714,1,堕天使スペルビア,堕天使 苏泊比亚,Darklord Superbia
11264180,2,ＴＧＸ１－ＨＬ,TGX1-HL,TGX1-HL
11270236,1,召喚獣エリュシオン,召唤兽 埃律西昂,Invoked Elysium
11287364,1,クイック・スパナイト,速攻扳手骑士,Quick-Span Knight
11302671,1,魔救の分析者,魔救之分析者,Adamancipator Analyzer
11317977,1,月光黒羊,月光黑羊,Lunalight Black Sheep
11321089,1,ガーディアン・キマイラ,守护者·奇美拉,Guardian Chimera
11321183,1,闇魔界の戦士 ダークソード,暗魔界的战士 暗黑之剑,Dark Blade
11324436,1,エレクトリック・スネーク,电蛇,Electric Snake
11327848,1,修士号ディプロマン,修士号 文凭人,Master's Diploman
11335209,1,ホルスの祝福－ドゥアムテフ,荷鲁斯的祝福-多姆泰夫,"Duamutef, Blessing of Horus"
11366199,1,ダーク・シムルグ,暗黑神鸟 斯摩夫,Dark Simorgh
11373345,3,無力の証明,无力的证明,Proof of Powerlessness
11375683,1,ティンダングル・トリニティ,廷达魔三角之三位一体,Tindangle Trinity
11384280,1,キャノン・ソルジャー,加农炮兵,Cannon Soldier
11390349,1,ナチュル・フライトフライ,自然飞蝇,Naturia Fruitfly
11398059,1,キングレムリン,精怪王,King of the Feral Imps
11398951,2,機械天使の絶対儀式,机械天使的绝对仪式,Machine Angel Absolute Ritual
11411223,1,Ｎｏ.１０ 白輝士イルミネーター,No.10 白辉士 启明者,Number 10: Illumiknight
11426487,1,花騎士団の白馬,花骑士团的白马,White Steed of the Floral Knights
11429811,3,ワーニングポイント,警告点,Warning Point
11434258,3,蛇龍の枷鎖,蛇龙的枷锁,Saryuja's Shackles
11439455,1,月光蒼猫,月光苍猫,Lunalight Blue Cat
11441009,1,Ｐ.Ｕ.Ｎ.Ｋ.ＪＡＭ ＦＥＶＥＲ！,朋克即兴狂热！,P.U.N.K. JAM FEVER!
11443677,1,ブルーアイズ・タイラント・ドラゴン,青眼暴君龙,Blue-Eyes Tyrant Dragon
11448373,1,グレイヴ・キーパー,墓场看守者,Grave Protector
11449436,1,氷河のアクア・マドール,冰河之水魔道士,Glacier Aqua Madoor
11458071,1,天魔神 エンライズ,天魔神 恩莱兹,Sky Scourge Enrise
11460577,1,エトワール・サイバー,电子化明星,Etoile Cyber
11464648,1,刻まれし魔レクストレメンデ,刻魔 赫赫君王,Fiendsmith's Rextremende
11471117,2,ライトイレイザー,光之抹杀剑,Light Laser
11475049,1,アーティファクト－アキレウス,古遗物-勇士盾,Artifact Achilleshield
11481610,2,ＥＭポップアップ,娱乐伙伴弹出,Performapal Popperup
11489642,2,トライアングル－Ｏ,三角阵-O,Triangle O
11493868,2,フォルテッシモ,极强音,Fortissimo
11496832,1,プリンシパグ,巴哥犬君主,Principug
11501629,3,キックファイア,踢火,Kickfire
11502550,1,Ｅ・ＨＥＲＯ エアー・ネオス,元素英雄 天空新宇侠,Elemental HERO Air Neos
11508758,1,ミュータント・ハイブレイン,变异先导者,Mutant Mindmaster
11510448,1,十二獣タイグリス,十二兽 虎炮,Zoodiac Tigermortar
11516241,1,剛鬼ザ・パワーロード・オーガ,刚鬼 力道食人魔,Gouki The Powerload Ogre
11522479,1,ＢＫ アッパーカッター,燃烧拳击手 上勾拳手,Battlin' Boxer Uppercutter
11522979,1,ＣＮｏ.６９ 紋章死神カオス・オブ・アームズ,混沌No.69 纹章死神 沌徽,Number C69: Heraldry Crest of Horror
11548522,1,迷犬マロン,迷犬 小栗子,Outstanding Dog Marron
11549357,1,磁石の戦士γ,磁石战士γ,Gamma The Magnet Warrior
11556339,3,霊獣の連契,灵兽的连契,Ritual Beast Steeds
11587414,2,真なる太陽神,真正的太阳神,The True Sun God
11590299,1,ドラ・ドラ,龙宝龙,Dora Dora
11593137,3,混沌の落とし穴,混沌落穴,Chaos Trap Hole
11596936,3,レクリスパワー,失控能量,Reckoned Power
11609969,1,ＤＤ魔導賢者ケプラー,DD 魔导贤者 开普勒,D/D Savant Kepler
11613567,1,ＢＦ－漆黒のエルフェン,黑羽-漆黑之艾尔芬,Blackwing - Elphin the Raven
11637481,1,Ｕ.Ａ.リベロスパイカー,超级运动员 自由人攻手,U.A. Libero Spiker
11646785,1,超量機獣エアロボロス,超级量子机兽 大气衔尾蛇,Super Quantal Mech Beast Aeroboros
11654067,2,ファイヤー・エジェクション,火焰喷射,Fire Ejection
11662742,1,ジェルエンデュオ,双生天使,Gellenduo
11674673,1,サイバース・ウィッチ,电子界魔女,Cyberse Witch
11678191,1,守護霊アイリン,守护灵 爱琳,Protective Soul Ailin
11682713,1,森羅の葉心棒 ブレイド,森罗的叶心棒 叶片,Sylvan Bladefender
11685347,1,連爆魔人,连爆魔人,Blast Asmodian
11699941,2,カラクリ蝦蟇油,机巧蛤蟆油,Karakuri Gama Oil
11705261,2,エクシーズ・チェンジ・タクティクス,超量变身战术,Xyz Change Tactics
11711438,2,戦華史略－三顧礼迎,战华史略-三顾礼迎,Ancient Warriors Saga - Three Visits
11714098,1,３万年の白亀,3万年的白龟,"30,000-Year White Turtle"
11722335,1,ワーム・ゼクス,泽克斯异虫,Worm Xex
11738489,1,ジ・アライバル・サイバース＠イグニスター,电子界到临者@火灵天星,The Arrival Cyberse @Ignister
11741041,3,サンダー・ボトル,雷瓶,Raigeki Bottle
11743119,1,ユニオン・ライダー,同盟骑手,Union Rider
11747708,1,スポーア,孢子,Spore
11755663,1,ダイナレスラー・マーシャルアンガ,恐龙摔跤手·武术崇高龙,Dinowrestler Martial Anga
11759079,1,双天脚の鴻鵠,双天脚之鸿鹄,Dual Avatar Feet - Kokoku
11760174,1,言語道断侍,言语道断侍,Sasuke Samurai #2
11761845,1,タルワール・デーモン,塔瓦弯刀恶魔,Beast of Talwar
11765832,1,共命の翼ガルーラ,共命之翼 迦楼罗,"Garura, Wings of Resonant Life"
11790356,1,破戒蛮竜－バスター・ドラゴン,破戒蛮龙-破坏龙,Buster Dragon
11793047,1,ゴーゴン・エッグ,戈耳工蛋,Gorgon Egg
11801343,1,ガベージコレクター,垃圾收集员,Garbage Collector
11802691,3,シャルルの叙事詩,查理史诗,The Continuing Epic of Charles
11808215,2,ダイス・ダンジョン,骰子地城,Dice Dungeon
11813722,2,パルキオンのうろこ,木鳞龙的鳞片,Barkion's Bark
11813953,1,グレート・アンガス,大型肉畜,Great Angus
11819473,2,アルカナリーディング,秘仪读牌,Arcana Reading
11819616,1,椿姫ティタニアル,椿姬 提泰妮娅,"Tytannial, Princess of Camellias"
11825276,1,戎の忍者－冥禪,戎之忍者-冥禅,Meizen the Battle Ninja
11827244,2,円融魔術,圆融魔术,Magicalized Fusion
11830996,2,エンシェント・リーフ,古之叶,Ancient Leaf
11834972,1,ラヴァル・ガンナー,熔岩炮击手,Laval Blaster
11845050,1,ライトハンド・シャーク,右手鲨,Right-Hand Shark
11851647,1,ハイ・キューピット,排球小爱神,Cupid Volley
11868731,1,マドルチェ・マジョレーヌ,魔偶甜点·玛德莲魔女,Madolche Magileine
11868825,2,ゴブリンの秘薬,哥布林的秘药,Goblin's Secret Remedy
11877465,1,イビリチュア・マインドオーガス,邪遗式心灵女食人魔,Evigishki Mind Augus
11881272,2,フェイバリット・ヒーロー,至爱英雄,Favorite Hero
11901678,1,ブラック・デーモンズ・ドラゴン,暗黑魔龙,Black Skull Dragon
11908584,3,守護竜の核醒,守护龙的核醒,Guardragon Corewakening
11913700,2,インスタント・ネオスペース,简易新宇宙,Instant Neo Space
11925569,3,狩猟本能,狩猎本能,Hunting Instinct
11954712,1,フライファング,飞牙鲛,Flyfang
11958188,1,武神器－マフツ,武神器-真经津,Bujingi Raven
11961740,2,タイムカプセル,时间胶囊,Different Dimension Capsule
11962031,1,サラマングレイト・オブ・ファイア,炽焰转生炎兽小妖,Salamangreat of Fire
11969228,1,ドラグニティナイト－ロムルス,龙骑兵团骑士-始枪龙骑士,Dragunity Knight - Romulus
11975962,3,抹殺の聖刻印,抹杀之圣刻印,Hieratic Seal of Banishment
11987744,1,忍犬ワンダードッグ,忍犬 奇狗,Nin-Ken Dog
12014404,1,ガガガガンマン,我我我枪手,Gagaga Cowboy
12015000,1,新生代化石竜 スカルガー,新生代化石龙 骷髅岩壁龙,Fossil Dragon Skullgar
12018201,1,ラヴァルバル・エクスロード,熔岩谷爆烈王,Lavalval Exlord
12021072,2,大胆無敵,大胆无敌,Child's Play
12023931,1,ブースター・ドラゴン,放大龙,Booster Dragon
12057781,1,スカゴブリン,落空哥布林,Goblin Calligrapher
12058741,1,スネークアイ・ワイトバーチ,蛇眼桦树灵,Snake-Eye Birch
12061457,1,ソウル・シザー,灵魂剪刀,Soul Scissors
12067160,1,麗しき磁律機壊,美丽的磁律机坏,Zilofthonia Gorgon
12071500,2,ダーク・コーリング,暗黑神召,Dark Calling
12076263,1,ゼンマイドッグ,发条犬,Wind-Up Dog
12079734,1,デルタトライ,三角三,Delta Tri
12081875,1,轟雷機龍－サンダー・ドラゴン,轰雷机龙-雷龙,Thunder Dragon Thunderstormech
12097275,1,剛鬼ハッグベア,刚鬼 熊抱熊精,Gouki Bearhug
12117532,3,罅割れゆく斧,逐渐罅裂之斧,Shattered Axe
12143771,1,逃げまどう民,流离的饥民,People Running About
12146024,1,ボルト・エスカルゴ,电击蜗牛,Bolt Escargot
12148078,2,ＳＲルーレット,疾行机人轮盘,Speedroid Wheel
12152769,1,おねだりゴブリン,强求哥布林,Scrounging Goblin
12160911,1,災いの像,灾厄之像,Elephant Statue of Disaster
12163590,1,ドラゴンメイド・シュテルン,半龙女仆·星夜龙女,Dragonmaid Cehrmba
12171659,1,天空の使者 ゼラディアス,天空的使者 杰拉迪亚斯,"Zeradias, Herald of Heaven"
12172567,1,マインド・キャスリン,心灵王车易位法师,Mind Castlin
12174035,2,ハイドロプレッシャーカノン,水压加农炮,Hydro Pressure Cannon
12181376,2,トライアングル・Ｘ・スパーク,三角神迷火花,Triangle Ecstasy Spark
12183332,2,ショット・ガン・シャッフル,霰弹式洗牌,Card Shuffle
12196873,1,メタファイズ・デコイドラゴン,玄化诱饵龙,Metaphys Decoy Dragon
12197543,3,剣の采配,剑之指挥,Commander of Swords
12206212,1,ハーピィ・レディ三姉妹,鹰身女郎三姐妹,Harpie Lady Sisters
12213463,1,ホワイトローズ・ドラゴン,白蔷薇龙,White Rose Dragon
12215894,2,ブンボーグ・ベース,文具电子人基地,Deskbot Base
12216615,3,コアキメイルの障壁,核成兽的障壁,Koa'ki Meiru Shield
12219047,1,幻影騎士団カースド・ジャベリン,幻影骑士团 诅咒标枪,The Phantom Knights of Cursed Javelin
12235475,1,魔轟神アシェンヴェイル,魔轰神 亚申维尔,Fabled Ashenveil
12247206,2,地獄の暴走召喚,地狱的暴走召唤,Inferno Reckless Summon
12253117,3,世界の平定,世界平定,World Suppression
12255007,1,ＥＭホタルクス,娱乐伙伴 灯泡萤火虫,Performapal Fireflux
12262393,1,磁石の戦士δ,磁石战士δ,Delta The Magnet Warrior
12266229,1,イリュージョン・オブ・カオス,混沌之幻想魔术师,Illusion of Chaos
12275533,1,機動要犀 トリケライナー,机动要犀 铁犀三角龙,Trifortressops
12289247,1,クロノグラフ・マジシャン,刻读之魔术士,Chronograph Sorcerer
12292422,2,標本の閲覧,标本阅览,Specimen Inspection
12296376,1,エレキツツキ,电气啄木鸟,Wattwoodpecker
12298909,1,マテリアルドラゴン,物质龙,Prime Material Dragon
12299841,1,ゼンマイソルジャー,发条士兵,Wind-Up Soldier
12307878,1,召喚獣プルガトリオ,召唤兽 普尔加托里奥,Invoked Purgatrio
12324546,2,漆黒の名馬,漆黑的名马,Legendary Ebon Steed
12332865,1,聖座天嗣ストン,圣座天嗣 坐天使,Thron the Disciplined Angel
12338068,1,真魔獣 ガーゼット,真魔兽 加泽特,Legendary Maju Garzett
12369277,1,超量士ブルーレイヤー,超级量子战士 蓝光层,Super Quantum Blue Layer
12381100,1,究極竜魔導師,究极龙魔导师,Dragon Master Magia
12385638,3,Ｋｏｚｍｏ－エピローグ,星际仙踪-尾声,Kozmourning
12397569,2,神域 バ＝ティスティナ,神域 巴普-提斯蒂娜,Divine Domain Baatistina
12398280,1,勝利の導き手フレイヤ,胜利的引导者 芙蕾雅,"Freya, Spirit of Victory"
12408276,1,Ｋｏｚｍｏ－ダーク・エルファイバー,星际仙踪-达克·艾伐芭,Kozmoll Dark Lady
12421694,1,閃刀姫－カイナ,闪刀姬-魁奈,Sky Striker Ace - Kaina
12423762,1,ガガガガードナー,我我我守卫者,Gagaga Gardna
12435193,1,コアキメイル・ドラゴ,核成龙,Koa'ki Meiru Drago
12436646,1,アクア・スネーク,水蛇,Aqua Snake
12444060,3,アーティファクトの神智,古遗物的神智,Artifact Sanctum
12450071,1,プロキシー・Ｆ・マジシャン,代理F魔术师,Proxy F Magician
12451640,1,フロント・オブザーバー,前线观察员,Frontline Observer
12467005,1,タックルセイダー,阻挡十字军,Tackle Crusader
12469386,1,返り咲く薔薇の大輪,再开的大朵蔷薇,Revival Rose
12470447,2,邪悪な儀式,邪恶的仪式,Curse of Fiend
12472242,1,レッグル,百足虫,Leghul
12482652,1,おジャマ・グリーン,扰乱·绿,Ojama Green
12493482,1,デュナミス・ヴァルキリア,神力女武神,Dunames Dark Witch
12496261,1,ドラグニティナイト－ハールーン,龙骑兵团骑士-祭杖龙骑士,Dragunity Knight - Luin
12501230,1,コンバット・ホイール,战斗车轮,Combat Wheel
12503902,3,レアメタル化・魔法反射装甲,稀有金属化·魔法反射装甲,Rare Metalmorph
12508268,2,フューチャー・ドライブ,未来驱力,Future Drive
12510878,1,天空勇士ネオパーシアス,天空勇士 尼奥珀耳修斯,"Neo-Parshath, the Sky Paladin"
12524259,2,無許可の再奇動,无许可的再奇动,Unauthorized Reactivation
12525049,1,音響戦士ギータス,音响战士 吉他手,Symphonic Warrior Guitaar
12527118,1,カシモラル,卡西莫拉尔,Cassimolar
12533811,1,ベビー・トラゴン,宝贝虎龙,Baby Tiragon
12538374,1,黄泉ガエル,黄泉青蛙,Treeborn Frog
12541409,3,インフェルニティ・サプレッション,永火压制,Infernity Suppression
12571621,1,電脳堺豸－豸々,电脑堺豸-豸豸,Virtual World Xiezhi - Jiji
12580477,2,サンダー・ボルト,雷击,Raigeki
12600382,1,エクゾディア・ネクロス,艾克佐迪亚的亡灵,Exodia Necross
12607053,3,和睦の使者,和睦的使者,Waboku
12612470,1,童妖 茶壺,童妖 茶壶,Procession of the Tea Jar
12615446,1,電子光虫－スカラジエータ,电子光虫-散热器蜣螂,Digital Bug Scaradiator
12624008,1,シャインスピリッツ,光明之灵,Radiant Spirit
12632096,1,超銀河眼の光波龍,超银河眼光波龙,Neo Galaxy-Eyes Cipher Dragon
12644061,2,アドバンスド・ダーク,高等暗黑结界,Advanced Dark
12652643,1,古代の機械究極巨人,古代的机械究极巨人,Ultimate Ancient Gear Golem
12670770,3,サイバー・ネットワーク,电子网络,Cyber Network
12678601,1,ティンダングル・ドールス,廷达魔三角之巨噬蠕虫,Tindangle Dholes
12678870,1,聖霊獣騎 ペトルフィン,圣灵兽骑 川豚,Ritual Beast Ulti-Pettlephin
12682213,3,鉄騎の雷鎚,铁骑的雷锤,Iron Thunder
12686296,1,アルカナフォースＥＸ－ＴＨＥ ＣＨＡＯＳ ＲＵＬＥＲ,秘仪之力EX-混沌支配者,Arcana Force EX - The Chaos Ruler
12694768,1,暴鬼,暴鬼,Abaki
12697630,1,アーティファクト－ベガルタ,古遗物-微怒剑,Artifact Beagalltach
12735388,2,レインボー・ヴェール,虹之衣,Rainbow Veil
12743620,2,ユニゾン・チューン,齐唱调整,Uni-Song Tuning
12744567,1,ＣＮｏ.１０１ Ｓ・Ｈ・Ｄａｒｋ Ｋｎｉｇｈｔ,混沌No.101 寂静荣誉暗黑骑士,Number C101: Silent Honor DARK
12755462,1,ゴブリン穴埋め部隊,哥布林埋穴部队,Goblin Pothole Squad
12760674,2,モルトシュラーク,剑柄杀击,Mordschlag
12766474,1,影王デュークシェード,影王 阴暗公爵,"Duke Shade, the Sinister Shadow Lord"
12800777,1,風の精霊 ガルーダ,风之精灵 迦楼罗,Garuda the Wind Spirit
12801833,2,蟲惑の園,虫惑之园,Traptrip Garden
12804701,3,アロマヒーリング,芳香疗愈,Aroma Healing
12817939,1,漆黒の魔王 ＬＶ６,漆黑之魔王 LV6,Dark Lucius LV6
12822541,1,ＤＤリリス,DD 莉莉丝,D/D Lilith
12829151,1,女剣士カナン,女剑士 迦南,Kanan the Swordmistress
12836042,1,はぐれ者傭兵部隊,落单佣兵部队,Missing Force
12863633,3,五稜星の呪縛,五棱星之咒缚,Curse of the Circle
12877076,2,宝玉神覚醒,宝玉神觉醒,Awakening of the Crystal Ultimates
12883044,1,フレイムダンサー,火焰舞者,Flame Dancer
12923641,2,闇の護封剣,暗之护封剑,Swords of Concealing Light
12927849,1,ＳＺＷ－天聖輝狼剣,闪光异热同心武器-天圣辉狼剑,SZW - Fenrir Sword
12930501,3,暗黒の魔再生,暗黑之魔再生,Dark Spell Regeneration
12931061,2,Ｕ.Ａ.ハイパー・スタジアム,超级运动员高超体育场,U.A. Hyper Stadium
12940613,3,マドルチェ・マナー,魔偶甜点礼仪,Madolche Lesson
12948099,1,古神クトグア,古神 克图格亚,Old Entity Cthugua
12950294,1,スピードローダー・ドラゴン,快速装弹龙,Speedburst Dragon
12953226,1,女邪神ヌヴィア,女邪神 努维娅,Nuvia the Wicked
12954226,1,サークル・オブ・フェアリー,仙女圆环,Circle of the Fairies
12958919,1,幻銃士,幻铳士,Phantom Skyblaster
12965761,1,デス・デンドル,死亡石斛,Des Dendle
12977245,1,オルターガイスト・フィフィネラグ,幻变骚灵·延迟菲芬尼拉,Altergeist Fifinellag
12980373,1,マドルチェ・ミィルフィーヤ,魔偶甜点·千层酥猫咪,Madolche Mewfeuille
12986778,2,機皇帝の賜与,机皇帝的赐与,Boon of the Meklord Emperor
12986807,1,ラヴァル・グレイター,熔岩大石人,Laval the Greater
12989604,3,星遺物からの目醒め,来自星遗物中的觉醒,World Legacy Awakens
13002461,1,魔導戦士 フォルス,魔导战士 法尔丝,Strength of Prophecy
13014905,1,火天獣－キャンドル,火天兽-烛犬,Agnimal Candle
13026402,1,トラップ処理班 Ａチーム,陷阱处理班 A组,A-Team: Trap Disposal Unit
13030280,1,ＣＸ－ＣＨレジェンド・アーサー,混沌超量 漫画英雄 传奇亚瑟,CXyz Comics Hero Legend Arthur
13032689,2,エクシーズ・ユニット,超量组件,Xyz Unit
13035077,2,ドラゴニックＤ,龙神阵·略图,Dragonic Diagram
13039848,1,岩石の巨兵,岩石巨兵,Giant Soldier of Stone
13046291,1,エヴォルド・メガキレラ,进化虫·大手蜥,Evoltile Megachirella
13048472,2,儀式の下準備,仪式的事前准备,Pre-Preparation of Rites
13069066,1,剣竜,剑龙,Sword Arm of Dragon
13070280,2,ティスティナの戯れ,提斯蒂娜的嬉戏,Play of the Tistina
13073850,1,クリフォート・エイリアス,机壳别名 愚钝,Qliphort Stealth
13076804,1,カオス・デーモン－混沌の魔神－,混沌之魔神,Chaos Archfiend
13090893,1,グリッド・スィーパー,网格扫除机,Grid Sweeper
13093792,1,Ｄ－ＨＥＲＯ ダイヤモンドガイ,命运英雄 钻石人,Destiny HERO - Diamond Dude
13108445,1,ジェムナイト・アクアマリナ,宝石骑士·蓝玉,Gem-Knight Aquamarine
13117073,1,警衛バリケイドベルグ,警卫 路障山巨人,Barricadeborg Blocker
13140300,1,神龍の聖刻印,神龙之圣刻印,Hieratic Seal of the Sun Dragon Overlord
13143275,1,守護竜ピスティ,守护龙 毗斯缇,Guardragon Pisty
13166204,3,ガガガラッシュ,我我我突击,Gagagarush
13166648,3,双龍降臨,双龙降临,Double Dragon Descent
13171876,1,ドラゴンメイド・ラドリー,半龙女仆·洗衣龙女,Laundry Dragonmaid
13173832,1,転生炎獣ウルヴィー,转生炎兽 狼獾,Salamangreat Wolvie
13179234,2,ＶＶ～始まりの地～,群豪大战～初始之地～,Vaylantz Wars - The Place of Beginning
13179332,1,大木炭１８,大木炭18,Charcoal Inpachi
13183454,1,零鳥姫リオート・ハルピュイア,零鸟姬 冰鸟女妖,Ice Princess Zereort
13193642,1,ダーク・プラント,暗黑植物,Dark Plant
13210191,2,嵐,风暴,Storm
13215230,1,ドリーム・ピエロ,梦幻小丑,Dream Clown
13220032,1,ヴァイロン・チャージャー,大日充能者,Vylon Charger
13224603,1,機巧嘴－八咫御先,机巧嘴-八咫御先,"Gizmek Yata, the Gleaming Vanguard"
13234975,2,騎甲虫隊上陸態勢,骑甲虫队上陆态势,Beetrooper Landing
13235258,3,蝕みの鱗粉,侵蚀鳞粉,Corrosive Scales
13241004,1,ファーニマル・ペンギン,毛绒动物·企鹅,Fluffal Penguin
13247801,2,機甲部隊の防衛圏,机甲部队的防卫圈,Machina Defense Perimeter
13250922,1,オオアリクイクイアリ,食大食蚁兽蚁,Anteatereatingant
13256226,1,Ｅ・ＨＥＲＯ スピリット・オブ・ネオス,元素英雄 新宇精灵,Elemental HERO Spirit of Neos
13258285,1,Ｕｋ－Ｐ.Ｕ.Ｎ.Ｋ.娑楽斎,浮世绘朋克 娑乐斋,Ukiyoe-P.U.N.K. Sharakusai
13289758,1,流麗の騎士ガイアストリーム,流丽之骑士 盖亚激流,"Gaia Stream, the Graceful Force"
13291886,1,ヴァリアンツＤ－デューク,群豪之统治者-公爵,Vaylantz Dominator Duke
13293158,1,Ｅ－ＨＥＲＯ ワイルド・サイクロン,邪心英雄 荒野风魔,Evil HERO Wild Cyclone
13298352,1,冑の忍者－櫓丸,胄之忍者-橹丸,Yaguramaru the Armor Ninja
13301895,2,失楽園,失乐园,Fallen Paradise
13302026,1,クイーン・バタフライ ダナウス,女王蝶 斑蝶,Queen Butterfly Danaus
13313278,1,ＢＫ ベイル,燃烧拳击手 脱险拳手,Battlin' Boxer Veil
13314457,1,深海の大ウナギ,深海大鳗,Deepsea Macrotrema
13316346,1,起動兵士デッドリボルバー,起动士兵 死亡旋转者,Boot-Up Soldier - Dread Dynamo
13317419,3,ロケットハンド,火箭手,Rocket Hand
13331639,1,覇王龍ズァーク,霸王龙 扎克,Supreme King Z-ARC
13361027,1,ドラグニティ－ブラックスピア,龙骑兵团-黑枪龙,Dragunity Darkspear
13364097,3,電脳堺門－朱雀,电脑堺门-朱雀,Virtual World Gate - Chuche
13382806,1,マタタビ仙狸,木天蓼仙狸,Silvervine Senri
13386407,2,ラヴェナス・ヴェンデット,极饿复仇死者,Ravenous Vendread
13386503,1,ジャッカルの霊騎士,胡狼灵骑士,Ghost Knight of Jackal
13391185,1,聖騎士ガラハド,圣骑士 加拉哈德,Noble Knight Gwalchavad
13408726,1,メタトロンの影霊衣,炼机圣之影灵衣,Nekroz of Metaltron
13409151,1,砂バク,沙貘,Desertapir
13429800,1,グレート・ホワイト,大白鲨,Great White
13438207,3,ブロッサム・ボンバー,花朵炸弹,Blossom Bombardment
13452889,1,ベクター・スケア・デーモン,矢量恐吓恶魔,Vector Scare Archfiend
13455674,1,水晶機巧－グリオンガンド,水晶机巧-中枢大蛇,Crystron Quariongandrax
13455953,1,極星霊ドヴェルグ,极星灵 矮人,Dverg of the Nordic Alfar
13474291,1,雲魔物－ストーム・ドラゴン,云魔物-风暴龙,Cloudian - Storm Dragon
13478040,1,ドングリス,橡子松鼠,Rodenut
13482075,1,ヴェンデット・キマイラ,复仇死者·奇美拉,Vendread Chimera
13482262,2,魔神儀の隠れ房,魔神仪的隐蔽房间,Impcantation Thanatosis
13486638,3,ＲＲ－ファントム・クロー,急袭猛禽-幻影爪,Raidraptor's Phantom Knights Claw
13492423,1,フォトン・カイザー,光子帝王,Photon Caesar
13504844,3,ガトムズの緊急指令,加特姆士的紧急指令,Gottoms' Emergency Call
13510157,1,ティスティナの猟犬,提斯蒂娜之猎犬,Hound of the Tistina
13513663,3,竜魂の城,龙魂之城,Castle of Dragon Souls
13518809,1,破滅の美神ルイン,破灭之美神 露茵,"Ruin, Supreme Queen of Oblivion"
13521194,1,ヘルウェイ・パトロール,地狱公路巡警,Stygian Street Patrol
13522325,1,炎の精霊 イフリート,炎之精灵 伊夫里特,Spirit of Flames
13529466,1,召喚獣カリギュラ,召唤兽 卡利古拉,Invoked Caliga
13532663,1,ダミー・ゴーレム,替身石人,Dummy Golem
13533678,1,スプライト・ジェット,卫星闪灵·喷流灵,Spright Jet
13536606,1,Ｖ－ＬＡＮ ヒドラ,V-LAN多头蛇,V-LAN Hydra
13556444,3,スターダスト・ミラージュ,星尘幻象,Stardust Mirage
13567610,1,無窮機竜カルノール,无穷机龙 卡诺循环龙,Carnot the Eternal Machine
13574687,1,ワンショット・キャノン,一击炮轰士,Turbo Cannon
13582837,1,インフェルニティ・リローダー,永火上膛者,Infernity Randomizer
13599884,1,鉄のサソリ,铁蝎,Steel Scorpion
13604200,2,賢者の宝石,贤者的宝石,Sage's Stone
13611090,2,マジェスペクター・ソニック,威风妖怪音波,Majespecter Sonics
13626450,2,邪気退散,邪气退散,Malice Dispersion
13629812,3,忍法 影縫いの術,忍法 影缝之术,Ninjitsu Art of Shadow Sealing
13647631,1,重機貨列車デリックレーン,重机货列车 起重货车,Heavy Freight Train Derricrane
13650422,1,Ｅ－ＨＥＲＯ アダスター・ゴールド,邪心英雄 黯星金魔,Evil HERO Adusted Gold
13662809,2,魔界台本「魔王の降臨」,魔界台本「魔王的降临」,Abyss Script - Rise of the Abyss King
13676474,1,仮面呪術師カースド・ギュラ,假面咒术师 诅咒之喉,Grand Tiki Elder
13683298,1,大狼雷鳴,大狼雷鸣,Thunderclap Skywolf
13685271,3,同姓同名同盟条約,同姓同名同盟条约,Treaty on Uniform Nomenclature
13694209,1,教導の神徒,教导的神徒,Dogmatika Ashiyan
13708425,1,フレア・リゾネーター,火焰共鸣者,Flare Resonator
13708888,1,Ｅ－ＨＥＲＯ ネオス・ロード,邪心英雄 新宇支配者,Evil HERO Neos Lord
13722870,1,黒炎の騎士－ブラック・フレア・ナイト－,黑炎之骑士,Dark Flare Knight
13723605,1,人喰い宝石箱,食人宝石箱,Man-Eating Treasure Chest
13735899,1,ミュステリオンの竜冠,奥秘之龙冠,Mysterion the Dragon Crown
13744068,1,バーサーク・デーモン,狂战恶魔,Berserk Archfiend
13756293,1,竜魔人 キングドラグーン,龙魔人 龙骑士之王,King Dragun
13758665,2,魔術師の左手,魔术师的左手,Magician's Left Hand
13760677,1,Ｐ・Ｍ・キャプチャー,P·M 捕获者,P.M. Captor
13761956,1,フレムベル・ベビー,炎狱婴儿,Flamvell Baby
13764602,2,阿吽の呼吸,阿吽呼吸,Perfect Sync - A-Un
13764881,1,チェーン・リゾネーター,锁链共鸣者,Chain Resonator
13803864,1,キング・もけもけ,悠悠王,Mokey Mokey King
13821299,1,トラップ・イーター,陷阱吞噬者,Trap Eater
13836592,1,百戦王 ベヒーモス,百战王 贝希摩斯,Behemoth the King of a Hundred Battles
13839120,1,イエロー・ガジェット,黄色零件,Yellow Gadget
13846680,1,ヘルプロミネンス,地狱日珥,Firestorm Prominence
13851202,1,星因士 リゲル,星因士 参宿七,Satellarknight Rigel
13890468,1,精霊獣 ペトルフィン,精灵兽 川豚,Spiritual Beast Pettlephin
13893596,1,究極封印神エクゾディオス,究极封印神 艾克佐迪奥斯,Exodius the Ultimate Forbidden Lord
13903402,1,光の王 マルデル,光界王战 玛多尔女王,"Mardel, Generaider Boss of Light"
13923256,1,戦華の妙－魯敬,战华之妙-鲁敬,Ancient Warriors - Eccentric Lu Jing
13927359,3,ＲＲ－グロリアス・ブライト,急袭猛禽-荣耀光辉,Raidraptor - Glorious Bright
13935001,3,月光小夜曲舞踊,月光小夜曲舞踊,Lunalight Serenade Dance
13944422,1,グラナドラ,贪食龙,Granadora
13945283,1,幻影の壁,幻影壁,Wall of Illusion
13955608,3,機動砦 ストロング・ホールド,机动城 堡垒,Stronghold the Moving Fortress
13959634,1,氷霊神ムーラングレイス,冰灵神 穆兰格雷斯,Moulinglacia the Elemental Lord
13965201,2,逢華妖麗譚－不知火語,逢华妖丽谭-不知火语,Ghost Meets Girl - A Shiranui's Story
13972452,2,マジェスペクター・ストーム,威风妖怪风暴,Majespecter Storm
13974207,1,電光－雪花－,电光-雪花-,Denko Sekka
13995824,1,ボルテック・バイコーン,流电双角兽,Voltic Bicorn
13997673,2,コア濃度圧縮,核心浓度压缩,Core Compression
14001430,2,マドルチェ・シャトー,魔偶甜点城堡,Madolche Chateau
14005031,3,ムーンダンスの儀式,月舞的仪式,Moon Dance Ritual
14015067,1,深き森の長老,大森林的长老,Ancient One of the Deep Forest
14017402,1,波動竜騎士 ドラゴエクィテス,波动龙骑士,Dragon Knight Draco-Equiste
14025912,2,斬機方程式,斩机方程式,Mathmech Equation
14037717,1,本の精霊 ホーク・ビショップ,书之精灵 飞鹰主教,Spirit of the Books
14047624,1,ラヴァルロード・ジャッジメント,熔岩裁决王,Laval Judgment Lord
14055212,3,のどかな埋葬,清闲的埋葬,Peaceful Burial
14057297,3,死なばもろとも,同归于尽,Multiple Destruction
14087893,2,月の書,月之书,Book of Moon
14088859,2,ネオス・フュージョン,新宇融合,Neos Fusion
14089428,1,ブルーサンダーＴ４５,蓝色雷电T45,Blue Thunder T-45
14094090,2,超戦士の儀式,超战士的仪式,Super Soldier Ritual
14105623,1,オッドアイズ・アークペンデュラム・ドラゴン,异色眼霸弧灵摆龙,Odd-Eyes Arc Pendulum Dragon
14108995,2,春化精の花冠,春化精的花冠,Vernusylph Corolla
14124483,1,Ｅ・ＨＥＲＯ オネスティ・ネオス,元素英雄 真诚新宇侠,Elemental HERO Honest Neos
14141448,1,グレート・モス,大飞蛾,Great Moth
14146794,1,ドンヨリボー＠イグニスター,阴云栗仔球@火灵天星,Donyoribo @Ignister
14148099,1,巨大戦艦 ビッグ・コア,巨大战舰 巨核,B.E.S. Big Core
14152693,1,月光翠鳥,月光翠鸟,Lunalight Emerald Bird
14152862,1,風紀宮司ノリト,风纪宫司 祝词,Norito the Moral Leader
14154221,2,進化の代償,进化的代偿,Evo-Price
14166715,2,Ｒｅｃｅｔｔｅ ｄｅ Ｖｉａｎｄｅ～肉料理のレシピ～,肉料理的食谱,Recette de Viande (Meat Recipe)
14169843,1,アロマージ－ローリエ,芳香法师-月桂叶,Aromage Laurel
14181608,1,きのこマン,蘑菇人,Mushroom Man
14198496,1,ミスティック・パイパー,神秘之吹笛人,Mystic Piper
14212201,1,シャドウ・ヴァンパイア,影之吸血鬼,Shadow Vampire
14214060,1,魔法剣士トランス,魔法剑士 特兰斯,Trance the Magic Swordsman
14220547,2,烙印の命数,烙印的命数,Branded in Central Dogmatika
14225239,1,Ｅ・ＨＥＲＯ セイラーマン,元素英雄 水手侠,Elemental HERO Mariner
14235211,1,暴風竜の防人,暴风龙防人,Rider of the Storm Winds
14255590,1,増幅する悪意,增幅的恶意,Malice Ascendant
14258627,1,地球巨人 ガイア・プレート,地球巨人,Gaia Plate the Earth Giant
14261867,1,八つ手サソリ,八钳蝎,8-Claws Scorpion
14283055,2,Ｃｏｎｃｏｕｒｓ ｄｅ Ｃｕｉｓｉｎｅ～菓冷なる料理対決～,糕冷的料理对决,Concours de Cuisine (Culinary Confrontation)
14289852,2,岩投げエリア,投石区,Catapult Zone
14291024,1,オプション,子机,Gradius' Option
14301396,1,Ｈ－Ｃ マグナム・エクスカリバー,英豪冠军 最强断钢剑王,Heroic Champion - Magnum Excalibur
14306092,1,牙鮫帝シャーク・カイゼル,牙鲛帝 鲨皇,Shark Caesar
14307929,1,白き森の妖魔ディアベル,白森林的妖魔 迪亚贝尔,"Diabell, Queen of the White Forest"
14309486,1,コアキメイル・オーバードーズ,核成过量体,Koa'ki Meiru Overload
14315573,3,攻撃の無力化,攻击无力化,Negate Attack
14318794,3,生命吸収装置,生命吸收装置,Life Absorbing Machine
14342283,3,暴走闘君,暴走斗君,Token Stampede
14344682,1,サムライソード・バロン,侍刀男爵,Samurai Sword Baron
14357527,1,重騎甲虫マイティ・ネプチューン,重骑甲虫 强劲海神独角仙,Heavy Beetrooper Mighty Neptune
14365823,1,トリックスター・ディーヴァリディス,淘气仙星·蒂瓦丽迪丝,Trickstar Divaridis
14386013,2,ダーク・オカルティズム,暗黑神秘学,Dark Spirit's Mastery
14391625,1,ヴィサス＝サンサーラ,维萨斯-僧娑洛,Visas Samsara
14391920,2,ヘル・テンペスト,地狱暴风,Inferno Tempest
14393464,3,斬機帰納法,斩机归纳法,Mathmech Induction
14418464,1,ヴァリアンツＢ－バロン,群豪之破坏者-男爵,Vaylantz Buster Baron
14430063,1,インターセプト・デーモン,拦截恶魔,Archfiend Interceptor
14457896,1,寄生虫パラノイド,寄生虫 帕拉诺伊德,Parasite Paranoid
14462257,1,氷の女王,冰之女王,Ice Queen
14463695,2,捕食接ぎ木,捕食嫁接,Predapruning
14464864,3,神の桎梏グレイプニル,神之桎梏 格莱普尼尔,"Gleipnir, the Fetters of Fenrir"
14466224,1,Ｔｈｅ アトモスフィア,大气圈神鸟,The Atmosphere
14469229,1,宝玉の守護者,宝玉的守护者,Crystal Keeper
14470845,3,おジャマデュオ,扰乱二人组,Ojama Duo
14472500,1,ゴキポン,蟑螂宝宝,Gokipon
14478717,3,リブロマンサー・プリベント,书灵师阻拦,Libromancer Prevented
14504454,1,悪魔嬢アリス,恶魔娘 爱莉丝,"Alice, Lady of Lament"
14505685,1,サイバース・コンバーター,电子界整流员,Cyberse Converter
14506878,1,ダッカー,二足炮台,DUCKER Mobile Cannon
14507213,3,シンクロ・マテリアル,同调素材,Synchro Material
14509651,1,カース・ネクロフィア,诅咒人偶 妮可罗菲娅,Curse Necrofear
14512825,1,カボチャの馬車,南瓜马车,Pumpkin Carriage
14513016,1,霊獣使いの長老,灵兽使的长老,Ritual Beast Tamer Elder
14513273,1,覇王門の魔術師,霸王门之魔术师,Supreme King Gate Magician
14517422,2,堕天使の戒壇,堕天使的戒坛,Darklord Contact
14529511,1,冥骸王－メメントラン・テクトリカ,冥骸王-莫忘冥府王灵,Mementomictlan Tecuhtlica - Creation King
14531242,1,レッド・サイクロプス,红色独眼巨人,Opticlops
14532163,2,ライトニング・ストーム,闪电风暴,Lightning Storm
14536035,1,ダーク・グレファー,暗黑战士 格雷法,Dark Grepher
14541657,1,黄昏の忍者－シンゲツ,黄昏之忍者-新月,Twilight Ninja Shingetsu
14550855,3,インフェルニティ・インフェルノ,永火业火,Infernity Inferno
14553285,1,アーカナイト・マジシャン／バスター,奥金魔导师/爆裂体,Arcanite Magician/Assault Mode
14558127,1,灰流うらら,灰流丽,Ash Blossom & Joyous Spring
14568951,1,青竜の忍者,青龙忍者,Blue Dragon Ninja
14575467,1,ゾンビーノ,僵尸男孩,Zombino
14577226,1,ＷＷ－ウィンター・ベル,风魔女-冬铃,Windwitch - Winter Bell
14602126,2,エクシーズ・インポート,超量输入,Xyz Import
14604710,2,星遺物の胎導,星遗物的胎导,World Legacy Monstrosity
14613029,3,ブレンＤ,组合变形斗士,Morphtronic Mix-up
14618326,1,赤い忍者,红衣忍者,Crimson Ninja
14624296,1,超重武者装留ダブル・ホーン,超重武者装留 双角,Superheavy Samurai Soulhorns
14625090,2,ドラゴンメイドのお出迎え,半龙女仆的迎接,Dragonmaid Welcome
14644902,1,幻想召喚師,幻想召唤师,Summoner of Illusions
14677495,1,極星獣タングニョースト,极星兽 坦格乔斯特,Tanngnjostr of the Nordic Beasts
14702066,1,メガキャノン・ソルジャー,大型加农炮兵,Cannon Soldier MK-2
14708569,1,アルラウネ,阿罗妮,Arlownay
14729426,1,惑星からの物体Ａ,来自惑星的物体A,"Interplanetary Invader ""A"""
14730606,3,アイヴィ・シャックル,常春藤束缚,Ivy Shackles
14731897,2,結束 ＵＮＩＴＹ,团结 UNITY,Unity
14733538,2,竜呼相打つ,龙呼相争,Draco Face-Off
14735698,2,影霊衣の降魔鏡,影灵衣的降魔镜,Nekroz Mirror
14745409,2,聖剣ガラティーン,圣剑 加拉廷,Noble Arms - Gallatin
14756848,1,超重武者ヌス－１０,超重武者 盗人-10,Superheavy Samurai Thief
14759024,1,セイクリッド・エスカ,星圣·氐宿四,Constellar Zubeneschamali
14761450,1,ペンギン勇士,企鹅勇士,Penguin Squire
14763299,1,幻奏の歌姫ソロ,幻奏的歌姬 索萝,Solo the Melodious Songstress
14771222,1,絶海の騎士,绝海之骑士,Shore Knight
14772491,2,魂の共有－コモンソウル,魂之共有,Common Soul
14778250,1,ＴＨＥ トリッキー,诡术师,The Tricky
14785765,1,ＢＦ－精鋭のゼピュロス,黑羽-精锐之泽费洛斯,Blackwing - Zephyros the Elite
14799437,1,インフェルノイド・ネヘモス,狱火机·拿玛,Infernoid Onuncu
14812471,1,転生炎獣ベイルリンクス,转生炎兽 烽火猞猁,Salamangreat Balelynx
14812659,1,覚星師ライズベルト,觉星师 莱斯贝尔特,Risebell the Star Psycher
14816688,2,シャッフル・リボーン,洗牌苏生,Shuffle Reborn
14816857,1,鉄獣戦線 ナーベル,铁兽战线 纳贝尔,Tri-Brigade Nervall
14821890,3,相剣暗転,相剑暗转,Swordsoul Blackout
14824019,1,魔導書士 バテル,魔导书士 巴特尔,Spellbook Magician of Prophecy
14839621,3,ドカンポリン,嘣床,Boompoline!!
14851496,1,海月－ジェリーフィッシュ－,水母,Jellyfish
14878871,1,レスキューキャット,救援猫,Rescue Cat
14882493,1,極夜の騎士ガイア,极夜之骑士 盖亚,"Gaia, the Polar Knight"
14883228,3,タイフーン,台风,Typhoon
14886190,2,電脳堺都－九竜,电脑堺都-九龙,Virtual World City - Kauwloon
14886469,1,レッド・スプリンター,红莲短跑者,Red Sprinter
14898066,1,ブラッド・ヴォルス,血腥魔兽人,Vorse Raider
14920218,1,賤竜の魔術師,贱龙之魔术师,Oafdragon Magician
14934922,3,サラマングレイト・レイジ,转生炎兽的愤怒,Salamangreat Rage
14936691,1,ワーム・イーロキン,伊洛金异虫,Worm Erokin
14943837,1,デブリ・ドラゴン,星骸龙,Debris Dragon
14957440,1,落魂,落魂,Otoshidamashi
14959144,1,天極輝士－熊斗竜巧α,天极辉士-熊斗龙巧α,Ultimate Bright Knight Ursatron Alpha
14970113,1,十二獣ハマーコング,十二兽 猴槌,Zoodiac Hammerkong
14972952,3,ヴァルモニカ・エレディターレ,异响鸣的继承,Vaalmonica Ereditare
14977074,1,ガルーザス,加鲁撒斯,Garoozis
14983497,1,霞の谷の幼怪鳥,霞之谷的幼怪鸟,Mist Valley Baby Roc
14989021,1,神鳥シムルグ,神鸟 斯摩夫,"Simorgh, Bird of Divinity"
15001619,1,パペット・クィーン,人偶王后,Puppet Queen
15001940,1,フォアグラシャ・ド・ヌーベルズ,新式魔厨的肥肝格剌希亚,Foie Glasya de Nouvelles
15005145,1,重騎士プリメラ,重骑士 普莉梅拉,Centur-Ion Primera
15013468,1,アンドロ・スフィンクス,斯芬克斯·安德鲁,Andro Sphinx
15023985,1,ストーンジャイアント,岩石巨人,Stone Ogre Grotto
15025844,1,ホーリー・エルフ,圣精灵,Mystical Elf
15028680,1,超念導体ビヒーマス,超念导体 比蒙巨兽,HTS Psyhemuth
15033525,1,Ｔｈｅ ｂｌａｚｉｎｇ ＭＡＲＳ,烈焰火星,The Blazing Mars
15042735,1,ハリケル,飓风怪,Hurricail
15052462,2,紫水晶,紫水晶,Violet Crystal
15066114,1,セグメンタル・ドラゴン,分段龙,Segmental Dragon
15079028,1,地久神－カルボン,地久神-碳素灵,World Soul - Carbon
15083304,3,未界域の危険地帯,未界域的危险地带,Danger! Zone
15083728,3,粘着テープの家,粘胶带之家,House of Adhesive Tape
15090429,1,暴風小僧,暴风小僧,Whirlwind Prodigy
15092394,1,ＲＲ－エトランゼ・ファルコン,急袭猛禽-异邦猎鹰,Raidraptor - Stranger Falcon
15094540,3,百鬼羅刹大危機,百鬼罗刹大危机,Goblin Biker Grand Crisis
15103313,2,即神仏,即神佛,Self-Mummification
15123983,1,ＴＨＥ・スターハム,明星仓鼠,The Star Ham
15130912,1,ヴァリアンツの弓引－西園,群豪之弓引-西园,Saion the Vaylantz Archer
15146890,1,竜脈の魔術師,龙脉之魔术师,Dragonpulse Magician
15150365,1,白い泥棒,白衣怪盗,White Magical Hat
15150371,1,悪魔の鏡,恶魔之镜,Archfiend Mirror
15155568,3,破壊剣一閃,破坏剑一闪,Destruction Sword Flash
15169262,1,ラヴァル炎樹海の妖女,熔岩炎树海的妖女,Laval Forest Sprite
15171722,1,エヴォルダー・リオス,进化龙·上龙,Evolsaur Lios
15173384,1,幻想魔術師・ノー・フェイス,无脸幻想魔术师,Illusionist Faceless Magician
15175429,1,マジック・リアクター・ＡＩＤ,魔法反应机·袭式,Spell Reactor ・RE
15177750,3,恵みの風,恩惠之风,Blessed Winds
15180041,1,沈黙の剣士－サイレント・ソードマン,沉默剑士,Silent Swordsman
15187079,1,地縛神 Ｕｒｕ,地缚神 乌鲁,Earthbound Immortal Uru
15198996,1,若い忍者,稚绿忍者,Green Ninja
15216188,3,時の機械－タイム・エンジン,时间机械-时间引擎,Time Engine
15232745,1,Ｎｏ.１ ゲート・オブ・ヌメロン－エーカム,No.1 源数之门-壹,Number 1: Numeron Gate Ekam
15237615,1,裁きを下す女帝,下达裁决的女帝,Empress Judge
15240238,1,霞鳥クラウソラス,霞鸟 辉剑鸟,Mist Bird Clausolas
15248594,1,炎斬機マグマ,炎斩机 原群西格马,Geomathmech Magma
15248873,2,ポップルアップ,弹出式翻页,Pop-Up
15256925,2,滅びの呪文－デス・アルテマ,毁灭咒文-死亡终极咒,Chaos Scepter Blast
15259703,2,トゥーン・ワールド,卡通世界,Toon World
15270885,1,トゥーン・ゴブリン突撃部隊,卡通哥布林突击部队,Toon Goblin Attack Force
15286412,3,極星宝グングニル,极星宝 冈格尼尔,Nordic Relic Gungnir
15291624,1,超雷龍－サンダー・ドラゴン,超雷龙-雷龙,Thunder Dragon Colossus
15294090,3,デステニー・ミラージュ,命运幻象,Destiny Mirage
15303296,1,ガーゴイル,石像怪,Ryu-Kishin
15305240,2,鹵獲装置,虏获装置,Creature Seizure
15306543,2,星逢の神籬,星逢的神篱,Stars Align Above the Shrine
15308295,1,魔界劇団－コミック・リリーフ,魔界剧团-插科打诨角色,Abyss Actor - Comic Relief
15310033,1,アンノウン・シンクロン,未知同调士,Unknown Synchron
15313433,3,インフェルニティ・リフレクター,永火反射面,Infernity Reflector
15317640,1,巨大戦艦 カバード・コア,巨大战舰 盖核,B.E.S. Covered Core
15327215,1,六武衆の真影,六武众的真影,Legendary Secret of the Six Samurai
15335853,1,幻獣機サーバルホーク,幻兽机 全球剑齿虎,Mecha Phantom Beast Sabre Hawk
15341821,1,ダンディライオン,蒲公英狮,Dandylion
15367030,1,ゴキボール,蟑螂球,Gokibore
15381252,2,狂戦士の魂,狂战士之魂,Berserker Soul
15381421,1,輝光竜セイファート,辉光龙 赛弗特龙,Starliege Seyfert
15383415,1,スカラベの大群,圣甲虫群,Swarm of Scarabs
15388353,2,Ｎｏｕｖｅｌｌｅｚ Ａｕｂｅｒｇｅ 『À Ｔａｂｌｅ』,新式魔厨客栈餐厅『开饭啦』,"Nouvelles Restaurant ""At Table"""
15394083,1,極星獣タングリスニ,极星兽 坦格里斯尼尔,Tanngrisnir of the Nordic Beasts
15397015,1,インスペクト・ボーダー,冲浪检察官,Inspector Boarder
15401633,1,紫炎の影武者,紫炎的影武者,Kagemusha of the Blue Flame
15419596,1,魅幽鳥,魅幽鸟,Ghost Bird of Bewitchment
15443125,2,スプライト・スターター,卫星闪灵启辉器,Spright Starter
15447747,3,プランキッズの大作戦,调皮宝贝的大作战,Prank-Kids Plan
15449853,2,パーシアスの神域,珀耳修斯的神域,The Sanctum of Parshath
15452043,1,ＥＭソード・フィッシュ,娱乐伙伴 宝剑鱼,Performapal Sword Fish
15458892,1,スターシップ・スパイ・プレーン,星舰侦察机,Starship Spy Plane
15462014,2,龍馬躓図,龙马踬图,Hollow Giants
15464375,1,水月のアデュラリア,水月之冰长石巫,Adularia of the June Moon
15471265,2,バーサーカークラッシュ,狂战士断碎,Berserker Crush
15475415,1,エーリアン・ドッグ,外星犬,Alien Dog
15480588,1,鎧蜥蜴,铠蜥蜴,Armored Lizard
15495787,1,超重武者ココロガマ－Ａ,超重武者 心构-A,Superheavy Samurai Prepped Defense
15502037,1,電磁石の戦士γ,电磁石战士γ,Gamma The Electromagnet Warrior
15507080,1,闇にしたがう者,黑暗随从者,Sectarian of Secrets
15510988,1,サンダー・キッズ,雷电小子,Thunder Kid
15520842,2,フォトン・ハンド,光子手,Photon Hand
15521027,1,Ｄ・スマホン,变形斗士·智能机,Morphtronic Smartfon
15543940,2,タイラント・ダイナ・フュージョン,暴君恐龙融合,Tyrant Dino Fusion
15545291,1,剛地帝グランマーグ,刚地帝 格兰玛格,Granmarg the Mega Monarch
15552258,3,ハーフｏｒストップ,一半或停止,Half or Nothing
15555120,2,ハイ・スピード・リレベル,高速疾行等级再现,Hi-Speed Re-Level
15561463,1,ガントレット・シューター,手甲射手,Gauntlet Launcher
15574615,1,異次元ジェット・アイアン号,异次元喷气机·大铁号,D.D. Jet Iron
15576074,2,リゾネーター・エンジン,共鸣者引擎,Resonator Engine
15582767,3,連成する振動,连成的振动,Echo Oscillation
15590355,2,リブロマンサー・リアライズ,书灵师实体化,Libromancer Realized
15595052,1,封魔の伝承者,封魔之传承者,Disciple of the Forbidden Spell
15605085,1,ソーラー・ジェネクス,次世代太阳能人,Genex Solar
15609017,2,ヒドゥン・ショット,隐蔽射击,Shock Surprise
15610297,1,方界胤ヴィジャム,方界胤 毗贾姆,Vijam the Cubic Seed
15613529,1,ホーリー・エルフ－ホーリー・バースト・ストリーム,圣精灵-圣爆裂疾风弹,Mystical Elf - White Lightning
15627227,1,リローダー・ドラゴン,上弹龙,Overburst Dragon
15629801,2,武闘円舞,武斗圆舞,Battle Waltz
15635751,2,聖騎士と聖剣の巨城,圣骑士与圣剑的巨城,"Camelot, Realm of Noble Knights and Noble Arms"
15653824,1,スカル・ナイト,骷髅骑士,Skull Knight #2
15658249,1,ワーム・バルサス,巴尔萨斯异虫,Worm Barses
15661378,1,氷獄龍 トリシューラ,冰狱龙 三叉龙,"Trishula, the Dragon of Icy Imprisonment"
15667446,1,暗黒界の闘神 ラチナ,暗黑界的斗神 拉提纳,"Latinum, Exarch of Dark World"
15684835,3,イービル・ブラスト,邪心爆破,Evil Blast
15693423,3,拮抗勝負,颉颃胜负,Evenly Matched
15710054,1,クローラー・アクソン,机怪虫·轴突虫,Krawler Axon
15717011,1,融合呪印生物－光,融合咒印生物-光,The Light - Hex-Sealed Fusion
15721123,1,対峙するＧ,对峙的G,"Confronting the ""C"""
15721392,2,超量要請アルファンコール,超级量子要请 阿尔方出动,Super Quantal Alphancall Appeal
15734813,1,魂虎,魂虎,Soul Tiger
15735108,2,マジックカード「クロス・ソウル」,魔法卡「灵魂交错」,"Spell Card ""Soul Exchange"""
15744417,1,ゴッドオーガス,神鬼食人魔,Orgoth the Relentless
15746348,1,水霊媒師エリア,水灵媒师 艾莉娅,Eria the Water Channeler
15754711,2,ドラゴンメイドのお見送り,半龙女仆的送行,Dragonmaid Send-Off
15758127,3,ベアルクティ・クィントチャージ,北极天熊五倍线充能,Ursarctic Quint Charge
15767889,1,騎士デイ・グレファー,骑士 迪·格雷法,Knight Day Grepher
15771991,1,ガーディアン・スライム,守护者史莱姆,Guardian Slime
15792576,1,天魔神 シドヘルズ,天魔神 希德赫尔斯,Sky Scourge Cidhels
15800838,3,マインドクラッシュ,心灵崩坏,Mind Crush
15808381,1,アチチ＠イグニスター,辣辣妖@火灵天星,Achichi @Ignister
15820147,1,モンスタートル,怪龟,Monsturtle
15839054,1,シンクロ・フュージョニスト,同调融合者,Synchro Fusionist
15844566,1,パワーコード・トーカー,力码语者,Powercode Talker
15845914,1,結束と絆の魔導師,团结与牵绊之魔导师,Magicians of Bonds and Unity
15848542,1,ドラゴンメイド・ルフト,半龙女仆·天风龙女,Dragonmaid Lorpar
15854426,2,霞の谷の神風,霞之谷的神风,Divine Wind of Mist Valley
15862758,1,ＣｉＮｏ.１０００ 夢幻虚光神ヌメロニアス・ヌメロニア,混沌虚数No.1000 梦幻虚光神 原数天灵·原数天地,Number iC1000: Numerounius Numerounia
15866454,2,ポルターガイスト,喧闹的邪恶灵,Spiritualism
15871676,1,セイクリッド・ダバラン,星圣·毕宿五,Constellar Aldebaran
15893860,1,スノーマン・クリエイター,雪人制造机,Snowman Creator
15894048,1,究極恐獣,究极恐兽,Ultimate Tyranno
15914410,1,機装天使エンジネル,机装天使 引擎天兵,Mechquipped Angineer
15935204,1,ストーム・サモナー,风暴召唤师,Storm Caller
15936370,1,パンドラの宝具箱,潘德拉宝具箱,Pandora's Jewelry Box
15939229,1,ＤＤＤ双暁王カリ・ユガ,DDD 双晓王 末法神,D/D/D Duo-Dawn King Kali Yuga
15939448,1,シールド・ワーム,盾虫,Shield Worm
15941690,1,先史遺産クリスタル・ボーン,先史遗产 水晶骨架,Chronomaly Crystal Bones
15943341,3,リローデッド・シリンダー,上膛圆筒弹巢,Magical Cylinders
15947754,1,沈黙狼－カルーポ,沉默狼-卡鲁波狼犬,Silent Wolf Calupo
15951532,1,アマゾネス女王,亚马逊女王,Amazoness Queen
15960641,1,ミラージュ・ドラゴン,幻影之龙,Mirage Dragon
15967552,3,リトル・オポジション,小对抗,Small Scuffle
15978426,1,ＥＭセカンドンキー,娱乐伙伴 副手驴,Performapal Secondonkey
15981690,1,カーボネドン,碳素龙,Carboneddon
15982593,1,騎士皇レガーティア,骑士皇 雷加蒂娅,Centur-Ion Legatia
15983048,1,大魔鍵－マフテアル,大魔键-马夫提亚尔,Maginificent Magikey Mafteal
15989522,1,竜魔道騎士ガイア,龙魔道骑士 盖亚,Gaia the Magical Knight of Dragons
16001119,1,レッドポータン,红面波波,Red Potan
16003979,1,剣闘獣サジタリィ,剑斗兽 射斗,Gladiator Beast Sagittarii
16006416,1,ＤＤＤ烈火大王エグゼクティブ・テムジン,DDD 烈火大王 决策铁木真,D/D/D Flame High King Genghis
16008155,1,レプティレス・サーヴァント,爬虫妖女使魔,Reptilianne Servant
16020923,1,ピカリ＠イグニスター,闪闪妖@火灵天星,Pikari @Ignister
16021142,1,幻奏の音女カノン,幻奏的音女 卡农,Canon the Melodious Diva
16024176,1,花札衛－松に鶴－,花札卫-松上鹤-,Flower Cardian Pine with Crane
16037007,1,Ｎｏ.７４ マジカル・クラウン－ミッシング・ソード,No.74 魔力小丑-失剑,Number 74: Master of Blades
16051717,1,Ａ ＢＦ－驟雨のライキリ,强袭黑羽-骤雨之雷切刀鸟,Assault Blackwing - Raikiri the Rain Shower
16067089,3,蛇神降臨,蛇神降临,Rise of the Snake Deity
16110708,1,ＳＮｏ.３８ タイタニック・ギャラクシー,闪光No.38 银河巨神,Number S38: Titanic Galaxy
16111820,1,ジュラック・ヘレラ,朱罗纪艾雷拉龙,Jurrac Herra
16114248,1,ペアサイクロイド,双人单车机人,Pair Cycroid
16135253,1,アギド,阿基多,Agido
16146511,1,エヴォルテクター エヴェック,真化护法 主教,Evocator Eveque
16157341,1,武神器－オハバリ,武神器-尾羽张,Bujingi Ibis
16165939,2,超自然警戒区域,超自然警戒区域,Supernatural Danger Zone
16169772,2,インスタント・コンタクト,简易接触,Instant Contact
16172067,1,レッド・デーモンズ・ドラゴン・タイラント,红莲魔龙·暴君,Tyrant Red Dragon Archfiend
16178681,1,オッドアイズ・ペンデュラム・ドラゴン,异色眼灵摆龙,Odd-Eyes Pendulum Dragon
16188701,1,レディ・デバッガー,调试瓢虫女郎,Lady Debug
16191953,1,マスター・ジーグ,吉格大王,Master Gig
16195942,1,ダーク・リベリオン・エクシーズ・ドラゴン,暗叛逆超量龙,Dark Rebellion Xyz Dragon
16197610,1,雲魔物－タービュランス,云魔物-乱气流,Cloudian - Turbulence
16209941,1,未界域のチュパカブラ,未界域的卓柏卡布拉,Danger! Chupacabra!
16222645,1,一刀両断侍,一刀两断侍,Sasuke Samurai
16223761,1,サンダー・ハンド,雷电手,Thunder Hand
16226786,1,深淵の暗殺者,深渊的暗杀者,Night Assailant
16227556,2,検閲,检阅,Inspection
16227633,2,メメント・ボーン・バック,莫忘骨头回归,Mementotlan Bone Back
16229315,1,ゲール・ドグラ,狂风毒蛾,Gale Dogra
16238373,2,大電脳兵廠,大电脑兵厂,Psychic Arsenal
16240772,2,死の罪宝－ルシエラ,死之罪宝-血蝠,Sinful Spoils of Doom - Rciela
16241441,1,Ｃ・ラーバ,茧状体·小幼虫,Chrysalis Larva
16246527,1,鎧ネズミ,铠鼠,Armored Rat
16246535,1,沈黙のサイコマジシャン,沉默的念力魔术师,Silent Psychic Magician
16255173,1,Ｔｈｅ ｇｒａｎｄ ＪＵＰＩＴＥＲ,宏大木星,The Grand Jupiter
16255442,3,光の召集,光之召集,Beckoning Light
16259549,1,Ｎｏ.４９ 秘鳥フォーチュンチュン,No.49 秘鸟 幸运啾啾鸟,Number 49: Fortune Tune
16261341,1,天空聖騎士アークパーシアス,天空圣骑士 阿克珀耳修斯,Sacred Arch-Airknight Parshath
16268841,1,ゾルガ,卓尔加,Zolga
16269385,2,プランキッズ・ハウス,调皮宝贝屋,Prank-Kids Place
16272453,2,機甲忍法ゴールド・コンバージョン,机甲忍法 黄金变换,Armor Ninjitsu Art of Alchemy
16278116,3,竜の束縛,龙之束缚,Dragon's Bind
16279989,1,ゴーストリック・シュタイン,鬼计科学怪人,Ghostrick Stein
16304628,1,Ｅ・ＨＥＲＯ ガイア,元素英雄 大地侠,Elemental HERO Gaia
16306932,1,超天新龍オッドアイズ・レボリューション・ドラゴン,超天新龙 异色眼革命龙,Odd-Eyes Revolution Dragon
16308000,3,神の威光,神之威光,Solemn Authority
16310544,2,御巫神楽,御巫神乐,Mikanko Kagura
16312943,1,リブロマンサー・ファイア,书灵师·炽火,Libromancer Fire
16313112,1,転生炎獣エメラルド・イーグル,转生炎兽 翠玉鹰,Salamangreat Emerald Eagle
16317140,3,ハイパーブレイズ,超烈焰波,Hyper Blaze
16329071,3,星遺物に蠢く罠,蠢动于星遗物的陷阱,World Legacy Trap Globe
16353197,1,生き血をすするもの,鲜血吮吸者,Drooling Lizard
16360142,1,斬機サブトラ,斩机 减武,Mathmech Subtraction
16366810,1,イエロー・ダストン,黄尘妖,Yellow Duston
16366944,1,月光蝶,月光蝶,Moonlit Papillon
16392422,1,トゥーン・仮面魔道士,卡通假面魔道士,Toon Masked Sorcerer
16404809,1,クリバンデット,盗贼栗子,Kuribandit
16428514,1,サブテラーの導師,地中族导师,Subterror Guru
16430187,2,頼もしき守護者,可靠的守护者,The Reliable Guardian
16433136,2,御巫の祓舞,御巫的祓舞,Mikanko Purification Dance
16435215,2,墓穴の道連れ,墓穴的同路人,Dragged Down into the Grave
16437822,2,フリント・アタック,火石打击,Flint Missile
16469012,1,テーヴァ,提婆,Teva
16471775,2,ベアルクティ・ディパーチャー,北极天熊出发,Ursarctic Departure
16474916,1,エクソシスター・エリス,救祓少女·埃莉丝,Exosister Elis
16475472,1,レッサー・デーモン,下位恶魔,Lesser Fiend
16480084,1,エヴォルダー・ペルタ,进化龙·蜥结龙,Evolsaur Pelta
16494704,2,オッドアイズ・アドベント,异色眼降临,Odd-Eyes Advent
16507828,1,ブラキオレイドス,腕龙,Bracchio-raidus
16509093,1,王族親衛隊,王族亲卫队,Royal Keeper
16516630,1,ＢＦ－尖鋭のボーラ,黑羽-尖锐之布拉,Blackwing - Boreas the Sharp
16527176,1,ナチュル・ガオドレイク,自然狮面草,Naturia Leodrake
16528181,2,王の棺,王之棺,King's Sarcophagus
16550875,2,甲虫装機の魔剣 ゼクトキャリバー,甲虫装机的魔剑 虫装王剑,Inzektor Sword - Zektkaliber
16556849,1,放浪の勇者 フリード,流浪勇者 弗里德,Freed the Brave Wanderer
16587243,1,ネオバグ,新虫,Neo Bug
16589042,1,疾風の暗黒騎士ガイア,疾风之暗黑骑士 盖亚,Swift Gaia the Fierce Knight
16598965,3,聖邪のステンドグラス,圣邪之彩色玻璃花窗,Stained Glass of Light & Dark
16605586,1,Ｄ－ＨＥＲＯ ディナイアルガイ,命运英雄 否定人,Destiny HERO - Denier
16616620,2,コンタクト,接触,Contact
16617334,1,ＥＭレインゴート,娱乐伙伴 雨衣山羊,Performapal Rain Goat
16625614,2,ダーク・サンクチュアリ,暗黑圣域,Dark Sanctuary
16632144,1,屈強の釣り師,强壮钓鱼人,Grappler Angler
16638212,1,異次元の精霊,异次元的精灵,D.D. Sprite
16643334,1,輝光竜フォトン・ブラスト・ドラゴン,辉光龙 光子爆龙,Starliege Photon Blast Dragon
16674846,3,スピリット・フォース,气魄之力,Spirit Force
16678947,3,カース・サイキック,念动力诅咒,Psi-Curse
16684346,1,プロキシー・ホース,代理马,Proxy Horse
16691074,1,オッドアイズ・アブソリュート・ドラゴン,异色眼绝零龙,Odd-Eyes Absolute Dragon
16693254,1,リチュア・アバンス,遗式先锋 阿旺斯,Gishki Avance
16699558,1,藍眼の銀龍,蓝眼银龙,Indigo-Eyes Silver Dragon
16708652,2,カラクリ粉,机巧粉,Karakuri Gold Dust
16719140,1,サブテラーの戦士,地中族战士,Subterror Nemesis Warrior
16719802,1,スター・ブライト・ドラゴン,星辉龙,Bright Star Dragon
16720314,3,スマイル・ポーション,笑容药水,Smile Potion
16725505,1,ＳＲ赤目のダイス,疾行机人 赤目骰子,Speedroid Red-Eyed Dice
16751086,1,ウォーム・ワーム,暖虫,Warm Worm
16759958,1,アロマセラフィ－アンゼリカ,芳香炽天使-欧白芷,Aromaseraphy Angelica
16762927,2,墓守の使い魔,守墓的使魔,Gravekeeper's Servant
16768387,1,大王目玉,眼球大王,Big Eye
16769305,1,魔界造車－ＧＴ１９,魔界造车-GT19,Turbo-Tainted Hot Rod GT19
16780318,2,超勝負！,超胜负！,Super All In!
16796157,1,野獣戦士ピューマン,野兽战士 豹人,Beast-Warrior Puma
16802689,1,花札衛－桐に鳳凰－,花札卫-桐上凤凰-,Flower Cardian Paulownia with Phoenix
16825874,1,エキセントリック・ボーイ,古怪少年,Eccentric Boy
16828633,1,スペア・ジェネクス,次世代后备品,Genex Spare
16832845,3,ファイナル・ギアス,最终禁忌,Final Geas
16849715,3,雷の天気模様,雷之天气模样,The Weather Thundery Canvas
16886617,1,レプティレス・ヴァースキ,爬虫妖女·和修吉,Reptilianne Vaskii
16889337,1,荒魂,荒魂,Aratama
16893370,1,夢現の寝姫－ネムレリア・レアリゼ,梦现之寝姬-妮穆蕾莉娅·圆梦,"Dreaming Reality of Nemleria, Realized"
16898077,1,ジャイアント・ボマー・エアレイド,巨人轰炸机·大空袭式,Flying Fortress SKY FIRE
16899564,1,斬首の美女,斩首的美女,Beautiful Headhuntress
16906241,1,セイクリッド・レスカ,星圣·外屏七,Constellar Alrescha
16909657,1,レプティレス・スキュラ,爬虫妖女·斯库拉,Reptilianne Scylla
16923472,1,ゼンマイハンター,发条猎人,Wind-Up Hunter
16926971,1,ファイアウォール・S・ドラゴン,防火剑刃龙,Firewall Saber Dragon
16938770,3,エクシーズ・ポセイドン・スプラッシュ,超量波塞冬涛溅,Xyz Poseidon Splash
16940215,1,ナチュル・ナーブ,自然叶脉,Naturia Vein
16943770,1,幻獣機エアロスバード,幻兽机 航空飞鸟,Mecha Phantom Beast Aerosguin
16946849,3,人造天使,人造天使,Synthetic Seraphim
16947147,1,ＳＲメンコート,疾行机人 出局画片,Speedroid Menko
16956455,1,賢者ケイローン,贤者 喀戎,Chiron the Mage
16958382,1,Ｓｉｎ パラダイム・ドラゴン,罪 范式龙,Malefic Paradigm Dragon
16960120,1,ドラゴンメイド・ティルル,半龙女仆·蒸馏室龙女,Kitchen Dragonmaid
16960351,2,幻界突破,幻界突破,Dracocension
16964437,3,ダーク・ホライズン,暗黑边界,Dark Horizon
16968936,1,六武衆の指南番,六武众的指南番,Tactical Trainer of the Six Samurai
16970158,3,墓場からの呼び声,来自墓场的呼声,Call of the Grave
16972957,1,死の沈黙の天使 ドマ,死之沉默天使 多玛,Doma The Angel of Silence
16984449,1,炎妖蝶ウィルプス,炎妖蝶 维尔普斯,Blazewing Butterfly
16990348,3,猛進する剣闘獣,猛进的剑斗兽,Gladiator Beast Charge
17000165,2,レプティレス・リコイル,爬虫妖报应,Reptilianne Recoil
17008760,2,原質の円環炉,原质圆环炉,Materiactor Annulus
17016131,3,海造賊－誇示,海造贼-夸示,Pride of the Plunder Patroll
17016362,1,Ｅｍトラピーズ・マジシャン,娱乐法师 秋千魔术家,Performage Trapeze Magician
17021204,1,マザー・スパイダー,蛛母蜘蛛,Mother Spider
17032740,1,Ｅ・ＨＥＲＯ カオス・ネオス,元素英雄 混沌新宇侠,Elemental HERO Chaos Neos
17045014,1,エヴォルダー・ディプロドクス,进化龙·梁龙,Evolsaur Diplo
17052477,2,守護神の宝札,守护神的宝札,Guarded Treasure
17063599,1,風の天翼ミラドーラ,风之天翼 米拉多羽蛇,Heavenly Zephyr - Miradora
17078030,3,光の護封壁,光之护封壁,Wall of Revealing Light
17080584,1,海皇精 アビスライン,海皇精 深渊莱茵,"Abyssrhine, the Atlantean Spirit"
17086528,1,相生の魔術師,相生之魔术师,Xiangsheng Magician
17092736,2,古代の遠眼鏡,古代的望远镜,Ancient Telescope
17115745,1,ヨルムンガルド,尤蒙刚德,Yormungarde
17129783,1,セイクリッド・レオニス,星圣·轩辕十四,Constellar Leonis
17132130,1,Ｄ－ＨＥＲＯ ドグマガイ,命运英雄 教义人,Destiny HERO - Dogma
17141718,1,花札衛－芒－,花札卫-芒-,Flower Cardian Zebra Grass
17151328,2,渦巻く海炎,涡卷的海炎,Firestorms Over Atlantis
17170970,1,アーマード・ホワイトベア,铠装白熊,Armored White Bear
17178486,3,ライフチェンジャー,生命转换,Life Equalizer
17183908,2,竜星の輝跡,龙星的辉迹,Yang Zing Path
17185260,1,インフェルノ・ハンマー,业火之锤,Inferno Hammer
17189532,1,ファントム・バウンサー,幻影保镖,Phantom Bounzer
17189677,2,スネーク・レイン,蛇雨,Snake Rain
17192817,1,溶岩大巨人,熔岩大巨人,Molten Behemoth
17194258,2,融合徴兵,融合征兵,Fusion Conscription
17197110,2,氷結界に至る晴嵐,抵达冰结界的晴岚,Winds Over the Ice Barrier
17201174,1,ハンマー・シャーク,锤鲨,Hammer Shark
17214465,1,海神の巫女,海神的巫女,Maiden of the Aqua
17217034,1,合体術式－エンゲージ・ゼロ,合体术式-交闪零式,Combined Maneuver - Engage Zero!
17228908,2,ロストワールド,失落世界,Lost World
17236839,2,瞬間融合,瞬间融合,Flash Fusion
17238333,1,屋根裏の物の怪,阁楼上的妖怪,Wretched Ghost of the Attic
17241370,1,リチュア・ナタリア,遗式术师·纳塔莉娅,Gishki Natalia
17241941,1,ダイカミナリ・ジャイクロプス,大雷陀螺仪独眼巨人,Gigathunder Giclops
17243896,1,グランド・スパイダー,大地蜘蛛,Ground Spider
17255673,2,天御巫の闔,天御巫之阖,Heavenly Gate of the Mikanko
17257342,1,光の精霊 ディアーナ,光之精灵 狄阿娜,Diana the Light Spirit
17259470,1,ゾンビ・マスター,僵尸之主,Zombie Master
17264592,1,Ｕ.Ａ.コリバルリバウンダー,超级运动员 角逐篮板手,U.A. Rival Rebounder
17266660,1,朱光の宣告者,朱光之宣告者,Herald of Orange Light
17272964,1,マナドゥム・ヒアレス,末那愚子族·小无畏,Mannadium Fearless
17285476,1,ナチュル・モスキート,自然蚊,Naturia Mosquito
17286057,1,ヘリオス・トリス・メギストス,三子太阳 赫利俄斯,Helios Trice Megistus
17313545,1,ゴーレム,巨脑怪,Brain Golem
17315396,1,死神官－スーパイ,死神官-苏帕伊,"Supay, Duskwalker"
17322533,2,一点着地,一点着地,Pinpoint Landing
17328157,1,ＳＲバンブー・ホース,疾行机人 竹马高跷,Speedroid Horse Stilts
17330916,1,ＥＭモンキーボード,娱乐伙伴 琴键猴,Performapal Monkeyboard
17358176,1,ハイ・プリーステス,高等女祭司,Lady of Faith
17363041,1,Ｃ・チッキー,茧状体·小雏鸟,Chrysalis Chicky
17375316,2,押収,收押,Confiscation
17377751,1,ＢＦ－煌星のグラム,黑羽-煌星之怒剑鸟,Blackwing - Gram the Shining Star
17382973,1,プランキッズ・ドゥードゥル,调皮宝贝喔喔鸡,Prank-Kids Dodo-Doodle-Doo
17390179,1,閃光の騎士,闪光之骑士,Flash Knight
17393207,1,墓守の司令官,守墓的司令官,Gravekeeper's Commandant
17412721,1,旧神ノーデン,旧神 诺登,Elder Entity Norden
17415895,1,ヴォルカニック・エッジ,火山利刃,Volcanic Slicer
17418744,2,フォトン・サンクチュアリ,光子圣域,Photon Sanctuary
17427333,3,Ｅ.Ｍ.Ｒ.,电磁轨道炮,E.M.R.
17441953,1,タートル・狸,龟狸,Turtle Raccoon
17444133,1,カイザー・シーホース,帝王海马,Kaiser Sea Horse
17449108,2,撲滅の使徒,扑灭之使徒,Nobleman of Extermination
17462320,2,世壊挽歌,世坏挽歌,Realm Elegy
17465972,1,ＢＦ－南風のアウステル,黑羽-南风之奥斯特,Blackwing - Auster the South Wind
17469113,1,双星神 ａ－ｖｉｄａ,双星神 阿-维达,"Avida, Rebuilder of Worlds"
17475251,1,英炎星－ホークエイ,英炎星-鹰荣,Brotherhood of the Fire Fist - Hawk
17484499,3,現世と冥界の逆転,现世与冥界的逆转,Exchange of the Spirit
17490535,3,エーリアン・ブレイン,外星人脑,Alien Brain
17494901,2,ガガガボルト,我我我电击,Gagagabolt
17502671,1,インフェルニティ・ジェネラル,永火将军,Infernity General
17509503,3,一色即発,一色即发,The Revenge of the Normal
17511156,1,ウッド・ジョーカー,木灵小丑,Wood Clown
17521642,3,ゼロ・フォース,零之力,Zero Force
17530001,1,キューブン,魔方人,Cuben
17535588,1,アーマード・スターフィッシュ,甲化海星,Armored Starfish
17535764,1,ゴキポール,蟑螂柱,Gokipole
17536995,3,紋章変換,纹章变换,Heraldry Change
17540705,1,ＥＭダグ・ダガーマン,娱乐伙伴 奇人飞剑手,Performapal Dag Daggerman
17548456,1,ジュラック・メテオ,朱罗纪陨石兽,Jurrac Meteor
17550376,1,ネムレリアの夢守り－オレイエ,妮穆蕾莉娅的梦守卫-小枕头,Nemleria Dream Defender - Oreiller
17559367,1,ディープ・ダイバー,深海潜水员,Deep Diver
17573739,1,神禽王アレクトール,神禽王 亚力克特,"Alector, Sovereign of Birds"
17589298,2,サクリファイス・ソード,纳祭之剑,Sword of Dark Rites
17597059,1,バイサー・ショック,电击拷问机,Byser Shock
17601919,1,ゴースト姫－パンプリンセス－,幽灵姬-南瓜公主-,Pumprincess the Princess of Ghosts
17616743,2,喚忌の呪眼,唤忌之咒眼,Evil Eye Awakening
17626381,2,補給部隊,补给部队,Supply Squad
17639150,2,機殻の生贄,机壳的牲祭,Saqlifice
17643265,1,ツーヘッド・シャーク,双头鲨,Double Shark
17649753,1,ワーム・ルクイエ,勒库耶异虫,Worm Rakuyeh
17653779,3,天使の手鏡,天使的手镜,Fairy's Hand Mirror
17655904,2,滅びの爆裂疾風弾,毁灭之爆裂疾风弹,Burst Stream of Destruction
17658803,1,エメラルド・ドラゴン,绿宝石龙,Luster Dragon #2
17663375,1,古代の機械飛竜,古代的机械飞龙,Ancient Gear Wyvern
17679043,1,ペンギン魚雷,企鹅鱼雷,Penguin Torpedo
17688543,3,深すぎた墓穴,过深的墓穴,The Deep Grave
17691568,2,Ｇａ－Ｐ.Ｕ.Ｎ.Ｋ.クラッシュ・ビート,雅乐朋克粉碎拍子,Gagaku-P.U.N.K. Crash Beat
17706537,1,マンモ・フォッシル,长毛兽化石,Fossil Tusker
17720747,1,黒薔薇の魔女,黑蔷薇之魔女,Witch of the Black Rose
17722185,3,インヴィンシブル・ヘイロー,无敌光环,Invincibility Barrier
17725109,2,青眼龍轟臨,青眼龙轰临,Roar of the Blue-Eyed Dragons
17732278,1,Ｎ・グロー・モス,新空间侠·光辉青苔,Neo-Spacian Glow Moss
17733394,1,森の屍,森之尸,Wood Remains
17739335,1,呪眼の王 ザラキエル,咒眼之王 泽拉凯尔,"Zerrziel, Ruler of the Evil Eyed"
17745969,1,スーパービークロイド－モビルベース,超级交通机人-移动基地,Super Vehicroid - Mobile Base
17749468,1,贖罪神女,赎罪神女,Azamina
17751597,3,烙印断罪,烙印断罪,Branded Retribution
17760003,1,Ａ・ジェネクス・トライアーム,盟军·次世代三武人,Genex Ally Triarm
17775525,1,超重蒸鬼テツドウ－Ｏ,超重蒸鬼 铁道王-O,Superheavy Samurai Steam Train King
17787975,3,ディメンション・スフィンクス,次元斯芬克斯,Dimension Sphinx
17810268,1,雲魔物－アシッド・クラウド,云魔物-酸云,Cloudian - Acid Cloud
17814387,3,援軍,援军,Reinforcements
17825378,1,捕食植物トリアンティス,捕食植物 黏菖蒲螳螂,Predaplant Triantis
17827173,1,ふわんだりぃず×とっかん,随风旅鸟×巨嘴鸟,Floowandereeze & Toccan
17832359,1,森の聖騎士 ワンコ,森之圣骑士 小汪,"Wonko, Noble Knight of the Forest"
17841097,1,ニードル・ガンナー,针枪手,Needle Soldier
17841166,3,マグネット・フォース,磁力,Magnet Force
17857780,1,ＥＭチアモール,娱乐伙伴 啦啦队鼹鼠,Performapal Cheermole
17871506,1,真紅眼の凶星竜－メテオ・ドラゴン,真红眼的凶星龙-流星之龙,Meteor Dragon Red-Eyes Impact
17874674,3,破邪の刻印,破邪之刻印,Seal of Wickedness
17881964,1,暗黒火炎龍,暗黑火炎龙,Darkfire Dragon
17885118,3,ペンデュラム・スケール,灵摆刻度秤,Pendulum Scale
17888577,2,音速を追う者,音速的追赶者,Sonic Tracker
17896384,2,魔法族の結界,魔法族的结界,Arcane Barrier
17932494,1,ソニック・ウォリアー,音速战士,Sonic Warrior
17943271,1,メメント・ゴブリン,莫忘哥布林,Mementotlan Goblin
17946349,1,斬機ダイア,斩机 径武,Mathmech Diameter
17947697,1,白き乙女,白色少女,Maiden of White
17948378,1,ジュラック・デイノ,朱罗纪恐兽,Jurrac Dino
17955766,1,Ｎ・アクア・ドルフィン,新空间侠·水波海豚,Neo-Spacian Aqua Dolphin
17956906,2,終幕の光,终幕之光,Final Light
17968114,1,海原の女戦士,海原的女战士,Amazon of the Seas
17979378,1,ＤＤプラウド・シュバリエ,DD 高傲骑士,D/D Proud Chevalier
17985575,1,ロード・オブ・ドラゴン－ドラゴンの支配者－,龙之支配者,Lord of D.
17988746,1,パーリィナイツ,派对夜骑士组,Parry Knights
17994645,1,Ａ ＢＦ－雨隠れのサヨ,强袭黑羽-雨隐之小夜刀鸟,Assault Blackwing - Sayo the Rain Hider
18000338,1,Ｒｅ：ＥＸ,复王龙EX,Re: EX
18013090,1,ニトロ・ウォリアー,氮素战士,Nitro Warrior
18027138,2,カバーカーニバル,河马狂欢节,Hippo Carnival
18036057,1,天空騎士パーシアス,天空骑士 珀耳修斯,Airknight Parshath
18046862,2,嘆きの石版,叹息之石版,Grief Tablet
18060565,1,ドラグニティ－プリムス・ピルス,龙骑兵团-首席百夫长,Dragunity Primus Pilus
18063928,1,ブリキンギョ,铁皮金鱼,Tin Goldfish
18094166,1,Ｖ・ＨＥＲＯ ファリス,幻影英雄 独善人,Vision HERO Faris
18096222,3,デュアル・ブースター,二重推进器,Gemini Booster
18106132,1,ドール・モンスター 熊っち,人偶怪兽 熊仔,Doll Monster Bear-Bear
18108166,1,幻殻竜,幻壳龙,Mystery Shell Dragon
18114794,2,サモンブレーカー,召唤断路器,Summon Breaker
18138630,3,魔玩具厄瓶,魔玩具厄瓶,Frightfur Jar
18144506,2,ハーピィの羽根帚,鹰身女妖的羽毛扫,Harpie's Feather Duster
18158393,3,伍世壊浄心,伍世坏净心,Mannadium Reframing
18158397,3,ナチュラル・ディザスター,自然灾害,Natural Disaster
18161786,2,ダークゾーン,暗黑地带,Mystic Plasma Zone
18165869,1,メメント・ダークソード,莫忘战士 暗黑之剑,Mementotlan Dark Blade
18168997,1,堕天使ネルガル,堕天使 内尔伽勒,Darklord Nergal
18175965,1,ガーディアン・デスサイス,守护者·戴思塞斯,Guardian Dreadscythe
18180762,1,泥に潜み棲むもの,泥浆潜居者,The Thing That Hides in the Mud
18189187,1,夢魔鏡の使徒－ネイロイ,梦魔镜的使徒-涅洛伊,"Neiroy, the Dream Mirror Disciple"
18190572,3,ミクロ光線,微缩光线,Micro Ray
18205590,2,天架ける星因士,架天桥的星因士,Satellarknight Skybridge
18210764,1,ペンデュラムーチョ,灵摆多福鸟,Pendulumucho
18214905,1,エレメントセイバー・ラパウィラ,元素灵剑士·电光,Elementsaber Lapauila
18235309,3,連撃の帝王,连击的帝王,Escalation of the Monarchs
18235577,1,寂々虫,寂寂虫,Silent Strider
18236002,1,プランキッズ・ランプ,调皮宝贝·火灯娃,Prank-Kids Lampsies
18239909,1,爆竜剣士イグニスターＰ,爆龙剑士 点火星·日珥,"Ignister Prominence, the Blasting Dracoslayer"
18246479,1,牛魔人,牛魔人,Battle Steer
18249921,3,電脳堺門－玄武,电脑堺门-玄武,Virtual World Gate - Xuanwu
18252559,3,仕込み爆弾,内置式爆弹,Secret Blast
18271561,3,ヘル・ブラスト,地狱爆破,Chthonian Blast
18282103,1,魔轟神獣ガナシア,魔轰神兽 甘纳许,The Fabled Ganashia
18294799,1,無限竜シュヴァルツシルト,无限龙 施瓦西龙,Schwarzschild Infinity Dragon
18302224,2,リバース・オブ・ネオス,新宇侠的逆转,Reverse of Neos
18313046,1,Ｕｋ－Ｐ.Ｕ.Ｎ.Ｋ.カープ・ライジング,浮世绘朋克 升鲤,Ukiyoe-P.U.N.K. Rising Carp
18318842,1,アビス・ソルジャー,深渊士兵,Abyss Soldier
18319762,1,氷結界の照魔師,冰结界的照魔师,Revealer of the Ice Barrier
18322364,1,ビッグ・ホエール,巨鲸,Big Whale
18325492,1,ジャイロイド,旋翼机人,Gyroid
18326736,1,星守の騎士 プトレマイオス,星守之骑士 托勒密,Tellarknight Ptolemaeus
18372968,1,カミソーリトカゲ,剃刀蜥蜴,Razor Lizard
18377261,1,剣の御巫ハレ,剑之御巫 波礼,Ha-Re the Sword Mikanko
18378582,1,大天使ゼラート,大天使 杰拉特,Archlord Zerato
18378992,2,Ｓｉｎ Ｓｅｌｅｃｔｏｒ,罪 选择,Malefic Selector
18386170,1,彼岸の巡礼者 ダンテ,彼岸的巡礼者 但丁,"Dante, Pilgrim of the Burning Abyss"
18407024,1,エレキンギョ,电气金鱼,Wattbetta
18426196,1,聖騎士ジャンヌ,圣骑士 贞德,Noble Knight Joan
18430390,1,ウィングド・ライノ,飞翼犀牛,Winged Rhynos
18438874,2,イービル・マインド,邪心,Evil Mind
18444733,3,雷龍放電,雷龙放电,Thunder Dragon Discharge
18444902,1,タタカワナイト,打一仗骑士,Tatakawa Knight
18446701,3,ガガガシールド,我我我护盾,Gagagashield
18458255,2,ネムレリアの寝姫楼,妮穆蕾莉娅的寝姬楼,Dream Tower of Princess Nemleria
18474999,1,魔神儀－ブックストーン,魔神仪-能量石书本,Impcantation Bookstone
18478530,3,ローゲの焔,洛戈之焰,Loge's Flame
18482591,1,氷結界の破術師,冰结界的破术师,Warlock of the Ice Barrier
18486927,1,古代の歯車機械,古代的齿车机械,Ancient Gear Gadget
18489208,1,カースド・フィグ,被诅咒的无花果,Cursed Fig
18491580,1,真紅眼の亜黒竜,真红眼亚黑龙,Red-Eyes Alternative Black Dragon
18494511,1,氷水帝エジル・ラーン,冰水帝 霓石精·海女神,Icejade Ran Aegirine
18511384,2,融合回収,融合回收,Fusion Recovery
18511599,1,エヴォルカイザー・ソルデ,进化帝·索德斯龙,Evolzar Solda
18514525,1,プランキッズ・ロケット,调皮宝贝火箭,Prank-Kids Rocket Ride
18517177,3,コア・ブラスト,核心爆破,Core Blast
18548966,1,Ｈ・Ｃ モーニング・スター,英豪挑战者 晨星锤兵,Heroic Challenger - Morning Star
18551923,1,呪眼の死徒 メドゥサ,咒眼之死徒 美杜莎,"Medusa, Watcher of the Evil Eye"
18558867,1,ウォークライ・バシレオス,战吼斗士·巴西莱奥斯,War Rock Bashileos
18563744,2,沈黙の剣,沉默之剑,Silent Sword Slash
18585765,1,ボルテスター,万用电表兵,Voltester
18590133,1,キングゴブリン,哥布林王,Goblin King
18591904,2,最終戦争,最终战争,Final Destiny
18597560,3,サイバネティック・レボリューション,电子革命,Cybernetic Revolution
18605135,3,竜巻海流壁,龙卷海流壁,Tornado Wall
18621798,1,炎王獣 ガネーシャ,炎王兽 甘尼许,Fire King Avatar Arvata
18631392,1,マアト,玛特,Ma'at
18634367,3,スクリーン・オブ・レッド,红莲屏障,Red Screen
18654201,1,クリオスフィンクス,斯芬克斯 克莱欧,Criosphinx
18658572,2,見世物ゴブリン,哥布林杂耍艺人,Goblin Circus
18666161,1,デスピアン・プロスケニオン,死狱乡演员·镜框舞台龙,Despian Proskenion
18678554,3,クロノダイバー・フライバック,时间潜行者飞返,Time Thief Flyback
18698739,1,ガーベージ・オーガ,垃圾食人魔,Garbage Ogre
18710707,1,怒りの海王,愤怒的海王,The Furious Sea King
18712704,3,インフェルニティ・フォース,永火之力,Infernity Force
18716735,1,レアメタルフォーゼ・ビスマギア,稀炼装勇士·铋巫,Raremetalfoes Bismugear
18720257,2,天気予報,天气预报,The Weather Forecast
18724123,1,インフェルニティ・アーチャー,永火弓手,Infernity Archer
18739764,3,デストラクト・ポーション,破坏疗药,Destruct Potion
18743376,1,メタファイズ・タイラント・ドラゴン,玄化暴君龙,Metaphys Tyrant Dragon
18752707,2,マジカル・スター・イリュージョン,魔力星幻像,Magical Star Illusion
18752938,2,偽りの種,假种子,Seed of Deception
18756904,2,馬の骨の対価,马骨的对价,White Elephant's Gift
18760514,1,マッドマーダー,疯狂杀人小丑,Mad Mauler
18789533,1,ドットスケーパー,点阵图跳离士,Dotscaper
18803791,2,黒竜降臨,黑龙降临,Dark Dragon Ritual
18807108,3,六芒星の呪縛,六芒星之咒缚,Spellbinding Circle
18809562,2,魔導契約の扉,魔导契约之扉,Magical Contract Door
18816758,3,侵略の波動,侵略的波动,Infestation Wave
18828179,1,マザー・ブレイン,母脑鱼,Cranium Fish
18832779,1,海造賊－双翼のリュース号,海造贼-双翼之光照号,Plunder Patrollship Lys
18837926,1,切れぎみ隊長,怒气冲冲的队长,Motivating Captain
18842395,1,パワー・インベーダー,强力侵略者,Power Invader
18843291,1,ライトロード・アテナ ミネルバ,光道雅典娜 密涅瓦,"Minerva, the Athenian Lightsworn"
18847598,1,Ａ宝玉獣 アンバー・マンモス,高等宝玉兽 琥珀猛犸,Advanced Crystal Beast Amber Mammoth
18859369,1,カオス・グレファー,混沌斗士 格雷法,Chaos Grepher
18861006,1,紅天馬ファイヤー・ウイング・ペガサス,红天马 火翼飞马,Crimson Firewing Pegasus
18865703,1,ＺＷ－玄武絶対聖盾,异热同心武器-玄武绝对圣盾,ZW - Ultimate Shield
18890039,2,リブロマンサー・ライジング,书灵师崛起,Libromancer First Appearance
18891691,1,パーフェクト機械王,完美机械王,Perfect Machine King
18895832,2,システム・ダウン,系统崩溃,System Down
18897163,1,ＤＤＤ超死偉王ダークネス・ヘル・アーマゲドン,DDD 超死伟王 黑地狱终末神,D/D/D Super Doom King Dark Armageddon
18914778,1,チェンジ・スライム,变形史莱姆,Change Slime
18937875,2,灼熱の槍,灼热之枪,Burning Spear
18940556,1,究極伝導恐獣,究极传导恐兽,Ultimate Conductor Tyranno
18940725,1,ふわんだりぃず×ろびーな,随风旅鸟×知更鸟,Floowandereeze & Robina
18954366,2,優麗なる霊鏡,优丽的灵镜,Necroquip Prism
18960169,1,ゴブリン陽動部隊,哥布林佯动部队,Goblin Decoy Squad
18963306,1,銀河眼の光波竜,银河眼光波龙,Galaxy-Eyes Cipher Dragon
18964575,1,速攻のかかし,速攻稻草人,Swift Scarecrow
18967507,1,鎧獄竜－サイバー・ダークネス・ドラゴン,铠狱龙-电子暗冥龙,Cyberdarkness Dragon
18969888,1,燦幻超龍トランセンド・ドラギオン,灿幻超龙 三超戟龙军王,Sangenpai Transcendent Dragion
18973184,2,失烙印,失烙印,Branded Lost
18988391,1,アマリリース,解放朱顶红,Amarylease
18993198,1,化合獣オキシン・オックス,化合兽 氧素牛,Chemicritter Oxy Ox
19012345,1,灰塵王 アッシュ・ガッシュ,灰尘王 灰划,Gash the Dust Lord
19019586,1,ジェムエレファント,宝石象,Gem-Elephant
19024706,3,ヒーロー逆襲,英雄逆袭,Hero Counterattack
19025379,1,ロード・オブ・ザ・レッド,真红王,Lord of the Red
19027895,3,サラマングレイト・リヴァイブ,转生炎兽的复活,Salamangreat Revive
19028307,1,獣神機王バルバロスＵｒ,兽神机王 巴巴罗斯乌尔,Beast Machine King Barbaros Ür
19036557,1,エレメントセイバー・マカニ,元素灵剑士·随风,Elementsaber Makani
19041767,1,デュアル・サモナー,二重召唤师,Gemini Summoner
19048328,1,幻竜星－チョウホウ,幻龙星-嘲风,"Chaofeng, Phantom of the Yang Zing"
19050066,1,ＥＭバロックリボー,娱乐伙伴 巴洛克栗子球,Performapal Barokuriboh
19059929,2,炎舞－「玉衝」,炎舞-「玉衡」,Fire Formation - Gyokkou
19066538,1,轟きの大海蛇,轰鸣的大海蛇,Roaring Ocean Snake
19086954,1,セコンド・ゴブリン,助手哥布林,Second Goblin
19089195,3,潜海奇襲,潜海奇袭,Sea Stealth Attack
19093698,1,ワンモア・ザ・ワイト,翌夜之白骨骑士,Moissa Wight
19096726,1,鉄獣鳥 メルクーリエ,铁兽鸟 墨丘利信使,Tri-Brigade Mercourier
19113101,1,プリベントマト,阻碍番茄,Interceptomato
19139516,1,スクラップ・ビースト,废铁兽,Scrap Beast
19153590,1,パイル・アームド・ドラゴン,打桩武装龙,Pile Armed Dragon
19153634,1,ノーブル・ド・ノワール,黑暗贵族,Patrician of Darkness
19159413,2,魔法除去,魔法除去,De-Spell
19162134,2,エンタメデュエル,娱乐决斗,Dueltaining
19163116,1,ジェムナイト・オブシディア,宝石骑士·黑曜,Gem-Knight Obsidian
19181420,1,メメント・ツイン・ドラゴン,莫忘双头龙,Mementotlan Twin Dragon
19182751,1,ジェネクス・ニュートロン,次世代中子人,Genex Neutron
19186123,2,幻影解放,幻影解放,Vision Release
19190082,1,戦乙女の戦車,女武神的战车,Valkyrie Chariot
19204398,1,Ａ・Ｏ・Ｊ ライト・ゲイザー,正义盟军 灯眼怪,Ally of Justice Light Gazer
19211362,1,ネメシス・フラッグ,星义旗舰兽,Nemeses Flag
19221310,1,オッドアイズ・セイバー・ドラゴン,异色眼剑甲龙,Odd-Eyes Saber Dragon
19230407,2,死者への供物,给死者的供物,Offerings to the Doomed
19252988,3,トラップ・ジャマー,陷阱干扰阵,Trap Jammer
19254117,3,仁王立ち,仁王立,Rise to Full Height
19261966,1,エルシャドール・アノマリリス,神影依·异花莉莉丝,El Shaddoll Anoyatyllis
19271881,3,赫ける王の烙印,赫耀的王之烙印,"Brightest, Blazing, Branded King"
19272658,3,エクシーズ弁当,超量便当,Xyz Bento
19275188,3,ウォークライ・ジェネレート,战吼造育,War Rock Generations
19280589,1,小天使テルス,小天使 忒勒斯,Tellus the Little Angel
19299793,1,紅蓮王 フレイム・クライム,红莲王 炎罪,"Red Lotus King, Flame Crime"
19301729,1,電子光虫－レジストライダー,电子光虫-电阻水黾,Digital Bug Registrider
19302550,1,ＤＤ魔導賢者ニュートン,DD 魔导贤者 牛顿,D/D Savant Newton
19307353,1,魂の造形家,魂之造型家,Spirit Sculptor
19310321,1,紋章獣ツインヘッド・イーグル,纹章兽 双头鹰,Heraldic Beast Twin-Headed Eagle
19312169,2,罠封印の呪符,陷阱封印咒符,Talisman of Trap Sealing
19316241,1,銀河戦竜,银河战龙,Galaxy War Drake
19322865,1,地縛囚人 ライン・ウォーカー,地缚囚人 线条步行者,Earthbound Prisoner Line Walker
19324993,1,Ｘ・ＨＥＲＯ ヘル・デバイサー,特异英雄 地狱裂魔,Xtra HERO Infernal Devicer
19327348,1,闇霊使いダルク,暗灵使 达克,Dharc the Dark Charmer
19333131,1,Ｎｏ.１２ 機甲忍者クリムゾン・シャドー,No.12 机甲忍者 红影,Number 12: Crimson Shadow Armor Ninja
19337371,2,ヒステリック・サイン,歇斯底里的签订,Hysteric Sign
19353570,1,影無茶ナイト,影无茶骑士,Kagemucha Knight
19355597,1,ジェムナイトレディ・ブリリアント・ダイヤ,宝石骑士女郎·亮钻,Gem-Knight Lady Brilliant Diamond
19357125,1,ダーク・アサシン,暗黑暗杀者,Dark Hunter
19362568,3,氷風のリフレイン,冰风之副歌,Icy Breeze Refrain
19369609,1,ＬＬ－プロム・スラッシュ,抒情歌鸲-舞会鸫,Lyrilusc - Promenade Thrush
19384334,2,バーニングブラッド,燃烧熔岩,Molten Destruction
19394153,2,フェザー・ショット,羽翼散射,Feather Shot
19403423,2,時を裂く魔瞳,撕裂时间的魔瞳,Time-Tearing Morganite
19406822,1,コトダマ,言灵,Kotodama
19420830,1,満天禍コルドー,满天祸 科尔德,Cataclysmic Cryonic Coldo
19439119,1,魔轟神クルス,魔轰神 克露丝,Fabled Krus
19441018,1,電池メン－業務用,电池人-业务用,Batteryman Industrial Strength
19451302,3,スネーク・チョーク,蛇绞,Serpent Suppression
19462747,1,ＢＦ－弔風のデス,黑羽-吊风之戴思,Blackwing - Decay the Ill Wind
19474136,1,マンドラゴン,曼陀林草龙,Mandragon
19476824,1,メタファイズ・ラグナロク,玄化末日龙,Metaphys Ragnarok
19489718,1,魔鍵銃－バトスバスター,魔键铳-巴托斯巴斯特,Magikey Mechmusket - Batosbuster
19501924,2,ペンデュラム・シフト,灵摆转移,Pendulum Transfer
19502505,1,沈黙の魔導剣士－サイレント・パラディン,沉默魔导剑士,Silent Paladin
19505896,1,ウィード,杂草,Nettles
19508728,2,月鏡の盾,月镜盾,Moon Mirror Shield
19510093,1,超重僧兵ビッグベン－Ｋ,超重僧兵 大弁庆-K,Superheavy Samurai Monk Big Benkei
19516687,1,リブロマンサー・エージェント,书灵师·代理人,Libromancer Agent
19523799,2,昼夜の大火事,昼夜的大火灾,Ookazi
19535693,1,Ｎｏ－Ｐ.Ｕ.Ｎ.Ｋ.セアミン,能朋克 世阿弥,Noh-P.U.N.K. Ze Amin
19544412,2,選手入場アナウンス,选手入场宣告,Ring Announcer
19578592,2,愚鈍の斧,愚钝之斧,Axe of Fools
19580308,1,ＤＤラミア,DD 拉弥亚,D/D Lamia
19590644,3,セットアッパー,布局上钩拳,Setuppercut
19594506,1,ネオスペース・コンダクター,新宇宙引导者,Neo Space Pathfinder
19596712,2,アビスケイル－ケートス,深渊鳞甲-鲸鱼,Abyss-scale of Cetus
19605133,1,ナチュル・レディバグ,自然瓢虫,Naturia Ladybug
19612721,1,円盤闘士,圆盘斗士,Disc Fighter
19613556,2,大嵐,大风暴,Heavy Storm
19619755,1,ＥＭ五虹の魔術師,娱乐伙伴 五虹之魔术师,Performapal Five-Rainbow Magician
19636995,1,急き兎馬,急兔马,Red Hared Hasty Horse
19642774,1,フルール・シンクロン,鲜花同调士,Fleur Synchron
19642889,1,コアキメイル・パワーハンド,核成电钻手,Koa'ki Meiru Powerhand
19652159,1,光と闇の竜王,光与暗之龙王,Light and Darkness Dragonlord
19665973,1,バトルフェーダー,消战者,Battle Fader
19667590,1,ゴゴゴギガース,隆隆隆巨灵,Gogogo Gigas
19671102,2,メールの階段,奇迹螺旋阶梯,Stairs of Mail
19671433,2,伍世壊心像,伍世坏心像,Mannadium Imaginings
19673561,2,ウィッチクラフト・スクロール,魔女术的书卷,Witchcrafter Scroll
19680539,1,聖騎士ガウェイン,圣骑士 高文,Noble Knight Gawayn
19684740,1,妖精騎士イングナル,妖精骑士 因古纳尔,Fairy Knight Ingunar
19688343,3,バーニングナックル・クロスカウンター,燃烧拳交叉反击,Battlin' Boxing Cross Counter
19700943,1,ドドドボット,怒怒怒机器人,Dododo Bot
19712214,3,海晶乙女渦輪,海晶少女涡轮,Marincess Bubble Ring
19715246,1,サイバー・ヨルムンガンド,电子世界蛇,Cyber Jormungardr
19733961,1,電池メン－単二型,电池人-单二型,Batteryman C
19737320,1,ゲート・キーパー,看门人,Gatekeeper
19739265,2,サン・アンド・ムーン,太阳与月亮,Sol and Luna
19740112,1,干ばつの結界像,干旱之结界像,Barrier Statue of the Drought
19747827,1,真紅眼の黒竜剣,真红眼黑龙剑,Red-Eyes Black Dragon Sword
19748583,1,聖剣を抱く王妃ギネヴィア,怀抱圣剑的王后 桂妮薇儿,"Gwenhwyfar, Queen of Noble Arms"
19763315,3,不運なリポート,不运的报告,An Unfortunate Report
19771459,1,ウォークライ・ガトス,战吼斗士·加托斯,War Rock Gactos
19801646,1,伝説のフィッシャーマン二世,传说的渔人二世,The Legendary Fisherman II
19808608,1,ＤＤバフォメット,DD 巴风特,D/D Berfomet
19814508,2,Ｕ.Ａ.スタジアム,超级运动员体育场,U.A. Stadium
19827717,2,死者の生還,死者生还,Return of the Doomed
19828680,2,煉獄の契約,炼狱的契约,Contract with the Void
19844995,2,召喚制限－パワーフィルター,召唤限制-力量过滤器,Power Filter
19847532,1,ヘルフレイムエンペラー,狱火帝皇,Infernal Flame Emperor
19870120,2,進撃の帝王,进击的帝王,March of the Monarchs
19877898,1,アルティメット・インセクト ＬＶ７,究极昆虫 LV7,Ultimate Insect LV7
19882096,1,スケアクロー・ベロネア,恐吓爪牙族·尖物恐惧兽,Scareclaw Belone
19885332,2,白の水鏡,白之水镜,White Mirror
19891131,1,クロノダイバー・レギュレーター,时间潜行者规范针表犬,Time Thief Regulator
19891310,1,ギアギアギア ＸＧ,齿轮齿轮齿轮 X巨人,Geargiagear Gigant XG
19932396,2,侵略の一手,侵略的一手,First Step Towards Infestation
19942835,2,アンデット・リボーン,不死苏生,Zombie Reborn
19943114,3,サイバネット・リグレッション,电脑网回归,Cynet Regression
19959563,1,戒めの龍,惩戒之龙,Punishment Dragon
19959742,1,リチュア・シェルフィッシュ,遗式贝,Gishki Mollusk
19963185,1,Ａ宝玉獣 アメジスト・キャット,高等宝玉兽 紫晶猫,Advanced Crystal Beast Amethyst Cat
19974580,1,Ｃ・ドラゴン,链·锁环龙,Iron Chain Dragon
19980975,2,ダイヤモンドダスト・サイクロン,钻尘旋风,Diamond-Dust Cyclone
20001443,1,相剣師－莫邪,相剑师-莫邪,Swordsoul of Mo Ye
20003027,1,メルフィー・パピィ,童话动物·小狗,Melffy Puppy
20003527,1,雲魔物－ニンバスマン,云魔物-雨云人,Cloudian - Nimbusman
20007374,3,集いし願い,聚集的祈愿,Converging Wishes
20032555,1,ギミック・パペット－ボム・エッグ,机关傀儡-炸蛋头,Gimmick Puppet Egg Head
20036055,3,旅人の到彼岸,旅人之到彼岸,The Traveler and the Burning Abyss
20050865,1,水晶機巧－シトリィ,水晶机巧-矩阵黄晶,Crystron Citree
20056760,1,グレイドル・スライム,灰篮史莱姆,Graydle Slime
20057949,3,フォーチュン・インハーリット,命运继承,Inherited Fortune
20060230,1,ハードアーマー,坚硬铠甲,Hard Armor
20065259,1,銃の忍者－火光,铳之忍者-火光,Kagero the Cannon Ninja
20065322,2,クリボーを呼ぶ笛,栗子球的呼唤笛,The Flute of Summoning Kuriboh
20065549,2,絶対魔法禁止区域,绝对魔法禁止区域,Non-Spellcasting Area
20071842,2,ヘヴィ・トリガー,重型扳机,Heavy Interlock
20073910,1,天照大神,天照大神,Amaterasu
20101223,2,神の息吹,神之息吹,Breath of Light
20127343,1,Ａ・ジェネクス・チェンジャー,盟军·次世代转换员,Genex Ally Changer
20129614,1,メルフィー・ラビィ,童话动物·小兔子,Melffy Rabby
20137754,1,流星方界器デューザ,流星方界器 天尘,Duza the Meteor Cubic Vessel
20138923,3,反魔鏡,反魔镜,Anti-Magic Prism
20140382,3,オーバーウェルム,势不可挡,Overwhelm
20145685,1,エクシーズ・アーマー・フォートレス,超量铠甲·要塞式,Xyz Armor Fortress
20154092,1,先史遺産カブレラの投石機,先史遗产 卡布雷拉投石机,Chronomaly Cabrera Trebuchet
20155904,1,十二獣クックル,十二兽 鸡拳,Zoodiac Kataroost
20174189,1,ナチュル・バンブーシュート,自然竹笋,Naturia Bamboo Shoot
20188127,2,泉の精霊,泉之精灵,Fairy of the Spring
20191720,1,剛鬼ムーンサルト,刚鬼 月面坠击兔,Gouki Moonsault
20193924,1,白夜の女王,白夜之女王,White Night Queen
20201255,2,再起する剣闘獣,再起的剑斗兽,Gladiator Beast's Comeback
20210570,1,レグルス,雷古勒斯,Regulus
20212491,2,ストレイ・ピュアリィ・ストリート,流浪纯爱妖精街道,Stray Purrely Street
20216608,2,ツッパリーチ,孤注差一掷,Tilted Try
20228463,1,セレモニーベル,仪式之钟,Ceremonial Bell
20246864,1,ＷＷ－フリーズ・ベル,风魔女-冻铃,Windwitch - Freeze Bell
20248754,1,海造賊－静寂のメルケ号,海造贼-静寂之暗夜号,Plunder Patrollship Moerk
20264508,2,サンダー・ショート,漏雷,Thunder Short
20265095,1,慧炎星－コサンジャク,慧炎星-扈三雀,Brotherhood of the Fire Fist - Peacock
20277376,1,神竜 アポカリプス,神龙 默示龙,Divine Dragon Apocralyph
20277860,1,鎧武者ゾンビ,铠武者僵尸,Armored Zombie
20281581,1,ＥＭモモンカーペット,娱乐伙伴 飞毯鼯鼠,Performapal Momoncarpet
20285786,3,マスター・ピース,杰作拼图,Halfway to Forever
20292186,1,アーティファクト－デスサイズ,古遗物-死镰,Artifact Scythe
20295753,1,夜刀蛇巳,夜刀蛇巳,Night Sword Serpent
20315854,1,フェアリー・ドラゴン,妖精龙,Fairy Dragon
20318029,1,雷源龍－サンダー・ドラゴン,雷源龙-雷龙,Thunder Dragonmatrix
20343502,1,ティーチャーマドルチェ・グラスフレ,魔偶甜点教师·眼镜蛋奶酥,Madolche Teacher Glassouffle
20345391,1,空牙団の参謀 シール,空牙团的参谋 西尔,"Seal, Strategist Fur Hire"
20349913,2,銀河の施し,银河的施舍,Galactic Charity
20351153,1,幻角獣フュプノコーン,幻角兽,Hypnocorn
20357457,1,未来の柱－キアノス,未来之柱-奇亚诺丝,Pillar of the Future - Cyanos
20358953,1,シャーク・ザ・クルー,巡洋鲨,Shark Cruiser
20366274,1,エルシャドール・ネフィリム,神影依·拿非利,El Shaddoll Construct
20368763,1,幻獣機ハリアード,幻兽机 鹞式狮豹兽,Mecha Phantom Beast Harrliard
20374351,1,ラヴァル・ステライド,熔岩星炮手,Laval Stennon
20374520,3,門前払い,逐客令,"Begone, Knave!"
20394040,1,バーバリアン１号,野蛮人1号,Lava Battleguard
20403123,1,ＥＭスライハンド・マジシャン,娱乐伙伴 手艺魔术家,Performapal Sleight Hand Magician
20409757,1,時読みの魔術師,时读之魔术师,Timegazer Magician
20417688,3,星逢の天河,星逢的天河,Stars Align across the Milky Way
20419926,3,ガンスリンガー・エクスキューション,枪侠死刑弹,Execute Protocols
20424878,1,スプリガンズ・ロッキー,护宝炮妖·小火箭,Springans Rockey
20426176,3,海造賊－大航海,海造贼-大航海,Plunder Patroll Booty
20426907,3,機殻の再星,机壳的再星,Re-qliate
20436034,2,磁力の指輪,磁力指轮,Ring of Magnetism
20438745,1,灼熱王パイロン,灼热王 派隆,King Pyron
20447641,3,機殻の凍結,机壳的冻结,Qlife's End
20450925,1,ハネワタ,羽翼棉花,Hanewata
20455229,1,ファイアウォール・ディフェンサー,防火防守者,Firewall Defenser
20457551,2,鋼核収納,钢核收纳,Iron Core Armor
20470500,1,アームズ・シーハンター,武装海洋猎手,Armed Sea Hunter
20474741,1,トライデント・ウォリアー,三叉戟战士,Trident Warrior
20501450,2,コンセントレイト,集中插座,Concentrating Current
20513882,3,苦渋の黙札,苦涩的默札,Painful Escape
20515672,1,Ｓ－Ｆｏｒｃｅ ナイトチェイサー,治安战警队 黑夜追缉者,S-Force Nightchaser
20522190,3,邪悪なるバリア －ダーク・フォース－,邪恶防护罩 -暗黑之力-,Dark Mirror Force
20529766,1,超電磁稼動ボルテック・ドラゴン,超电磁稼动伏特龙,Super-Electromagnetic Voltech Dragon
20537097,1,蒼穹の機界騎士,苍穹之机界骑士,Mekk-Knight Blue Sky
20541432,1,ロックメイス,心锁妖精,Key Mace #2
20546916,1,ボタニカル・ライオ,植物狮子,Botanical Lion
20560620,1,お代狸様の代算様,代狸大人的代算样,Emperor Tanuki's Critter Count
20563387,1,ＣＮｏ.８０ 葬装覇王レクイエム・イン・バーサーク,混沌No.80 葬装霸王 镇魂狂曲王,Number C80: Requiem in Berserk
20568404,1,ジュラック・スティゴ,朱罗纪剑龙,Jurrac Stego
20579538,1,森羅の姫芽君 スプラウト,森罗的姬芽君 幼芽,Sylvan Princessprout
20584712,1,ＳＰＹＲＡＬ－タフネス,秘旋谍-硬汉子,SPYRAL Tough
20586572,1,ボマー・ドラゴン,轰炸龙,Exploder Dragon
20590515,3,黄金郷のコンキスタドール,黄金乡的征服者,Conquistador of the Golden Land
20590784,3,星墜つる地に立つ閃珖,立于星坠之地的闪珖,Stardust Re-Spark
20612097,3,紅き血染めのエルドリクシル,红化血染之黄金国永生药,Eldlixir of Scarlet Sanguine
20618081,1,転生炎獣ファルコ,转生炎兽 猎鹰,Salamangreat Falco
20618850,2,黄金の雫の神碑,黄金之雫的神碑,Runick Golden Droplet
20624263,1,クジャック,孔雀,Peacock
20630765,1,魔石術師 クルード,魔石术师 克鲁德,Spellstone Sorcerer Karood
20638610,3,竜の転生,龙之转生,Dragon's Rebirth
20644748,3,宇宙の収縮,宇宙收缩,Spatial Collapse
20654247,1,青眼の混沌龍,青眼混沌龙,Blue-Eyes Chaos Dragon
20663556,1,イレカエル,交换蛙,Substitoad
20665527,1,揚陸群艦アンブロエール,登陆群舰 游走巨鲸,Amphibious Swarmship Amblowhale
20686759,2,Ｄ・レトロエンジン,变形斗士·老式发动机,Morphtronic Rusty Engine
20700531,1,氷結界の修験者,冰结界的修验者,Pilgrim of the Ice Barrier
20714553,1,聖月の魔導士エンディミオン,圣月之魔导士 恩底弥翁,"Endymion, the Crescent of Magistus"
20720928,2,メタファイズ・ファクター,玄化因子,Metaphys Factor
20721759,3,ヘイト・クレバス,仇恨裂缝,Icy Crevasse
20721928,1,Ｅ・ＨＥＲＯ スパークマン,元素英雄 电光侠,Elemental HERO Sparkman
20726052,3,Ｍ∀ＬＩＣＥ＜Ｃ＞ＧＷＣ－０６,码丽丝<代码>GWC-06,Maliss <C> GWC-06
20727787,3,武装解除,武装解除,Disarmament
20735371,3,バイバイダメージ,倍倍伤害,Bye Bye Damage
20745268,3,魔弾－デスペラード,魔弹-亡命之徒,Magical Musket - Desperado
20747792,1,ベリー・マジシャン・ガール,浆果魔术少女,Berry Magician Girl
20758643,1,彼岸の悪鬼 グラバースニッチ,彼岸的恶鬼 格拉菲亚卡内,"Graff, Malebranche of the Burning Abyss"
20765952,2,魔力無力化の仮面,魔力无力化之假面,Mask of Dispel
20773176,1,炎獣の影霊衣－セフィラエグザ,炎兽之影灵衣-神数艾可萨龙,"Zefraxa, Flame Beast of the Nekroz"
20781762,3,岩投げアタック,投石攻击,Rock Bombardment
20785975,1,ＣＮｏ.１０３ 神葬零嬢ラグナ・インフィニティ,混沌No.103 神葬零娘 暮永,Number C103: Ragnafinity
20788863,3,サラマングレイト・ギフト,转生炎兽的赠礼,Salamangreat Gift
20797524,1,トライクラー,三轮车人,Tricular
20799347,1,電脳堺嫦－兎々,电脑堺嫦-兔兔,Virtual World Oto-Hime - Toutou
20802187,2,スピリット変換装置,灵魂变换装置,Spirit Converter
20822520,2,魔導書庫ソレイン,魔导书库 苏雷,Spellbook Library of the Heliosphere
20831168,1,リザード兵,蜥蜴兵,Lizard Soldier
20838380,1,シャーク・サッカー,粘鲨印鱼,Shark Stickers
20848593,1,氷水,冻水,Ice Water
20849090,1,Ｋｏｚｍｏ－フォアランナー,星际仙踪-先行者号,Kozmo Forerunner
20855340,1,エヴォルド・プレウロス,进化虫·侧喙头蜥,Evoltile Pleuro
20858318,3,必殺！黒蠍コンビネーション,必杀！黑蝎合击,Dark Scorpion Combination
20862918,2,クロス・ブリード,杂交种,Cross Breed
20871001,2,ブルー・ポーション,蓝色药剂,Blue Medicine
20899496,3,天龍雪獄,天龙雪狱,Ice Dragon's Prison
20904475,1,海瀧竜華－淵巴,海泷龙华-渊巴,Kairo Ryu-Ge Emva
20920083,3,スクラム・フォース,并列之力,Scrum Force
20932152,1,クイック・シンクロン,速攻同调士,Quickdraw Synchron
20934683,2,アザミナ・オフェイレーテス,蓟花之欠债者,Azamina Debtors
20934852,1,海晶乙女アクア・アルゴノート,海晶少女 水波葵叶船蛸,Marincess Aqua Argonaut
20936251,2,ヌメロン・ストーム,源数风暴,Numeron Storm
20938824,1,Ｍ∀ＬＩＣＥ＜Ｐ＞Ｍａｒｃｈ Ｈａｒｅ,码丽丝<兵卒>三月兔,Maliss <P> March Hare
20939559,1,闇の住人 シャドウキラー,暗之住人 暗影杀手,Shadowslayer
20951752,1,裁きを下す者－ボルテニス,裁决下达者-伏尔泰尼斯,Voltanis the Adjudicator
20960340,3,クリスタル・アバター,水晶化身,Krystal Avatar
20985997,3,デストラクト・サークル－Ａ,破坏环-A,"Detonator Circle ""A"""
20989253,3,アメイズメント・ファミリーフェイス,惊乐家族脸,Amazement Family Faces
20994205,2,ナンバーズ・エヴァイユ,编号系觉醒,Numbers Eveil
21007444,3,諸刃の活人剣術,诸刃的活人剑术,Double-Edged Sword Technique
21011044,3,影依の偽典,影依的伪典,Shaddoll Schism
21015833,1,隼の騎士,隼骑士,Hayabusa Knight
21036656,1,円喚妖精キクロス,圆唤妖精 蘑菇圈,Cyclos the Circular Sprite
21044178,1,深淵に潜む者,深渊的潜伏者,Abyss Dweller
21050476,1,ＡＲＧ☆Ｓ－熱闘のパルテ,阿尔戈☆群星-热斗之帕耳忒,Argostars - Fierce Parthe
21051146,1,ブラッド・マジシャン－煉獄の魔術師－,血魔术师-炼狱的魔术师-,Blast Magician
21051977,1,コロボックリ,小矮人橡子,Acorno
21056275,2,武装蜂起,武装蜂起,Armed Rebeellion
21057444,1,海晶乙女スプリンガール,海晶少女 活跃少女斯氏金翅雀鲷,Marincess Springirl
21065189,1,ファイアウォール・Ｘ・ドラゴン,防火超限龙,Firewall eXceed Dragon
21070956,3,生贄の祭壇,牲祭的祭坛,Altar for Tribute
21074344,1,緑光の宣告者,绿光之宣告者,Herald of Green Light
21076084,3,トリックスター・リンカーネイション,淘气仙星的康乃馨转生术,Trickstar Reincarnation
21082832,2,カオス・フォーム,混沌形态,Chaos Form
21088856,1,華麗なる密偵－Ｃ,华丽的密探-C,Spy-C-Spy
21105106,1,ｓｏｐｈｉａの影霊衣,索菲娅之影灵衣,Nekroz of Sophia
21113684,1,覇魔導士アーカナイト・マジシャン,霸魔导士 奥金魔导师,Supreme Arcanite Magician
21123811,1,コズミック・ブレイザー・ドラゴン,宇宙耀变龙,Cosmic Blazar Dragon
21140872,1,真紅眼の黒刃竜,真红眼黑刃龙,Red-Eyes Slash Dragon
21142671,1,レッド・ノヴァ,红莲新星,Red Nova
21143940,2,マスク・チェンジ,假面变化,Mask Change
21155323,1,巨人ゴーグル,巨人 果戈尔,Goggle Golem
21159309,1,救世竜 セイヴァー・ドラゴン,救世龙,Majestic Dragon
21175632,1,聖女ジャンヌ,圣女 贞德,St. Joan
21179143,2,レプティレス・スポーン,爬虫妖卵,Reptilianne Spawn
21187631,1,オルターガイスト・ドラッグウィリオン,幻变骚灵·拖拽山妪,Altergeist Dragvirion
21200905,1,アロマセラフィ－ジャスミン,芳香炽天使-茉莉,Aromaseraphy Jasmine
21208154,1,邪神アバター,邪神 神之化身,The Wicked Avatar
21219755,3,破壊指輪,破坏指轮,Destruction Ring
21223277,1,聖騎士王アルトリウス,圣骑士王 阿托利斯,"Artorigus, King of the Noble Knights"
21225115,1,古生代化石竜 スカルギオス,古生代化石龙 骷髅屠魔龙,Fossil Dragon Skullgios
21237481,3,零式魔導粉砕機,零式魔导粉碎机,Type Zero Magic Crusher
21239280,1,骨ネズミ,骨鼠,Bone Mouse
21249921,1,ドラグニティナイト－ヴァジュランダ,龙骑兵团骑士-雷枪龙骑士,Dragunity Knight - Vajrayana
21250202,1,オッドアイズ・ペルソナ・ドラゴン,异色眼假面龙,Odd-Eyes Persona Dragon
21251800,1,光をもたらす者 ルシファー,带来光明的使者 路西法,Light Bringer Lucifer
21254443,3,星遺物の導き,星遗物的引导,World Legacy Landmark
21263083,1,ペイルビースト,苍白兽,Pale Beast
21281085,1,魔轟神レヴェルゼブル,魔轰神 利威西卜魔,Fabled Levilazebul
21291696,1,電極獣カチオン,电极兽 阳离子,Electrode Beast Cation
21293424,1,空母軍貫－しらうお型特務艦,空母军贯-银鱼级特务舰,Gunkan Suship Shirauo-class Carrier
21296383,1,ユニバード,独角鸟,Unibird
21296502,1,トゥーン・ブラック・マジシャン,卡通黑魔术师,Toon Dark Magician
21297224,1,ヒステリック天使,歇斯底里的天使,Hysteric Fairy
21313376,1,Ｎｏ.１４ 強欲のサラメーヤ,No.14 强欲之死神犬,Number 14: Greedy Sarameya
21323861,2,酸の嵐,酸性风暴,Acid Rain
21340051,1,ボアソルジャー,野猪士兵,Boar Soldier
21347668,2,ピュアリィ・スリーピィメモリー,纯爱妖精瞌睡回忆,Purrely Sleepy Memory
21347810,1,レインボー・フラワー,彩虹花,Rainbow Flower
21350571,3,幻獣の角,幻兽之角,Horn of the Phantom Beast
21351206,1,焔聖騎士－オジエ,焰圣骑士-奥吉尔,Infernoble Knight Ogier
21362970,1,ビーストライカー,毛兽攻击者,Beast Striker
21364070,1,魔妖仙獣 独眼群主,魔妖仙兽 独眼群主,Mayosenju Hitot
21368273,1,マナドゥム・トリロスークタ,末那愚子族·三界歌水仙女,Mannadium Trisukta
21368442,1,Ｓ－Ｆｏｒｃｅ グラビティーノ,治安战警队 引力微子,S-Force Gravitino
21377582,1,真竜剣皇マスターＰ,真龙剑皇 卓辉星·拼图,"Master Peace, the True Dracoslaying King"
21390858,1,憑依装着－ダルク,凭依装着-达克,Familiar-Possessed - Dharc
21414674,1,プロミネンス・ハンド,日珥手,Prominence Hand
21417692,1,ダーク・エルフ,暗精灵,Dark Elf
21420702,2,ブレイズ・キャノン－トライデント,烈焰加农炮-三叉戟式,Tri-Blaze Accelerator
21435914,1,冥界濁龍 ドラゴキュートス,冥界浊龙 龙叹,Dragocytos Corrupted Nethersoul Dragon
21438286,2,デーモンの杖,恶魔之杖,Archfiend's Staff of Despair
21441617,1,オルフェゴール・スケルツォン,自奏圣乐·谐谑曲骷髅,Orcust Cymbal Skeleton
21452275,1,アロマポット,芳香炉,Aroma Jar
21454943,1,サイコ・コマンダー,念力司令官,Psychic Commander
21466326,3,残骸爆破,残骸爆破,Blasting the Ruins
21481146,3,閃光のバリア －シャイニング・フォース－,闪光防护罩 -光明之力-,Radiant Mirror Force
21488686,3,サイコ・ヒーリング,念力治愈,Psychic Rejuvenation
21495657,1,宝竜星－セフィラフウシ,宝龙星-神数负屃,"Zefraxi, Treasure of the Yang Zing"
21496848,1,イビリチュア・テトラオーグル,邪遗式四臂噬人魔,Evigishki Tetrogre
21501505,1,暗遷士 カンゴルゴーム,暗迁士 黑蛇晶,"Cairngorgon, Antiluminescent Knight"
21502796,1,ライトロード・ハンター ライコウ,光道猎犬 雷光,"Ryko, Lightsworn Hunter"
21507589,2,フィッシュアンドバックス,鱼和返还,Fish and Swaps
21516908,1,ＨＳＲマッハゴー・イータ,高速疾行机人 马赫羽子板,Hi-Speedroid Hagoita
21521304,1,Ｎｏ.３９ 希望皇ビヨンド・ザ・ホープ,No.39 希望皇 彼端超霍普,Number 39: Utopia Beyond
21522601,1,ウィッチクラフトマスター・ヴェール,魔女术师傅·玻璃女巫,Witchcrafter Madame Verre
21524779,1,ＯＫａサンダー,雷电妈妈,Mahunder
21546416,1,アームド・ドラゴン・サンダー ＬＶ５,武装龙·雷电 LV5,Armed Dragon Thunder LV5
21558682,3,ディフェンド・スライム,防御史莱姆,Jam Defender
21565445,1,海皇子 ネプトアビス,海皇子 尼普深渊王,"Neptabyss, the Atlantean Prince"
21570001,2,新世壊,新世坏,Clear New World
21576077,2,喰光の竜輝巧,食光之龙辉巧,Drytron Eclipse
21579049,2,白の循環礁,白之循环礁,White Circle Reef
21593977,1,処刑人－マキュラ,处刑人-摩休罗,Makyura the Destructor
21597117,3,ヒーロー見参,英雄拜访,A Hero Emerges
21598948,3,モンスターＢＯＸ,怪兽箱,Fairy Box
21607304,1,サブテラーマリス・ボルティニア,地中族邪界兽·第勒钛电怪,Subterror Behemoth Voltelluric
21615956,1,ガード・オブ・フレムベル,炎狱护卫龙,Flamvell Guard
21620076,1,ペインペインター,痛苦油漆工,Pain Painter
21623008,2,閃刀術式－ベクタードブラスト,闪刀术式-爆风偏向,Sky Striker Maneuver - Vector Blast
21636650,3,奇跡の残照,奇迹之残照,Miracle's Wake
21637210,1,ファイアウォール・ドラゴン・シンギュラリティ,防火龙·奇点,Firewall Dragon Singularity
21639276,3,クシャトリラ・プリペア,俱舍怒威族的准备,Kashtira Preparations
21648584,3,ＲＲ－レディネス,急袭猛禽-战备,Raidraptor - Readiness
21663205,1,墓守の神職,守墓的神职,Gravekeeper's Headman
21672573,1,エンペラー・ストゥム,帝尸神官,Emperor Sem
21677871,3,ＧＰ－スタート・エンジン,黄金荣耀-开启引擎,Gold Pride - Start Your Engines!
21686473,1,ＤＤＤ運命王ゼロ・ラプラス,DDD 命运王 零·拉普拉斯,D/D/D Destiny King Zero Laplace
21698716,1,宝玉獣 コバルト・イーグル,宝玉兽 钴尖晶鹰,Crystal Beast Cobalt Eagle
21702241,2,反目の従者,反目的从者,Vengeful Servant
21715135,2,ガガガ学園の緊急連絡網,我我我学园的紧急联络网,Gagaga Academy Emergency Network
21723081,3,Ｘ・Ｙ・Ｚハイパーキャノン,X·Y·Z极超加农炮,XYZ Hyper Cannon
21727231,1,セリオンズ“リーパー”ファム,兽带斗神“跃鱼”霹雳一,"Therion ""Reaper"" Fum"
21744288,1,ウィッチクラフト・シュミッタ,魔女术工匠·锻造女巫,Witchcrafter Schmietta
21767650,1,水精鱗－アビスマンダー,水精鳞-深渊鲵鱼兵,Mermail Abyssmander
21768554,3,集団催眠,集团催眠,Mass Hypnosis
21770260,2,スライム増殖炉,史莱姆增殖炉,Jam Breeding Machine
21770839,1,オッドアイズ・ファンタズマ・ドラゴン,异色眼幻灵龙,Odd-Eyes Phantasma Dragon
21772453,1,花札衛－紅葉に鹿－,花札卫-枫间鹿-,Flower Cardian Maple with Deer
21785144,1,ライトロード・ドラゴン グラゴニス,光道龙 格拉古尼斯,"Gragonith, Lightsworn Dragon"
21790410,1,甲虫装機 センチピード,甲虫装机 蜈蚣,Inzektor Centipede
21817254,1,メガ・サンダーボール,大雷电球,Mega Thunderball
21830679,1,クロック・ワイバーン,时钟翼龙,Clock Wyvern
21831848,2,ガガガドロー,我我我抽卡,Gagagadraw
21834870,3,天威無双の拳,天威无双之拳,Fists of the Unrivaled Tenyi
21840375,3,隠された魔導書,隐藏的魔导书,Hidden Spellbook
21843307,3,コピー・ナイト,复制骑士,Copy Knight
21844576,1,Ｅ・ＨＥＲＯ フェザーマン,元素英雄 羽翼侠,Elemental HERO Avian
21846145,3,アブダクション,绑架事件,Abduction
21848500,1,Ｍ∀ＬＩＣＥ＜Ｑ＞ＨＥＡＲＴＳ ＯＦ ＣＲＹＰＴＥＲ,码丽丝<王后>红心加密,Maliss <Q> Hearts Crypter
21858819,1,Ｎｏ.ＸＸ インフィニティ・ダークホープ,No.XX 无限之达克霍普,Number XX: Utopic Dark Infinity
21862633,2,切り裂かれし闇,被斩裂的黑暗,Piercing the Darkness
21879581,3,シンクロ・バリアー,同调障壁,Synchro Barrier
21887075,2,無尽機関アルギロ・システム,无尽机关 银星系统,Endless Engine Argyro System
21887175,1,双穹の騎士アストラム,双穹之骑士 阿斯特拉姆,Mekk-Knight Crusadia Avramax
21887179,1,月風魔,月风魔,Getsu Fuhma
21888494,2,選ばれし者,被选中者,Chosen One
21893603,1,星杯の妖精リース,星杯的妖精 莉丝,Lee the World Chalice Fairy
21900719,2,閃光の双剣－トライス,闪光之双剑-雷震,Twin Swords of Flashing Light - Tryce
21903613,1,森羅の舞踏娘 ピオネ,森罗的舞蹈娘 先锋葡萄,Sylvan Dancepione
21908319,3,コザッキーの自爆装置,平庸鬼的自爆装置,Kozaky's Self-Destruct Button
21915012,1,ルイ・キューピット,垒球小爱神,Cupid Pitch
21924381,3,ヒロイック・アドバンス,英豪前卫,Heroic Advance
21947653,1,Ｅ－ＨＥＲＯ ライトニング・ゴーレム,邪心英雄 闪电巨魔,Evil HERO Lightning Golem
21949879,1,ＥＭジェントルード,娱乐伙伴 粗鲁先生,Performapal Gentrude
21954587,1,水精鱗－メガロアビス,水精鳞-巨齿深渊鲨,Mermail Abyssmegalo
21970285,1,竜角の狩猟者,龙角的狩猎者,Dragon Horn Hunter
21977828,1,甲虫装機 ギガウィービル,甲虫装机 吉咖象鼻虫,Inzektor Giga-Weevil
21984400,2,獣・魔・導,兽·魔·导,Beast Magic Attack
21985407,3,聖夜の降臨,圣夜的降临,Starry Knight Arrival
21999001,1,光波双顎機,光波双颚机,Cipher Twin Raptor
22007085,2,聖なる篝火,神圣篝火,Starry Knight Balefire
22009013,1,インヴェルズ・モース,侵入魔鬼·飞蛾,Steelswarm Moth
22011689,1,捕食植物モーレイ・ネペンテス,捕食植物 海鳝猪笼草,Predaplant Moray Nepenthes
22020907,3,ヒーロー・シグナル,英雄标记,Hero Signal
22024279,3,オルターガイスト・リバイタリゼーション,幻变骚灵复苏,Altergeist Revitalization
22026707,1,黒魔族のカーテン,黑魔族的幕帘,Curtain of the Dark Ones
22046459,2,巨大化,巨大化,Megamorph
22047978,3,バトル・ブレイク,战斗中止,Battle Break
22056710,1,ヴァンパイアジェネシス,吸血鬼创世主,Vampire Genesis
22061412,1,Ｅ・ＨＥＲＯ Ｔｈｅ シャイニング,元素英雄 闪光侠,Elemental HERO The Shining
22070401,1,スターヴ・ヴェネミー・リーサルドーズ・ドラゴン,凶饿蛊死灭龙,Starving Venemy Lethal Dose Dragon
22073844,1,教導枢機テトラドラグマ,教导枢机 神龙四教导,Dogmatika Nexus
22076135,1,水精鱗－アビスタージ,水精鳞-深渊鲟鱼兵,Mermail Abyssturge
22082163,3,アマゾネスの意地,亚马逊的意志,Amazoness Willpower
22091345,1,ＥＭスパイク・イーグル,娱乐伙伴 尖刺鹰,Performapal Spikeagle
22091647,1,ゴッドフェニックス・ギア・フリード,神威凤凰剑圣 基亚·弗里德,Immortal Phoenix Gearfried
22093873,1,Ｍ・ＨＥＲＯ カミカゼ,假面英雄 神风,Masked HERO Divine Wind
22110647,1,幻獣機ドラゴサック,幻兽机 哥萨克龙,Mecha Phantom Beast Dracossack
22123627,2,強欲なウツボ,强欲之海鳝壶,Moray of Greed
22125101,1,軌跡の魔術師,轨迹之魔术师,Beyond the Pendulum
22134079,1,墓守の伏兵,守墓的伏兵,Gravekeeper's Ambusher
22138839,1,捕食植物バンクシアオーガ,捕食植物 尖牙鱼佛塔花,Predaplant Banksiogre
22147147,2,旋風剣,旋风剑,Cyclone Blade
22159429,2,トリックスター・マジカローラ,淘气仙星的花冠魔法,Trickstar Magical Laurel
22160245,1,Ｅ－ＨＥＲＯ インフェルノ・ウィング,邪心英雄 业火翼魔,Evil HERO Inferno Wing
22171591,1,カバリスト,秘学家,Doctor Cranium
22174866,1,アロマージ－カナンガ,芳香法师-依兰,Aromage Cananga
22180094,1,Ｓ－Ｆｏｒｃｅ 乱破小夜丸,治安战警队 乱破小夜丸,S-Force Rappa Chiyomaru
22198672,2,キャッスル・リンク,王车连接,Castle Link
22200403,1,ヒュプノシスター,催眠妹妹,Hypnosister
22201234,3,ライトロード・バリア,光道防护罩,Lightsworn Barrier
22205600,3,連鎖旋風,连锁旋风,Chain Whirlwind
22211622,1,覇王門無限,霸王门 无限,Supreme King Gate Infinity
22219822,1,トリックスター・マンドレイク,淘气仙星·曼德拉,Trickstar Mandrake
22227683,1,ブンボーグ００４,文具电子人004,Deskbot 004
22318971,1,一角獣の使い魔,独角兽使魔,Uni-Horned Familiar
22339232,1,ワイトメア,白骨梦魇,Wightmare
22346472,2,破天荒な風,破天荒之风,Blustering Winds
22359980,3,銀幕の鏡壁,银幕之镜壁,Mirror Wall
22371016,1,Ａ・Ｏ・Ｊ アンノウン・クラッシャー,正义盟军 未知轰击象,Ally of Justice Unknown Crusher
22373487,3,ゲット・アウト！,滚蛋！,Get Out!
22377092,3,トラップホリック,沉迷陷溺,Trapholic
22377815,1,水面のアレサ,水面之艾瑞莎,Aquarian Alessa
22382087,1,風帝家臣ガルーム,风帝家臣 迦楼姆,Garum the Storm Vassal
22386234,1,オーロラ・アンギラス,极光仙·阿诣罗,Aurora Paragon
22390469,1,ＧＰ－スター・リオン,黄金荣耀-星马狮利昂,Gold Pride - Star Leon
22398665,2,流星輝巧群,流星辉巧群,Meteonis Drytron
22404675,1,雷帝家臣ミスラ,雷帝家臣 密特拉,Mithra the Thunder Vassal
22411609,1,ヴォルカニック・トルーパー,火山骑兵,Volcanic Trooper
22414174,2,シンクロ・クリード,同调贪欲,Synchro Creed
22419772,1,ピクシーガーディアン,妖精守护者,Fairy Guardian
22420202,1,竜輝巧－ルタδ,龙辉巧-天厨一δ,Drytron Delta Altais
22423493,1,クリフォート・ゲニウス,机壳守护神 路径灵,Qliphort Genius
22431243,2,超進化薬,超进化药,Ultra Evolution Pill
22435424,1,竜輝巧－νＩＩ,龙辉巧-ν2,Drytron Nu II
22446869,1,水精鱗－ディニクアビス,水精鳞-邓氏深渊鱼,Mermail Abyssteus
22454453,3,謙虚な瓶,谦虚之瓶,Jar of Generosity
22479888,3,クレイ・チャージ,黏土冲撞,Clay Charge
22493811,2,アリの増殖,蚂蚁的增殖,Multiplication of Ants
22499034,1,真竜戦士イグニスＨ,真龙战士 点火烈·炽热,"Ignis Heat, the True Dracowarrior"
22499463,1,ヴェノム・コブラ,蛇毒眼镜蛇,Venom Cobra
22501005,2,霊獣の継聖,灵兽的继圣,Ritual Beast Inheritance
22510667,1,剛鬼ザ・ソリッド・オーガ,刚鬼 硬铠食人魔,Gouki The Solid Ogre
22512237,1,メカニカル・ハウンド,机械猎犬,Mechanical Hound
22512406,1,覆面忍者ヱビス,覆面忍者 惠比寿,Masked Ninja Ebisu
22530212,1,マジック・ハンド,魔术手,Magic Hand
22537443,2,セベクの祝福,塞贝克的祝福,Sebek's Blessing
22539270,2,スクラップ・オイルゾーン,废铁油带,Scrap Lube
22555834,2,魔轟神界の階,魔轰神界之阶,Stairway to a Fabled Realm
22567609,1,素早いモモンガ,迅捷鼯鼠,Nimble Momonga
22586618,1,ダークネス・シムルグ,暗冥之霸者 斯摩夫,Simorgh of Darkness
22587018,1,ハイドロゲドン,氢素龙,Hydrogeddon
22589918,2,リロード,上膛,Reload
22593417,1,トポロジック・ガンブラー・ドラゴン,拓扑篡改感染龙,Topologic Gumblar Dragon
22609617,1,不意打ち又佐,奇袭的又佐,Mataza the Zapper
22610082,2,遺言の仮面,遗言之假面,The Mask of Remnants
22617205,1,覚星輝士－セフィラビュート,觉星辉士-神数蝇王,Stellarknight Zefraxciton
22624373,1,ライトロード・マジシャン ライラ,光道魔术师 丽拉,"Lyla, Lightsworn Sorceress"
22628574,3,フェイク・フェザー,伪羽,Fake Feather
22634473,3,対峙する宿命,对峙的宿命,Destined Rivals
22638495,1,剛竜剣士ダイナスターＰ,刚龙剑士 雾动星·强力,"Dinoster Power, the Mighty Dracoslayer"
22653490,1,電光千鳥,电光千鸟,Lightning Chidori
22657402,1,冥界の麗人イゾルデ,冥界的丽人 伊索德,"Isolde, Belle of the Underworld"
22662014,1,驚楽園の助手 ＜Ｄｅｌｉａ＞,惊乐园的助手 ＜D丑角＞,Amazement Assistant Delia
22666164,1,督戦官コヴィントン,督战官 科文顿,Commander Covington
22669793,3,貴き黄金郷のエルドリクシル,贵华黄金乡之黄金国永生药,Eldlixir of the Glorious Golden Land
22702055,2,海,海,Umi
22712877,1,シビレルダケ,电麻毒裸盖菇,Paralyzing Mushroom
22723778,1,暗黒界の混沌王 カラレス,暗黑界的混沌王 卡勒莱斯,"Clorless, Chaos King of Dark World"
22747316,3,しっぺ返し,以牙还牙,Retort
22748199,3,神の氷結,神之冰结,The Ice-Bound God
22751868,2,風雲カラクリ城,风云机巧城,Karakuri Showdown Castle
22754505,1,スモール・ピース・ゴーレム,小块石人,Small Piece Golem
22765132,3,ＥＭコール,娱乐伙伴呼唤,Performapal Call
22790789,1,巨大戦艦 クリスタル・コア,巨大战舰 晶核,B.E.S. Crystal Core
22790910,1,智の賢者－ヒンメル,智之贤者-希默尔,Sage of Wisdom - Himmel
22796548,2,デーモンの宣告,恶魔的宣告,Archfiend's Oath
22802010,3,無差別崩壊,无差别崩坏,Blind Obliteration
22804410,1,ディープアイズ・ホワイト・ドラゴン,渊眼白龙,Deep-Eyes White Dragon
22804644,1,デス・ウイルス・ドラゴン,死亡病毒龙,Doom Virus Dragon
22812068,1,機甲忍者アース,机甲忍者 地,Earth Armor Ninja
22812963,1,創世の神 デウテロノミオン,创世之神 狄特罗诺米安,Regenesis Lord
22819092,2,魚群探知機,鱼群探知机,Fish Sonar
22829942,2,融合再生機構,融合再生机构,Fusion Recycling Plant
22835145,1,ＢＦ－極北のブリザード,黑羽-极北之布利扎德,Blackwing - Blizzard the Far North
22837504,1,霞の谷の戦士,霞之谷的战士,Mist Valley Soldier
22842126,2,汎神の帝王,泛神的帝王,Pantheism of the Monarchs
22842214,1,シー・ランサー,海洋枪兵,Sea Lancer
22850702,1,カオス・アンヘル－混沌の双翼－,混沌之双翼,Chaos Angel
22855882,1,呪われし魔剣,被诅咒的魔剑,Fiend Sword
22858242,1,猿魔王ゼーマン,猿魔王 塞曼,Zeman the Ape King
22862454,1,プロキシー・ドラゴン,代理龙,Proxy Dragon
22865492,1,Ｖ・ＨＥＲＯ インクリース,幻影英雄 增量人,Vision HERO Increase
22866836,3,超信地旋回,超信地旋回,Spin Turn
22869904,3,魔力誘爆,魔力诱爆,That Wacky Alchemy!
22873798,1,ハイエナ,鬣狗,Hyena
22888900,3,グリザイユの牢獄,纯灰色画的牢狱,Grisaille Prison
22900219,1,ダイナレスラー・キメラ・Ｔレッスル,恐龙摔跤手·嵌合摔跤暴龙,Dinowrestler Chimera T Wrextle
22900598,3,ヴァンパイア・シフト,吸血鬼移地,Vampire Takeover
22908820,1,Ｅ・ＨＥＲＯ サンライザー,元素英雄 日出侠,Elemental HERO Sunrise
22910685,1,緑樹の霊王,绿树之灵王,Green Phantom King
22916281,1,星杯に選ばれし者,被星杯所选中者,Chosen by the World Chalice
22923081,1,黒魔導戦士 ブレイカー,黑魔导战士 破坏者,Breaker the Dark Magical Warrior
22933016,2,Ａｉドリング・ボーン,“艾”闲者苏生,A.I.dle Reborn
22938501,1,再世の導神 シェモース,再世之导神 史莫特,Regenesis Sage
22953211,1,ベルキャットファイター,铃猫战斗机,Bellcat Fighter
22959079,2,ワーム・ホール,虫洞,Dimensionhole
22970795,1,ワイトロード,白骨道领主,Wightlord
22991179,2,無視加護,无视加护,Insect Neglect
22993208,2,炎王の急襲,炎王的急袭,Onslaught of the Fire Kings
22996376,1,百獣王 ベヒーモス,百兽王 贝希摩斯,Behemoth the King of All Animals
23002292,3,レッド・リブート,红色重启,Red Reboot
23008320,2,コール・リゾネーター,呼唤共鸣者,Resonator Call
23015896,1,炎王神獣 ガルドニクス,炎王神兽 大鹏不死鸟,Fire King High Avatar Garunix
23020408,2,魂のしもべ,魂之仆人,Soul Servant
23032273,1,メギラス・ライト,梅基拉斯之光,Megirus Light
23051413,1,ナチュル・スタッグ,自然锹甲,Naturia Stag Beetle
23064604,1,冥帝エレボス,冥帝 厄瑞玻斯,Erebus the Underworld Monarch
23068051,3,幽麗なる幻滝,幽丽的幻泷,Waterfall of Dragon Souls
23076639,1,幻爪の王ガゼル,幻爪之王 加泽尔,Gazelle the King of Mythical Claws
23085002,1,Ｎｏ.６８ 魔天牢サンダルフォン,No.68 魔天牢 桑达尔丰,Number 68: Sanaphond the Sky Prison
23087070,1,ローズ・ウィッチ,蔷薇之魔女,Rose Witch
23093373,1,天魔の聲選姫,天魔之声选姬,Selettrice Vaalmonica
23093604,1,Ｘ－セイバー パシウル,X-剑士 珀修尔,X-Saber Pashuul
23099524,1,ファラオニック・アドベント,法老的降临,Pharaonic Advent
23115241,1,Ｘ－セイバー アナペレラ,X-剑士 安娜佩瑞拉,X-Saber Anu Piranha
23116808,1,怨念の魂 業火,怨念之魂 业火,"Goka, the Pyre of Malice"
23118924,1,エレメント・デビル,元素恶魔,Element Doom
23122036,3,陰謀の盾,阴谋之盾,Intrigue Shield
23147658,1,風化戦士,风化战士,Weathering Soldier
23151193,1,断罪のディアベルスター,断罪之迪亚贝尔斯塔尔,Diabellstar Vengeance
23153227,2,七皇昇格,七皇升格,Seventh Ascension
23160024,2,アモルファスＰ,无形阵·假面,Amorphous Persona
23166823,1,影霊獣使い－セフィラウェンディ,影灵兽使-神数文蒂,Ritual Beast Tamer Zefrawendi
23168060,1,鍵戦士キーマン,键战士,Key Man the Key Warrior
23171610,2,リミッター解除,限制解除,Limiter Removal
23187256,1,Ｎｏ.９３ 希望皇ホープ・カイザー,No.93 希望皇 霍普·真皇,Number 93: Utopia Kaiser
23204029,1,Ｃ・ＨＥＲＯ カオス,对极英雄 混沌侠,Contrast HERO Chaos
23205979,1,魂を削る死霊,削魂的死灵,Spirit Reaper
23212990,3,六武式風雷斬,六武式风雷斩,Six Strike - Thunder Blast
23213239,2,激動の未界域,激动的未界域,Danger! Disturbance! Disorder!
23220533,1,ホーリーナイツ・レイエル,圣夜骑士团·瑞尔,Starry Knight Rayel
23220863,1,シュルブの魔導騎兵,苏鲁伯的魔导骑兵,Magical Cavalry of Cxulub
23232295,1,ＢＫ 拘束蛮兵リードブロー,燃烧拳击手 拘束蛮兵 刺拳拳手,Battlin' Boxer Lead Yoke
23234094,1,エヴォルダー・エリアス,进化龙·双腔龙,Evolsaur Elias
23265313,2,コストダウン,代价降低,Cost Down
23265594,1,強化支援メカ・ヘビーウェポン,强化支援机械·重装武器,Heavy Mech Support Platform
23269426,2,最期の同調,临终的同调,Final Gesture
23270035,3,モンスターアソート,怪兽集锦,Monster Assortment
23274061,1,エレキタリス,电气红松鼠,Wattsquirrel
23282832,3,オーバーリミット,超越界限,Over Limit
23288411,1,冥骸合竜－メメントラル・テクトリカ,冥骸合龙-莫忘冥地王灵,Mementoal Tecuhtlica - Combined Creation
23289281,1,カラテマン,空手道家,Karate Man
23296404,1,イグナイト・アヴェンジャー,点火骑士·复仇者,Igknight Lancer
23297235,1,フレムベル・ヘルドッグ,炎狱地狱犬,Flamvell Firedog
23299957,2,ビークロイド・コネクション・ゾーン,交通机人连接区,Vehicroid Connection Zone
23303072,1,モンタージュ・ドラゴン,合成龙,Montage Dragon
23309606,1,炎獄魔人ヘル・バーナー,炎狱魔人 地狱焚魔,Infernal Incinerator
23314220,2,ルドラの魔導書,冰火之魔导书,Spellbook of Knowledge
23323812,3,念導力,念导力,Telepathic Power
23327298,3,パラレル・セレクト,平行选择,Parallel Selection
23331400,1,リンク・ストリーマー,连接流式鸟,Link Streamer
23338098,1,Ａ ＢＦ－涙雨のチドリ,强袭黑羽-泪雨之千鸟刀鸟,Assault Blackwing - Chidori the Rain Sprinkling
23361526,1,ＨＳＲコルク－１０,高速疾行机人 软木塞-10,Hi-Speedroid Cork Shooter
23377425,2,Ｓ－Ｆｏｒｃｅ ブリッジヘッド,治安战警队桥头堡,S-Force Bridgehead
23377694,1,ＥＭオオヤヤドカリ,娱乐伙伴 房东寄居蟹,Performapal Sellshell Crab
23379054,1,劫火の舟守 ゴースト・カロン,劫火之舟守 幽鬼冥船夫,"Ghost Charon, the Underworld Boatman"
23384666,1,機巧蛙－磐盾多邇具久,机巧蛙-磐盾多迩具久,"Gizmek Taniguku, the Immobile Intellect"
23401839,1,センジュ・ゴッド,千手神,Senju of the Thousand Hands
23408872,1,サシカエル,替换蛙,Tradetoad
23421244,1,リボーン・ゾンビ,再生僵尸,Reborn Zombie
23424603,2,荒野,荒野,Wasteland
23431858,1,天威龍－ヴィシュダ,天威龙-大同蟠龙,Tenyi Spirit - Vishuda
23434538,1,増殖するＧ,增殖的G,"Maxx ""C"""
23440062,3,ウィキッド・リボーン,邪恶苏生,Wicked Rebirth
23440231,1,インフェルノイド・リリス,狱火机·莉莉丝,Infernoid Devyaty
23442438,2,シンクロ・チェイス,同调追逐,Synchro Chase
23446369,2,幻惑の眼,幻惑之眼,Eye of Illusion
23454876,1,ＣＸ ダーク・フェアリー・チア・ガール,混沌超量 暗黑妖精啦啦队少女,CXyz Dark Fairy Cheer Girl
23459650,2,ネフティスの輪廻,奈芙提斯的轮回,Rebirth of Nephthys
23469398,1,マシンナーズ・エアレイダー,机甲空袭兵,Machina Air Raider
23471572,3,ソロモンの律法書,所罗门的律法书,Solomon's Lawbook
23499963,2,スプリガンズ・ウォッチ,护宝炮妖监视,Springans Watch
23512906,1,ＧＰ－リオン,黄金荣耀-马狮利昂,Gold Pride - Leon
23516703,3,サモンリミッター,召唤限制器,Summon Limit
23530726,1,閃術兵器－Ｓ.Ｐ.Ｅ.Ｃ.Ｔ.Ｒ.Ａ.,闪术兵器-斯佩克特拉,Surgical Striker - S.P.E.C.T.R.A.
23535429,1,牙城のガーディアン,牙城守护者,Stronghold Guardian
23536866,1,ゲイザー・シャーク,间歇泉鲨,Gazer Shark
23545031,1,水精鱗－サラキアビス,水精鳞-萨拉深渊后,Mermail Abyssalacia
23557835,2,次元融合,次元融合,Dimension Fusion
23558733,1,フェニキシアン・クラスター・アマリリス,凤凰石蒜花,Phoenixian Cluster Amaryllis
23562407,2,聖剣カリバーン,圣剑 石中剑,Noble Arms - Caliburn
23571046,1,ボルト・ヘッジホッグ,螺丝刺猬,Quillbolt Hedgehog
23581825,2,ＲＵＭ－ソウル・シェイブ・フォース,升阶魔法-削魂之力,Rank-Up-Magic Soul Shave Force
23587624,2,青天の霹靂,青天霹雳,A Wild Monster Appears!
23599634,3,アルトメギア・メセナ－覚醒－,神艺狱的扶助-觉醒-,Artmage Messena - Awakening
23603403,1,ＲＲ－サテライト・キャノン・ファルコン,急袭猛禽-卫星炮猎鹰,Raidraptor - Satellite Cannon Falcon
23611122,2,急雷の泥沼,急雷泥沼,Sudden Thunderous Swamp
23615409,2,虫除けバリアー,除虫网,Insect Barrier
23617756,3,怒りの業火 エクゾード・フレイム,愤怒之业火 魔神火炎炮,Exxod Fires of Rage
23619206,1,死神鳥シムルグ,死神鸟 斯摩夫,"Simorgh, Bird of Calamity"
23623653,1,精霊獣使い レラ,精灵兽使 蕾拉,Spiritual Beast Tamer Lara
23626223,3,苦紋様の土像,苦纹样的土像,Statue of Anguish Pattern
23635815,1,ジェリービーンズマン,软糖豆人,Jerry Beans Man
23639291,3,アグレッシブ・クラウディアン,攻击性云魔物,Raging Cloudian
23649496,1,Ｎｏ.１８ 紋章祖プレイン・コート,No.18 纹章祖 素徽,Number 18: Heraldry Patriarch
23656668,1,グラビティ・コントローラー,重力控制者,Gravity Controller
23657016,1,幻禄の天盃龍,幻禄之天杯龙,Tenpai Dragon Genroku
23659124,1,海の竜王,海之龙王,Sea King Dragon
23672629,1,ヴァリアント・シャーク・ランサー,义勇鲨枪兵,Valiant Shark Lancer
23681456,3,マドルチェ・ハッピーフェスタ,魔偶甜点佳节,Madolchepalooza
23689428,1,無限起動ゴライアス,无限起动 哥利亚巨人,Infinitrack Goliath
23689697,1,凍氷帝メビウス,冻冰帝 美比乌斯,Mobius the Mega Monarch
23693634,1,ギガンテック・ファイター,巨人斗士,Colossal Fighter
23701465,2,原初の種,原初之种,Primal Seed
23720856,1,ズバババンチョー－ＧＣ,刷拉拉番长-我我我外套,Zubababancho Gagagacoat
23732205,1,デリンジャラス・ドラゴン,德林加凶枪龙,Dillingerous Dragon
23740893,1,妖仙獣 木魅,妖仙兽 木魅,Yosenju Kodam
23746827,2,億年の氷墓,亿年冰墓,Million-Century Ice Prison
23756165,1,魅惑の女王 ＬＶ５,魅惑的女王 LV5,Allure Queen LV5
23770284,1,ストロング・ウィンド・ドラゴン,强风龙,Strong Wind Dragon
23771716,1,レインボー・フィッシュ,彩虹鱼,7 Colored Fish
23776077,1,陽炎獣 バジリコック,阳炎兽 巴西利科克,Hazy Flame Basiltrice
23782705,1,マシンナーズ・スナイパー,机甲狙击兵,Machina Sniper
23784496,2,魔界台本「オープニング・セレモニー」,魔界台本「开幕式」,Abyss Script - Opening Ceremony
23790299,1,オルターガイスト・メモリーガント,幻变骚灵·存储姬摩莉甘,Altergeist Memorygant
23792058,1,ＳＲヘキサソーサー,疾行机人 六角飞盘,Speedroid Hexasaucer
23812568,2,アディショナル・ミラー・レベル７,附加镜·等级7,Additional Mirror Level 7
23829452,1,アルトメギアの獄神獣,神艺学之狱神兽,Imprisoned Deity Beast of Artmage
23837054,3,溟界の呼び蛟,溟界的呼蛟,Ogdoadic Calling
23842445,2,ニトロユニット,硝化装置,Nitro Unit
23846921,1,アルカナフォースＸＸＩ－ＴＨＥ ＷＯＲＬＤ,秘仪之力21-世界,Arcana Force XXI - The World
23848752,1,Ｈ－Ｃ ヤールングレイプ,英豪冠军 铁手套王,Heroic Champion - Jarngreipr
23850421,1,ジャック・ワイバーン,劫持翼龙,Jack Wyvern
23851033,1,オッドアイズ・グラビティ・ドラゴン,异色眼重力龙,Odd-Eyes Gravity Dragon
23857661,1,武神器－オキツ,武神器-冲津,Bujingi Fox
23869735,3,化石発掘,化石发掘,Fossil Excavation
23874409,1,カラクリ将軍 無零,机巧将军 无零,"Karakuri Shogun mdl 00 ""Burei"""
23893227,1,サイバー・ドラゴン・コア,电子龙核,Cyber Dragon Core
23898021,1,悪魔嬢リリス,恶魔娘 莉莉丝,"Lilith, Lady of Lament"
23899727,1,水精鱗－アビスリンデ,水精鳞-深渊琳德,Mermail Abysslinde
23912837,3,影光の聖選士,影光的圣选士,Resh Shaddoll Incarnation
23915499,1,バグマンＹ,漏洞人Y,Crashbug Y
23923758,1,包焼蒸騎－ハンバルク,包烤蒸骑-汉堡排,Steam Knight - Hamburk
23923759,1,包焼蒸騎－ハンバルク,包烤蒸骑-汉堡排,Steam Knight - Hamburk
23924608,3,砂塵の大嵐,沙尘之大风暴,Heavy Storm Duster
23927545,1,ジュラック・プロトプス,朱罗纪原角龙,Jurrac Protops
23927567,1,幸運を告げるフクロウ,告知幸运的白鸮,An Owl of Luck
23931679,1,海竜神－リバイアサン,海龙神-利维坦,Ocean Dragon Lord - Kairyu-Shin
23935886,1,天威の龍拳聖,天威之龙拳圣,Draco Masters of the Tenyi
23950192,1,氷結界の術者,冰结界的术者,Cryomancer of the Ice Barrier
23965033,1,アマゾネス女帝王,亚马逊女帝王,Amazoness Augusta
23965037,2,ドリアードの祈り,树精的祈祷,Doriado's Blessing
23969415,2,超越進化薬β,超越进化药β,Beta Evolution Pill - Ultranscendance
23971061,1,ダブルバイト・ドラゴン,双字节龙,Doublebyte Dragon
23979249,1,武神－アラスダ,武神-荒樔田,Bujin Arasuda
23995346,1,青眼の究極竜,青眼究极龙,Blue-Eyes Ultimate Dragon
23998625,1,Ｎｏ.５３ 偽骸神 Ｈｅａｒｔ－ｅａｒｔＨ,No.53 伪骸神 心地心,Number 53: Heart-eartH
24010609,2,閃刀機関－マルチロール,闪刀机关-多任务战刀机,Sky Striker Mecha Modules - Multirole
24019092,1,イグナイト・マスケット,点火骑士·鸟铳,Igknight Paladin
24019261,2,救急救命,救急救命,Emergency Assistance
24025620,1,ダブル・プロテクター,双盾防护者,Twin-Shield Defender
24027078,1,アヴァロンの魔女モルガン,阿瓦隆的魔女 摩根,"Morgan, the Enchantress of Avalon"
24037702,2,闇の進軍,暗之进军,March of the Dark Brigade
24040093,1,魔轟神グリムロ,魔轰神 葛琳萝,Fabled Grimro
24050692,2,溟界の蛇睡蓮,溟界的蛇睡莲,Ogdoadic Water Lily
24062258,1,暗躍のドルイド・ドリュース,暗跃的德鲁伊·橡木,Secret Sect Druid Dru
24068492,3,自業自得,自业自得,Just Desserts
24070330,1,音響戦士ロックス,音响战士 摇滚乐队,Symphonic Warrior Rockks
24073068,1,剛鬼スープレックス,刚鬼 过肩摔霸王龙,Gouki Suprex
24079759,1,百鬼羅刹 特攻ダグ,百鬼罗刹 特攻达格,Goblin Biker Dugg Charger
24081957,2,反逆の罪宝－スネークアイ,叛逆之罪宝-蛇眼,Sinful Spoils of Subversion - Snake-Eye
24082387,3,ミステリーサークル,麦田圈,Crop Circles
24087580,1,アマゾネスの銀剣使い,亚马逊银剑使,Amazoness Silver Sword Master
24094258,1,ヘビーメタルフォーゼ・エレクトラム,刚炼装勇士·银金公主,Heavymetalfoes Electrumite
24094653,2,融合,融合,Polymerization
24096228,2,二重魔法,二重魔法,Double Spell
24096499,1,森の聖獣 ヴァレリフォーン,森之圣兽 缬草小鹿,"Valerifawn, Mystical Beast of the Forest"
24101897,1,ゴーストリックの猫娘,鬼计猫娘,Ghostrick Nekomusume
24103628,1,幻影の魔術士,幻影魔术士,Phantom Magician
24104865,1,エーリアン・マザー,外星人母后,Alien Mother
24128274,1,深海の戦士,深海战士,Deepsea Warrior
24131534,1,イグナイト・マグナム,点火骑士·马格努姆,Igknight Squire
24137081,1,ドリル・バーニカル,钻头藤壶,Drill Barnacle
24140059,1,不幸を告げる黒猫,告知不幸的黑猫,A Cat of Ill Omen
24150026,1,カラクリ無双 八壱八,机巧无双 八一八,"Karakuri Muso mdl 818 ""Haipa"""
24151924,1,Ｇゴーレム・インヴァリッド・ドルメン,G石人·无效支石墓,G Golem Invalid Dolmen
24154052,1,プロトロン,原型机灵,Protron
24158464,1,ティンダングル・ジレルス,廷达魔三角之结界石,Tindangle Jhrelth
24166324,3,流星極輝巧群,流星极辉巧群,Meteoroa Drytron
24175232,1,ネフティスの蒼凰神,奈芙提斯之苍凰神,Cerulean Sacred Phoenix of Nephthys
24181936,2,闇味鍋パーティー,暗味锅派对,Yaminabe Party
24184846,1,ＢＫ リベージ・ガードナー,燃烧拳击手 内伸臂挡拳手,Battlin' Boxer Rib Gardna
24194033,1,ドローバ,泥浆兽,Dorover
24207889,3,センサー万別,千查万别,There Can Be Only One
24212820,3,幻影騎士団ダーク・ガントレット,幻影骑士团 暗黑手甲,The Phantom Knights of Dark Gauntlets
24215921,1,ヘルグレイブ・スクワーマー,地狱墓场蠕动者,Gruesome Grave Squirmer
24218047,1,破面竜,破面龙,Unmasked Dragon
24220368,2,ジェムナイト・ディスパージョン,宝石骑士色散,Gem-Knight Dispersion
24221739,1,神殿を守る者,神殿守卫者,Protector of the Sanctuary
24221808,1,メンタルオーバー・デーモン,精神超载恶魔,Overmind Archfiend
24224830,2,墓穴の指名者,墓穴的指名者,Called by the Grave
24226942,1,カオス・ネフティス,混沌奈芙提斯,Chaos Nephthys
24232799,1,脚納母艦ブラキオーバー,脚纳母舰 超大腕龙,Storagepod
24268052,3,ガード・ブロック,护卫防壁,Defense Draw
24269961,1,破械神王ヤマ,破械神王 阎摩,Unchained Soul Lord of Yama
24285858,2,グラディアル・リターン,剑斗归还,Gladiator's Return
24291651,1,ガンバラナイト,加把劲骑士,Ganbara Knight
24294108,2,燃えさかる大地,燃烧的大地,Burning Land
24299458,2,禁じられた一滴,禁忌的一滴,Forbidden Droplet
24311372,1,デビルゾア,恶魔兽灵,Zoa
24311595,1,レスキューロイド,救援机人,Rescueroid
24317029,1,墓守の偵察者,守墓的侦察者,Gravekeeper's Spy
24326617,1,氷帝家臣エッシャー,冰帝家臣 埃舍尔,Escher the Frost Vassal
24348204,1,魅惑の怪盗,魅惑的怪盗,The Bewitching Phantom Thief
24348804,3,一回休み,休息一回,Lose 1 Turn
24361622,1,天球の聖刻印,天球之圣刻印,Hieratic Seal of the Heavenly Spheres
24362891,3,突然進化,突然进化,Evo-Instant
24382602,2,光の霊堂,光之灵堂,Mausoleum of White
24384095,1,九蛇孔雀,九蛇孔雀,Kujakujaku
24393683,3,きまぐれ軍貫握り,随兴捏军贯,Gunkan Suship Daily Special
24413299,1,Ｔｈｅ ｓｕｐｐｒｅｓｓｉｏｎ ＰＬＵＴＯ,镇压冥王星,The Suppression Pluto
24419823,1,マインフィールド,矿场钻机,Minefieldriller
24425055,3,ブービートラップＥ,诡雷陷阱E,Booby Trap E
24429467,3,魔導変換,魔导变换,Mythical Bestiamorph
24432029,1,ジェネクス・ブラスト,次世代鼓风人,Genex Blastfan
24433920,1,振り子刃の拷問機械,单摆刃拷问机械,Pendulum Machine
24434049,1,エピュアリィ・プランプ,亲历纯爱妖精·丰满妖精,Epurrely Plump
24435369,1,マーメイド・ナイト,人鱼骑士,Mermaid Knight
24440742,3,影帽子,影帽子,Silhouhatte Trick
24449083,2,コート・オブ・ジャスティス,天法院,Court of Justice
24454387,1,ズットモザウルス,永久友伴恐龙,Zuttomozaurus
24484270,1,ジェムナイト・ファントムルーツ,宝石骑士·幽晶原核,Gem-Knight Phantom Quartz
24487411,1,デトネイト・デリーター,雷管删除员,Detonate Deleter
24506253,1,先史遺産アカンバロの土偶,先史遗产 阿坎巴罗土偶,Chronomaly Acambaro Figures
24508238,1,Ｄ.Ｄ.クロウ,D.D.乌鸦,D.D. Crow
24514503,1,心を凍らせるスノークリスタル,冻结心灵的雪晶怪,Soulicer Crystal
24521325,1,テンプレート・スキッパー,模板弹涂鱼,Template Skipper
24521754,1,百景戦都ゴルディロックス,百景战都 金发姑娘城,Goldilocks the Battle Landscaper
24530661,1,達人キョンシー,达人僵尸,Master Kyonshee
24545464,3,シンクロン・リフレクト,同调体反射,Synchro Deflector
24550676,1,月光舞獅子姫,月光舞狮子姬,Lunalight Leo Dancer
24557335,1,天威龍－シュターナ,天威龙-真知蟠龙,Tenyi Spirit - Shthana
24566654,3,クリムゾン・ヘルフレア,深红狱炎弹,Crimson Fire
24573625,1,ブンボーグ００８,文具电子人008,Deskbot 008
24590232,3,王魂調和,王魂调和,King's Consonance
24610207,1,アステル・ドローン,画星宝宝,Star Drawing
24611934,1,ガーゴイル・パワード,强化石像怪,Ryu-Kishin Powered
24621460,1,カラクリ小町 弐弐四,机巧小町 二二四,"Karakuri Komachi mdl 224 ""Ninishi"""
24623598,3,ロスト,失落,Disappear
24634594,1,魔螂ディアボランティス,魔螂 魔花螳螂,Diabolantis the Menacing Mantis
24635329,1,聖なる影 ケイウス,神圣之影 商神杖灵,Qadshaddoll Keios
24639891,1,しゃりの軍貫,舍利军贯,Gunkan Suship Shari
24643836,2,おジャマジック,扰乱魔术,Ojamagic
24643913,1,叛逆者エト,叛逆者 埃图,Liberator Eto
24644634,1,ナチュル・ホワイトオーク,自然白橡树,Naturia White Oak
24649931,2,変幻,变幻,Materialization
24658418,1,銀河暴竜,银河暴龙,Galaxy Tyranno
24661486,1,コールド・エンチャンター,冰寒魔法师,Cold Enchanter
24662957,3,デモンズ・ゴーレム,魔族石人,Fiendish Golem
24668830,2,細菌感染,细菌感染,Germ Infection
24672164,1,幻奏の華歌聖ブルーム・プリマ,幻奏的华歌圣 花之普莉玛,Bloom Prima the Melodious Choir
24673894,3,チェンジ・デステニー,改变命运,Changing Destiny
24689197,1,アロマリリス－ロザリーナ,芳香莉莉丝-石楠叶白千层,Aromalilith Rosalina
24694698,1,ナチュル・マロン,自然栗子,Naturia Marron
24696097,1,シューティング・スター・ドラゴン,流星龙,Shooting Star Dragon
24701066,1,無限起動リヴァーストーム,无限起动 大河式风击龙,Infinitrack River Stormer
24701235,1,和魂,和魂,Nikitama
24707869,3,ブライト・フューチャー,光明的未来,Bright Future
24721709,2,救魔の標,救魔之标,Dwimmered Path
24725825,1,エレクトリック・ワーム,电虫,Electric Virus
24731391,1,サイバース・マジシャン,电子界魔术师,Cyberse Magician
24731453,1,除雪機関車ハッスル・ラッセル,除雪机关车 急速除雪车,Snow Plow Hustle Rustle
24779554,1,白き森のルシア,白森林的蝠儿,Rucia of the White Forest
24793135,2,機巧伝－神使記紀図,机巧传-神使记纪图,Sacred Scrolls of the Gizmek Legend
24799107,1,ドラゴンメイド・シュトラール,半龙女仆·耀光龙女,Dragonmaid Sheou
24838456,3,虚無を呼ぶ呪文,呼唤虚无的咒文,Vanity's Call
24839398,2,トラップ・ギャザー,陷阱收集,Trap Gatherer
24842059,1,リングリボー,连环栗仔球,Linguriboh
24845628,2,ダストンのモップ,尘妖的拖把,Magicalized Duston Mop
24857466,1,冥王竜ヴァンダルギオン,冥王龙 断罪神,Van'Dalgyon the Dark Dragon Lord
24861088,1,先史遺産ネブラ・ディスク,先史遗产 内布拉星象盘,Chronomaly Nebra Disk
24874630,2,デビルズ・サンクチュアリ,恶魔的圣域,Fiend's Sanctuary
24878656,2,トイ・ボックス,玩具箱子,Toy Box
24882256,1,ファイアフェニックス＠イグニスター,炎凤凰@火灵天星,Fire Phoenix @Ignister
24892828,1,ティスティナの還り仔,提斯蒂娜之还仔,Returned of the Tistina
24903843,3,バージェストマ・ピカイア,伯吉斯异兽·皮卡虫,Paleozoic Pikaia
24907044,1,魔界劇団－プリティ・ヒロイン,魔界剧团-可爱女主角,Abyss Actor - Leading Lady
24915933,1,赫焉竜グランギニョル,赫焉龙 大木偶剧场龙,Granguignol the Dusk Dragon
24919805,1,無頼特急バトレイン,无赖特急 蝙蝠列车,Ruffian Railcar
24920410,3,オーバー・レンチ,过度猛拧,Overwind
24940422,2,雪花の光,雪花之光,Sekka's Light
24943456,1,ＴＧ パワー・グラディエイター,科技属 强力角斗士,T.G. Power Gladiator
24996659,1,エレキーウィ,电气鹬鸵,Wattkiwi
25005816,3,鼓舞,鼓舞,Inspiration
25034083,1,デコイロイド,诱饵机人,Decoyroid
25050038,3,チェーン・ヒーリング,连锁治愈,Chain Healing
25067275,2,旗鼓堂々,旗鼓堂堂,Swords at Dawn
25072579,1,試号閃刀姫－アマツ,试号闪刀姬-天津,Prototype Sky Striker Ace – Amatsu
25090294,2,ブルーメンブラット,花瓣,Rose Bud
25096909,3,連慄砲固定式,联栗炮固定式,Simultaneous Equation Cannons
25109950,1,アイルの小剣士,艾尔的小剑士,The Little Swordsman of Aile
25119460,1,ＹＺ－キャタピラー・ドラゴン,YZ-战车龙,YZ-Tank Dragon
25123082,2,ヒュグロの魔導書,水卜之魔导书,Spellbook of Power
25123713,1,空牙団の豪傑 ダイナ,空牙团的豪杰 戴纳,"Dyna, Hero Fur Hire"
25131968,1,毘龍之謙,毘龙之谦,Ken the Warrior Dragon
25132288,1,ライトエンド・ドラゴン,光辉终结龙,Light End Dragon
25137581,1,潜伏するＧ,潜伏的G,"Sneaky ""C"""
25140659,2,未界域調査報告,未界域调查报告,Danger! Response Team
25148255,1,ジャンク・アンカー,废品压阵者,Junk Anchor
25163248,1,先史遺産マヤン・マシーン,先史遗产 玛雅机器,Chronomaly Mayan Machine
25163979,2,星遺物へ誘う悪夢,诱向星遗物的噩梦,World Legacy's Nightmare
25165047,1,ライフ・ストリーム・ドラゴン,生命激流龙,Life Stream Dragon
25166510,1,転生炎獣Ｂバイソン,转生炎兽 暴晒野牛,Salamangreat Beat Bison
25171661,1,インフェルニティ・ドワーフ,永火矮人,Infernity Dwarf
25173686,3,ストレートフラッシュ,同花顺,Straight Flush
25191307,1,ＲＲ－ブルーム・ヴァルチャー,急袭猛禽-花咲秃鹫,Raidraptor - Bloom Vulture
25200959,1,サイバース・インテグレーター,电子界集成员,Cyberse Integrator
25206027,1,異界の棘紫竜,异界的棘紫龙,Interplanetarypurplythorny Dragon
25209168,3,絶望と希望の逆転,绝望与希望的逆转,Exchange of Despair and Hope
25218587,3,ライトロード・アイギス,光道埃癸斯盾,Lightsworn Aegis
25221249,3,Ｂ・Ｆ・Ｎ,蜂军巢,Battlewasp - Nest
25231813,2,白銀の翼,白银之翼,Silver Wing
25236056,1,レアメタル・ドラゴン,稀有金属龙,Rare Metal Dragon
25244515,1,妖仙獣 辻斬風,妖仙兽 辻斩风,Yosenju Tsujik
25247218,1,ビッグ・ピース・ゴーレム,大块石人,Big Piece Golem
25259669,1,ゴブリンドバーグ,哥布林德伯格,Goblindbergh
25262697,1,墓守の暗殺者,守墓的暗杀者,Gravekeeper's Assailant
25273572,1,Ｇゴーレム・ペブルドッグ,G石人·卵石斗牛犬,G Golem Pebble Dog
25274141,2,緊急ダイヤ,紧急行车时间表,Urgent Schedule
25280974,1,魔道化リジョン,魔道化 利真,Legion the Fiend Jester
25290459,2,レベルアップ！,等级上升！,Level Up!
25311006,2,三戦の才,三战之才,Triple Tactics Talent
25334372,2,九十九スラッシュ,九十九斩,Tsukumo Slash
25339070,1,堕天使マスティマ,堕天使 莫斯提马,Darklord Nasten
25341652,1,交響魔人マエストローク,交响魔人 剑击指挥,Maestroke the Symphony Djinn
25342956,1,ジェムナイトマスター・ダイヤ－ディスパージョン,宝石骑士王·辉钻-色散,Gem-Knight Master Diamond Dispersion
25343017,1,寡黙なるサイコプリースト,寡默的念力祭司,Hushed Psychic Cleric
25343280,1,スピリッツ・オブ・ファラオ,法老之灵,Spirit of the Pharaoh
25345186,2,ジェノサイド・ウォー,灭绝战争,After the Struggle
25366484,1,Ｅ・ＨＥＲＯ シャイニング・フレア・ウィングマン,元素英雄 闪光火焰翼侠,Elemental HERO Shining Flare Wingman
25373678,1,旋風のボルテクス,旋风之沃泰克斯,Vortex the Whirlwind
25377819,2,召集の聖刻印,召集之圣刻印,Hieratic Seal of Convocation
25388971,3,燦幻開花,灿幻开花,Sangen Kaiho
25396150,3,アマゾネス拝謁の間,亚马逊拜谒间,Amazoness Hall
25397880,1,ネフティスの語り手,奈芙提斯之叙述者,Chronicler of Nephthys
25401880,2,サイコパス,念力通道,Psychic Path
25407406,2,剣闘獣の闘器グラディウス,剑斗兽的斗器 短剑,Gladiator Beast's Battle Gladius
25407643,2,魔法族の聖域,魔法族的圣域,Secret Sanctuary of the Spellcasters
25415052,1,霊魂鳥神－姫孔雀,灵魂鸟神-姬孔雀,Shinobaroness Peacock
25415161,3,スプリガンズ・インタールーダー,护宝炮妖中间介入,Springans Interluder
25419323,3,ダイノルフィア・シェル,恐啡肽狂龙甲壳,Dinomorphia Shell
25435080,3,ＢＦ－アンカー,黑羽-力锚,Blackwing - Bombardment
25449584,1,地葬星カイザ,地葬星 怪座,Kaiza the Hidden Star
25451383,1,黒衣竜アルビオン,黑衣龙 白界龙,Albion the Shrouded Dragon
25451652,1,堕天使ルシフェル,堕天使 路西法,Darklord Morningstar
25460258,1,ダークフレア・ドラゴン,暗黑耀星龙,Darkflare Dragon
25472513,1,天輪の双星道士,天轮之双星道士,Celestial Double Star Shaman
25484449,1,ゼンマイシャーク,发条鲨,Wind-Up Shark
25494711,1,ブンボーグ００９,文具电子人009,Deskbot 009
25518020,2,マシン・デベロッパー,机器开发工厂,Machine Assembly Line
25524823,1,墓守の審神者,守墓的审神者,Gravekeeper's Oracle
25531465,1,マジキャット,魔法猫,Magicat
25533642,1,オルターガイスト・メリュシーク,幻变骚灵·寻道梅露辛,Altergeist Meluseek
25538345,1,幻影騎士団ティアースケイル,幻影骑士团 破洞鳞甲,The Phantom Knights of Torn Scales
25542642,3,幻影霧剣,幻影雾剑,Phantom Knights' Fog Blade
25550531,1,ピュアリィ,纯爱妖精,Purrely
25551951,1,ブローバック・ドラゴン,回膛手枪龙,Blowback Dragon
25573054,2,進化する翼,进化之翼,Transcendent Wings
25573115,3,絶対なる捕食,绝对的捕食,Apex Predation
25577965,1,炎魔刃フレイムタン,炎魔刃 火舌,Flametongue the Burning Blade
25578802,2,ツーマンセルバトル,二人小组战斗,Two-Man Cell Battle
25586143,1,捕食植物キメラフレシア,捕食植物 奇美拉大花草,Predaplant Chimerafflesia
25592142,1,白き森のアステーリャ,白森林的阿斯忒瑞亚,Astellar of the White Forest
25607552,1,華信龍－ノウルーズ・エリーズ,华信龙-诺鲁孜白羊龙,Nowru Aries the Vernal Dragon
25614410,2,ＨＥＲＯの遺産,英雄的遗产,Legacy of a HERO
25629622,1,魔界劇団－ビッグ・スター,魔界剧团-大明星,Abyss Actor - Superstar
25642998,3,ポセイドン・ウェーブ,波塞冬之浪,Poseidon Wave
25643346,1,悪魔嬢マリス,恶魔娘 玛莉丝,"Malice, Lady of Lament"
25652259,1,クィーンズ・ナイト,王后骑士,Queen's Knight
25652655,1,チェンジ・シンクロン,变更同调士,Changer Synchron
25654671,1,ナチュル・スパイダーファング,自然蜘蛛牙,Naturia Spiderfang
25655502,1,デビル・ボックス,恶魔箱,Bickuribox
25669282,3,完全燃焼,完全燃烧,Burnout
25682811,1,ドラグニティナイト－バルーチャ,龙骑兵团骑士-长枪龙骑士,Dragunity Knight - Barcha
25700114,3,ダストンローラー,尘妖滚筒,Duston Roller
25704359,3,憑依解放,凭依解放,Unpossessed
25716180,1,ゼンマイニャンコ,发条猫咪,Wind-Up Kitten
25725326,1,プランキッズ・ミュー,调皮宝贝喵喵猫,Prank-Kids Meow-Meow-Mu
25726386,1,メガリス・アラトロン,巨石遗物·阿拉施龙,Megalith Aratron
25727454,1,名匠 ガミル,名匠 加米尔,Master Craftsman Gamil
25733157,2,閃刀機－イーグルブースター,闪刀机-鹰式推进器,Sky Striker Mecha - Eagle Booster
25750986,3,エターナル・カオス,永恒混沌,Eternal Chaos
25769732,2,機械改造工場,机械改造工厂,Machine Conversion Factory
25771826,1,Ａ・Ｏ・Ｊ ガラドホルグ,正义盟军 雷剑兵,Ally of Justice Garadholg
25773409,1,伝説の柔術家,传说的柔术家,Legendary Jujitsu Master
25774450,2,死のマジック・ボックス,死之魔术箱,Mystic Box
25784595,1,ボーン・デーモン,白骨恶魔,Bone Archfiend
25788011,1,調星師ライズベルト,调星师 莱斯贝尔特,Risebell the Star Adjuster
25789292,2,禁じられた聖杯,禁忌的圣杯,Forbidden Chalice
25793414,1,ＷＷ－クリスタル・ベル,风魔女-水晶钟,Windwitch - Crystal Bell
25795273,1,イルミラージュ,光角幻兔,Al-Lumi'raj
25796442,2,儀式の檻,仪式之槛,Ritual Cage
25800447,2,フュージョン・オブ・ファイア,炽焰融合,Fusion of Fire
25801745,1,粛声の祈り手ロー,肃声的祈祷者 理,"Lo, the Prayers of the Voiceless Voice"
25807544,2,大聖剣博物館,大圣剑博物馆,Noble Arms Museum
25811989,1,インフェルノイド・アシュメダイ,狱火机·阿斯蒙蒂斯,Infernoid Piaty
25824484,1,森羅の仙樹 レギア,森罗的仙树 凤凰木,Sylvan Hermitree
25833572,1,ゲート・ガーディアン,门之守护神,Gate Guardian
25845518,2,ドラグニティ・グロー,龙骑兵团赤热辉,Dragunity Glow
25847467,1,暗黒界の刺客 カーキ,暗黑界的刺客 卡其,"Kahkki, Guerilla of Dark World"
25853045,1,ＦＡ－ブラック・レイ・ランサー,重铠装-黑鳍条枪兵,Full Armored Black Ray Lancer
25857246,1,ヴァルキュルスの影霊衣,瓦尔基鲁斯之影灵衣,Nekroz of Valkyrus
25857977,1,ＤＤＤ死謳王バイス・レクイエム,DDD 死讴王 恶德镇魂神,D/D/D Vice King Requiem
25861589,2,アロマブレンド,芳香混合,Aroma Blend
25862681,1,エンシェント・フェアリー・ドラゴン,古代妖精龙,Ancient Fairy Dragon
25865565,1,水晶機巧－サルファドール,水晶机巧-柠晶救龙,Crystron Sulfador
25866285,1,ナチュル・スティンクバグ,自然椿象,Naturia Stinkbug
25880422,2,『攻撃』封じ,『攻击』封禁,Block Attack
25882881,1,死神のドクロイゾ,死神骷髅,Dokuroizo the Grim Reaper
25904894,1,カラクリ大権現 無零武,机巧大权现 无零武,"Karakuri Super Shogun mdl 00N ""Bureibu"""
25908748,2,鉄獣の戦線,铁兽的战线,Tri-Brigade Stand-Off
25919316,1,ピットナイト・フィル,维修区骑士·菲尔,Pitknight Filly
25920413,1,エーリアン・スカル,骷髅外星人,Alien Skull
25924653,1,剣闘獣ダリウス,剑斗兽 马斗,Gladiator Beast Darius
25926710,1,古尖兵ケルベク,古尖兵 凯尔柏克,Kelbek the Ancient Vanguard
25935625,1,闇竜星－ジョクト,暗龙星-椒图,"Jiaotu, Darkness of the Yang Zing"
25955164,1,雷魔神－サンガ,雷魔神-桑迦,Sanga of the Thunder
25955749,2,閃刀術式－ジャミングウェーブ,闪刀术式-妨害波纹,Sky Striker Maneuver - Jamming Waves!
25958491,1,エンシェント・ホーリー・ワイバーン,古代圣翼龙,Ancient Sacred Wyvern
25964547,3,夢現の夢魔鏡,梦现之梦魔镜,Dream Mirror Hypnagogia
25988873,1,ドラグニティ－パルチザン,龙骑兵团-阔头枪龙,Dragunity Partisan
26016357,1,マドルチェ・マーマメイド,魔偶甜点·橘子酱女仆,Madolche Marmalmaide
26022485,3,衰弱の霧,衰弱之雾,Enervating Mist
26034577,1,インフェルノイド・ベルゼブル,狱火机·别西卜,Infernoid Antra
26046205,1,悪シノビ,恶忍,Vengeful Shinobi
26050548,1,エクストクス・ハイドラ,外毒多头蛇,Extox Hydra
26057276,1,星因士 ベテルギウス,星因士 参宿四,Satellarknight Betelgeuse
26077387,1,閃刀姫－レイ,闪刀姬-零衣,Sky Striker Ace - Raye
26082117,1,ガガガマジシャン,我我我魔术师,Gagaga Magician
26082229,1,侵略の炎,侵略之炎,Invasion of Flames
26084285,1,墓守の監視者,守墓的监视者,Gravekeeper's Watcher
26096328,1,超弩級砲塔列車ジャガーノート・リーベ,超重型炮塔列车 破天巨爱,Superdreadnought Rail Cannon Juggernaut Liebe
26099457,2,下降潮流,下降潮流,Falling Current
26118970,1,レッドローズ・ドラゴン,赤蔷薇龙,Red Rose Dragon
26120084,2,スペシャル・デュアル・サモン,特殊二重召唤,Super Double Summon
26157485,1,Ｃ・シューター,链·射击手,Iron Chain Blaster
26185991,1,代打バッター,代打蝗虫,Pinch Hopper
26194151,2,ネクロイド・シンクロ,死灵式同调,Necroid Synchro
26202165,1,クリッター,三眼怪,Sangan
26205777,1,炎帝テスタロス,炎帝 泰斯塔罗斯,Thestalos the Firestorm Monarch
26211048,1,甲虫装機 エクサスタッグ,甲虫装机 艾可萨锹甲,Inzektor Exa-Stag
26223582,1,ブエリヤベース・ド・ヌーベルズ,新式魔厨的马赛鱼汤布耶尔,Buerillabaisse de Nouvelles
26232916,2,隠れ里－忍法修練の地,隐之里-忍法修炼之地,Hidden Village of Ninjitsu Arts
26236560,1,破械童子アルハ,破械童子 阿罗汉,Unchained Twins - Aruha
26237713,2,ペンデュラム・トレジャー,灵摆宝藏,Pendulum Treasure
26254876,1,デュアル・ランサー,二重枪兵,Gemini Lancer
26257572,2,苦痛の回廊,苦痛的回廊,Corridor of Agony
26259179,1,Ｃｏｕｐｌｅ ｏｆ Ａｃｅｓ,圣杯情侣双A,Couple of Aces
26268488,1,聖珖神竜 スターダスト・シフル,圣珖神龙 星尘·零,Stardust Sifr Divine Dragon
26270847,1,ＥＭシルバー・クロウ,娱乐伙伴 银爪狼,Performapal Silver Claw
26273196,1,時の魔導士,时间魔导士,Time Wizard of Tomorrow
26285557,2,剛鬼フェイスターン,刚鬼反派转正,Gouki Face Turn
26285788,2,招来の対価,招来的对价,Trial and Tribulation
26293219,1,バーニング・スカルヘッド,燃烧骷髅头,Burning Skull Head
26302107,1,未界域のワーウルフ,未界域的狼人,Danger! Dogman!
26302522,1,スフィア・ボム 球体時限爆弾,球体时限炸弹,Blast Sphere
26304459,1,エンシェント・ゴッド・フレムベル,古代炎狱神,Ancient Flamvell Deity
26308721,1,捕食植物プテロペンテス,捕食植物 猪笼草翼龙,Predaplant Pterapenthes
26326541,1,業神－不知火,业神-不知火,Shiranui Swordsaga
26329679,1,セイクリッド・オメガ,星圣·欧米伽星云,Constellar Omega
26334139,3,廻る罪宝,轮回的罪宝,Sinful Spoils Subdual
26345570,2,先史遺産－ピラミッド・アイ・タブレット,先史遗产-金字塔眼板,Chronomaly Pyramid Eye Tablet
26357901,3,死償不知,死偿不知,Imprudent Intrusion
26372118,2,ＡＬＥＲＴ！,A警报！,ALERT!
26376390,1,ものマネ幻想師,模仿的幻想师,Copycat
26378150,1,ルード・カイザー,粗暴帝王,Rude Kaiser
26381750,1,紅蓮地帯を飛ぶ鷹,红莲地带的飞鹰,Soaring Eagle Above the Searing Land
26400609,1,瀑征竜－タイダル,瀑征龙-潮龙,"Tidal, Dragon Ruler of Waterfalls"
26412047,2,ハンマーシュート,槌击,Hammer Shot
26420373,1,ＳＲパッシングライダー,疾行机人 超车滑翔骑手,Speedroid Passinglider
26434972,3,刻まれし魔の憐歌,刻魔的怜歌,Fiendsmith Kyrie
26435595,1,聖菓使クーベル,圣菓使 考维曲天使,Patissciel Couverture
26439287,1,プロト・サイバー・ドラゴン,原始电子龙,Proto-Cyber Dragon
26443791,1,Ｂ・Ｆ－決戦のビッグ・バリスタ,蜂军-决战之巨弩炮蜂,Battlewasp - Ballista the Armageddon
26462013,1,原石竜ネザー・ベルセリウス,原石龙 地下黄砷榴石龙,Primite Dragon Nether Berzelius
26493435,2,希望郷－オノマトピア－,希望乡-拟声乌托邦-,Onomatopia
26495087,1,ヴァンパイア・レディ,吸血鬼女郎,Vampire Lady
26509612,3,アース・グラビティ,地球重力,Terra Firma Gravity
26517393,1,裏風の精霊,里风之精灵,Spirit of the Fall Wind
26523337,1,ゴーティスの月夜サイクス,魊影的月夜 赛克斯,"Psiics, Moonlight of the Ghoti"
26533075,3,セキュリティー・ボール,保安球,Security Orb
26548709,1,蕾禍ノ矢筈天牛,蕾祸之矢筈天牛,Ragnaraika Samurai Beetle
26556950,1,Ｎｏ.８４ ペイン・ゲイナー,No.84 增痛蛛,Number 84: Pain Gainer
26557451,3,ドロー・ディスチャージ,抽卡放电,Draw Discharge
26561172,1,変異体ミュートリア,变异体 秘异三变体,Myutant Mutant
26563200,1,弦魔人ムズムズリズム,弦魔人 跃跃节奏,Muzurhythm the String Djinn
26566878,1,デビルスコーピオン,恶魔蝎,Fiend Scorpion
26570480,1,マドルチェ・ピョコレート,魔偶甜点·巧克力雏鸟,Madolche Chickolates
26577155,1,ドラグニティ－レムス,龙骑兵团-双始龙,Dragunity Remus
26582143,1,剣闘獣ギステル,剑斗兽 师斗,Gladiator Beast Gistel
26585784,3,Ｋ９－ＥＷ特殊解除実験,K9-EW特殊解除实验,K9 - EW Experimental Liberation
26586849,3,王宮の牢獄,王宫的牢狱,Royal Prison
26593852,1,Ａ・Ｏ・Ｊ カタストル,正义盟军 灾亡虫,Ally of Justice Catastor
26631975,3,ダイノルフィア・ドメイン,恐啡肽狂龙领域,Dinomorphia Domain
26638543,1,メトロンノーム,节拍器地精灵,Metrognome
26640671,2,蜘蛛の領域,蜘蛛的领域,Spiders' Lair
26647858,3,ヒーロー・ヘイロー,英雄光环,Hero Ring
26655293,1,マグナヴァレット・ドラゴン,马格努姆弹丸龙,Magnarokket Dragon
26669055,1,静寂の聖者,静寂之圣者,Sage of Silence
26674724,1,ブリューナクの影霊衣,光枪龙之影灵衣,Nekroz of Brionac
26684111,2,天空の聖水,天空的圣水,The Sacred Waters in the Sky
26692769,1,幻影騎士団ラスティ・バルディッシュ,幻影骑士团 锈蚀月刃斧,The Phantom Knights of Rusty Bardiche
26700718,2,スネークアイ追走劇,蛇眼追赶剧,Dramatic Snake-Eye Chase
26701483,1,カードエクスクルーダー,卡片除外士,Card Ejector
26704411,1,魔轟神獣コカトル,魔轰神兽 寇克特,The Fabled Kokkator
26708437,3,エクシーズ・リボーン,超量苏生,Xyz Reborn
26722601,1,インヴェルズの門番,侵入魔鬼的门番,Steelswarm Gatekeeper
26725158,2,悪魔払い,恶魔祓除,Exile of the Wicked
26732909,1,魔導教士 システィ,魔导教士 朱丝蒂,Justice of Prophecy
26746975,1,闇の守護神－ダーク・ガーディアン,暗之守护神,Dark Guardian
26773909,2,才呼粉身,才呼粉身,Psychic Fervor
26775203,1,ＢＦ－熱風のギブリ,黑羽-热风之基布利,Blackwing - Ghibli the Searing Wind
26781870,3,イカサマ御法度,老千御法度,Fraud Freeze
26822796,3,帝王の凍志,帝王的冻志,The Monarchs Awaken
26834022,3,ディザーム,卸除武器,Disarm
26841274,3,Ｄ－フュージョン,D-融合,D-Fusion
26842483,1,ジャスティス・ブリンガー,正义使者,Justice Bringer
26845680,2,オルフェゴール・プライム,自奏圣乐的主音,Orcustrated Return
26847978,1,鉄獣戦線 徒花のフェリジット,铁兽战线 徒花之费莉吉特,Tri-Brigade Ferrijit the Barren Blossom
26857786,1,呪炎王 バースト・カースド,咒炎王 爆咒,Cursed Fire King Doom Burst
26864586,2,共振装置,共振装置,Resonance Device
26866984,1,トリアス・ヒエラルキア,三位圣统者,Trias Hierarchia
26873574,1,カオス・ダイダロス,混沌泰达路斯,Chaos Daedalus
26885836,1,Ｈ・Ｃ ウォー・ハンマー,英豪挑战者 战锤兵,Heroic Challenger - War Hammer
26889158,1,転生炎獣ガゼル,转生炎兽 羚羊,Salamangreat Gazelle
26902560,2,融合賢者,融合贤者,Fusion Sage
26905245,3,メタル・リフレクト・スライム,金属反射史莱姆,Metal Reflect Slime
26913989,1,ガイストーチ・ゴーレム,亡灵拷问巨人,Geistgrinder Golem
26914168,1,ダーク・オネスト,暗黑欧尼斯特,Dark Honest
26920296,2,幻夢境,幻梦境,Dreamland
26931058,3,フォーメーション・ユニオン,同盟编队,Formation Union
26932788,1,ジャベリンビートル,标枪甲虫,Javelin Beetle
26949946,1,幻獣機ヤクルスラーン,幻兽机 鲁斯兰枪蛇,Mecha Phantom Beast Jaculuslan
26956670,3,化石岩の解放,化石岩之解放,Release from Stone
26964762,1,Ｄ－ＨＥＲＯ ダークエンジェル,命运英雄 暗黑天使,Destiny HERO - Dark Angel
26973555,1,ＦＮｏ.０ 未来龍皇ホープ,未来No.0 未来龙皇 霍普,Number F0: Utopic Draco Future
26976414,1,海皇の長槍兵,海皇的长枪兵,Atlantean Pikeman
26984177,2,王墓の石壁,王墓的石壁,Walls of the Imperial Tomb
26988374,1,魔鍵憑神－アシュタルトゥ,魔键凭神-阿斯塔尔图,Magikey Deity - Ashtartu
26993374,1,Ｘ－セイバー ウルズ,X-剑士 乌尔德,X-Saber Uruz
27001740,3,農園からの配送,来自农园的配送,Farm Delivery
27004302,1,ジェムレシス,宝石犰狳,Gem-Armadillo
27012717,1,猛虎モンフー,猛虎,Fierce Tiger Monghu
27012990,3,海晶乙女瀑布,海晶少女瀑布,Marincess Cascade
27015862,1,ヴェーダ＝カーランタ,吠陀-迦兰多,Veda Kalanta
27024795,1,極星霊アルヴィース,极星灵 阿尔维斯,Alviss of the Nordic Alfar
27036706,1,ホーリーナイツ・シエル,圣夜骑士团·西耶勒,Starry Knight Ciel
27053506,3,仕込みマシンガン,内置式机枪,Secret Barrel
27054370,1,ファイヤー・ウイング・ペガサス,火翼飞马,Firewing Pegasus
27062594,3,運命の扉,命运之扉,The Door of Destiny
27068117,2,オーバーレイ・リジェネレート,叠光再生,Overlay Regen
27069566,1,電脳堺凰－凰々,电脑堺凰-凰凰,Virtual World Phoenix - Fanfan
27094595,1,手招きする墓場,招手的墓场,Graveyard and the Hand of Invitation
27103517,1,邪神官チラム・サバク,邪神官 契伦·沙巴,Wicked Acolyte Chilam Sabak
27104921,3,運命の囚人,命运的囚人,Forge a New Future
27107590,1,時械巫女,时械巫女,Time Maiden
27125110,1,千眼の邪教神,千眼邪教神,Thousand-Eyes Idol
27126980,1,ジェムナイト・サフィア,宝石骑士·青玉,Gem-Knight Sapphire
27132350,1,ファイヤーソーサラー,火焰巫师,Fire Sorcerer
27132400,1,オルターガイスト・マルウィスプ,幻变骚灵·恶意软件鬼火,Altergeist Malwisp
27134209,1,樹冠の甲帝ベアグラム,树冠之甲帝 比亚格拉姆,"Beargram, Shelled Emperor of the Forest Crown"
27134689,1,マスター・オブ・ＯＺ,OZ之主,Master of Oz
27143874,1,ダイナソーイング,缝制恐龙,Dino-Sewing
27157727,3,隠し砦 ストロング・ホールド,隐藏城 堡垒,Stronghold the Hidden Fortress
27157996,2,機塊コンバート,机块变换,Appliancer Conversion
27170599,3,ゴーストリック・オア・トリート,不给糖就搞鬼计,Ghostrick or Treat
27174286,3,異次元からの帰還,来自异次元的归还,Return from the Different Dimension
27178262,2,六武衆の理,六武众之理,Cunning of the Six Samurai
27182739,1,斬機シグマ,斩机 西格马,Mathmech Sigma
27184601,1,神芸獄徒 ディアクトロス,神艺狱徒 底亚克托罗斯,Artmage Diactorus
27189308,1,ぴよコッコ,喔喔雏鸡,Cheepcheepcheep
27191436,2,バースト・リターン,爆热归还,Burst Return
27196937,3,星屑の残光,星尘的残光,Stardust Flash
27198001,1,九尾の狐,九尾狐,Nine-Tailed Fox
27204311,1,原始生命態ニビル,原始生命态 尼比鲁,"Nibiru, the Primal Being"
27207573,3,侵略の手段,侵略的手段,Infestation Tool
27217742,1,ＯＮｉサンダー,雷电哥哥,Brohunder
27240101,1,キキナガシ風鳥,耳边风风鸟,Kikinagashi Fucho
27243130,2,禁じられた聖槍,禁忌的圣枪,Forbidden Lance
27260347,1,蛇眼の大炎魔,蛇眼大炎魔,Snake-Eyes Diabellstar
27268998,1,メタル・デビルゾアＸ,钢铁恶魔兽灵X,Metalzoa X
27275398,2,ＧＰ－ペダル・トゥ・メタル,黄金荣耀-全力以赴,Gold Pride - Pedal to the Metal!
27279764,1,アポクリフォート・キラー,隐藏的机壳杀手 物质主义,Apoqliphort Towers
27288416,1,もけもけ,悠悠,Mokey Mokey
27308231,2,Ｋ９－ＬＣ拘束解除,K9-LC拘束解除,K9 - LC Liberation
27315304,1,ミスト・ウォーム,喷霞虫,Mist Wurm
27324313,1,エレキッズ,电气小子,Wattkid
27331568,2,荘厳なる機械天使,庄严的机械天使,Magnificent Machine Angel
27337596,1,聖刻龍王－アトゥムス,圣刻龙王-阿图姆龙王,Hieratic Dragon King of Atum
27340877,3,ＤＮＡ定期健診,DNA定期健诊,DNA Checkup
27345070,2,ＶＳ コンティニュー,征服斗魂 继续,Vanquish Soul - Continue?
27346636,1,剣闘獣ヘラクレイノス,剑斗兽 希拉克略,Gladiator Beast Heraklinos
27352108,1,チョバムアーマー・ドラゴン,乔巴姆装甲龙,Chobham Armor Dragon
27354732,1,魔導獣 キングジャッカル,魔导兽 胡狼王,Mythical Beast Jackal King
27381364,1,スプライト・エルフ,卫星闪灵·淘气精灵,Spright Elf
27383110,2,宣告者の預言,宣告者的预言,Dawn of the Herald
27383719,1,Ｓ－Ｆｏｒｃｅ ラプスウェル,治安战警队 拉普斯韦妖,S-Force Lapcewell
27407330,1,ライトレイ グレファー,光芒使者 格雷法,Lightray Grepher
27408609,1,黄金のホムンクルス,黄金人工生命体,Golden Homunculus
27412542,2,雙王の械,双王之械,Abomination's Prison
27415516,1,水征竜－ストリーム,水征龙-流龙,"Stream, Dragon Ruler of Droplets"
27416701,1,柴戦士タロ,柴战士 太郎,Shiba-Warrior Taro
27420823,1,Ｋ９－１７号 “Ｒｉｐｐｅｒ”,K9-17号 “撕裂者”,"K9 - #17 ""Ripper"""
27439792,1,混沌の召喚神,混沌之召唤神,Chaos Summoning Beast
27450400,1,クラスター・ペンデュラム,密集钟摆,Cosmic Compass
27480536,1,アーマード・シャーク,铠装鲨,Armored Shark
27483935,1,古代の機械司令,古代的机械司令,Ancient Gear Commander
27491571,1,ゴーストリックの魔女,鬼计魔女,Ghostrick Witch
27503418,3,王者の調和,王者的调和,King's Synchro
27520594,1,聖種の地霊,圣种之地灵,Sunseed Genius Loci
27527047,1,氷結界の御庭番,冰结界的御庭番,Secret Guards of the Ice Barrier
27541267,2,侵略の汎発感染,侵略的泛发感染,Infestation Pandemic
27541563,3,オルターガイスト・プロトコル,幻变骚灵协议,Altergeist Protocol
27548199,1,ヴァレルロード・Ｓ・ドラゴン,装弹枪管狞猛龙,Borreload Savage Dragon
27552504,1,永遠の淑女 ベアトリーチェ,永远的淑女 贝阿特丽切,"Beatrice, Lady of the Eternal"
27553701,1,絶対なる王者－メガプランダー,绝对的王者-大盗掠龙,Ruthless Slash - Megaplunder
27556460,3,原石の反叫,原石的反叫,Primite Scream
27561302,2,雨の天気模様,雨之天气模样,The Weather Rainy Canvas
27564031,2,Ｓｉｎ Ｗｏｒｌｄ,罪 世界,Malefic World
27565379,1,Ｂ・Ｆ－霊弓のアズサ,蜂军-灵弓之梓弓蜂,Battlewasp - Azusa the Ghost Bow
27572350,1,深淵の神獣ディス・パテル,深渊之神兽 狄斯·帕忒耳,Bystial Dis Pater
27581098,3,融合禁止エリア,融合禁止地区,Non-Fusion Area
27618634,1,薄幸の乙女,不幸的少女,The Unhappy Girl
27623932,3,サンダー・ディスチャージ,雷霆放电,Thunder Discharge
27632240,1,虚空の騎士,虚空之骑士,Altitude Knight
27642961,2,ＳＰＹＲＡＬ ＭＩＳＳＩＯＮ－強襲,秘旋谍任务-强袭,SPYRAL MISSION - Assault
27655513,1,スクリーチ,尖叫怪,Skreech
27657173,1,真紅眼の黒星竜,真红眼黑星龙,Red-Eyes Black Meteor Dragon
27660735,1,ＳＲ三つ目のダイス,疾行机人 三目骰子,Speedroid Tri-Eyed Dice
27664101,3,リンク・リスタート,连接重启,Link Restart
27671321,1,雷ウナギ,雷鳗,Lightning Conger
27693363,1,ベアルクティ－ポラリィ,北极天熊-勾陈一,Ursarctic Polari
27699122,2,トゥーン・フリップ,卡通翻阅,Toon Page-Flip
27704731,1,鋼炎の剣士,钢炎之剑士,Metalflame Swordsman
27705190,3,星遺物の交心,星遗物的交心,World Legacy's Mind Meld
27744077,3,絶体絶命,绝体绝命,Absolute End
27750191,1,横綱犬,横纲犬,Yokotuner
27753563,2,運命のウラドラ,命运之里宝牌,Uradora of Fate
27756115,1,超重武者装留マカルガエシ,超重武者装留 死返,Superheavy Samurai Soulbeads
27762803,1,ナチュル・ビートル,自然甲虫,Naturia Beetle
27769400,1,テュアラティン,图拉丁,Tualatin
27770341,2,超再生能力,超再生能力,Super Rejuvenation
27780618,1,Ｖ・ＨＥＲＯ ヴァイオン,幻影英雄 仿生人,Vision HERO Vyon
27781371,3,天地再世,天地再世,Regenesis Birth
27782503,1,六武衆－イロウ,六武众-伊郎,The Six Samurai - Irou
27784944,1,極天気ランブラ,极天气 川绿,The Weather Painter Aurora
27796375,1,影霊衣の大魔道士,影灵衣大魔道士,Great Sorcerer of the Nekroz
27813661,2,天空の虹彩,天空的虹彩,Sky Iris
27821104,2,六武衆の荒行,六武众的荒行,Asceticism of the Six Samurai
27822206,2,幾星霜,几星霜,Ages of Stars and Frost
27827272,2,魔霧雨,魔雾雨,"Makiu, the Magical Mist"
27827903,1,Ａ・ジェネクス・クラッシャー,盟军·次世代轰击兵,Genex Ally Crusher
27863269,2,ロケット・パイルダー,火箭穿心器,Rocket Pilder
27868563,1,百鬼羅刹 神速ブーン,百鬼罗刹 神速布恩,Goblin Biker Boom Mach
27869883,1,プリーステス・オーム,圣音女祭司,Shadowpriestess of Ohm
27870033,1,チェイス・スカッド,追缉巡逻机,Pursuit Chaser
27870337,2,ドレミコード・エレガンス,七音服的优雅装,Solfachord Elegance
27873305,1,ＤＤＤ怒濤壊薙王カエサル・ラグナロク,DDD 怒涛坏薙王 恺撒末日神,D/D/D Wave Oblivion King Caesar Ragnarok
27877771,1,スニッフィング・ドラゴン,嗅探龙,Sniffer Dragon
27882993,1,インフェルノクインサーモン,业火王后鲑,Infernalqueen Salmon
27895597,2,フォーチュンレディ・コーリング,命运女郎呼召,Fortune Lady Calling
27911549,1,寄生虫パラサイド,寄生虫 帕拉赛德,Parasite Paracide
27918365,1,星遺物－『星冠』,星遗物-『星冠』,"World Legacy - ""World Crown"""
27918963,2,修験の妖社,修验的妖社,Yosen Training Grounds
27923575,3,ブービーゲーム,蠢贼游戏,Boo-Boo Game
27944249,1,ガスタの賢者 ウィンダール,薰风的贤者 温达尔,"Windaar, Sage of Gusto"
27946124,2,聖蔓の社,圣蔓之社,Sunvine Shrine
27967615,2,フュージョン・ウェポン,融合武器,Fusion Weapon
27970830,2,六武の門,六武之门,Gateway of the Six
27971137,1,腐乱犬,腐乱犬,Zombowwow
27978707,1,超重武者カゲボウ－Ｃ,超重武者 影法师-C,Superheavy Samurai Flutist
27979109,2,武装鍛錬,武装锻炼,Gearbreed
27980138,2,ガルドスの羽根ペン,翔鹏的羽毛笔,Quill Pen of Gulldos
27993919,1,ラドレミコード・エンジェリア,拉之七音服·安琪莉娅,LaSolfachord Angelia
27995943,1,Ｄｒ.フランゲ,科学快人博士,Dr. Frankenderp
28002611,1,ガジェット・トレーラー,工具挂车,Gadget Hauler
28003512,1,ジャジメント・ザ・ハンド,审判之手,The Judgement Hand
28004531,1,空牙団の積荷 レクス,空牙团的载货 雷克斯,"Rex, Freight Fur Hire"
28016193,1,メタルフォーゼ・オリハルク,炼装勇士·山铜狂战士,Metalfoes Orichalc
28031913,1,百獣のパラディオン,百兽之圣像骑士,Crusadia Leonis
28039390,2,デストーイ・リニッチ,魔玩具重织,Frightfur Reborn
28053106,1,サイバー・エッグ・エンジェル,电子化蛋天使,Cyber Egg Angel
28053763,2,ドラゴノイド・ジェネレーター,机龙生成器,Dragonoid Generator
28062325,3,竹頭木屑,竹头木屑,Bamboo Scrap
28066831,1,ガスタ・サンボルト,薰风雷狼,Gusto Thunbolt
28103028,1,イグニホース・ドラゴニス,火马天龙,Ignihorse Dragonith
28106077,2,ダグラの剣,达古拉之剑,Cestus of Dagla
28112535,1,トゥーン・リボルバー・ドラゴン,卡通左轮手枪龙,Toon Barrel Dragon
28115467,1,ミドレミコード・エリーティア,米之七音服·埃莉蒂娅,MiSolfachord Eliteia
28118128,1,子狸たんたん,子狸 当当,Baby Raccoon Tantan
28120197,2,断層地帯,断层地带,Canyon
28121403,3,大成仏,大成佛,Really Eternal Rest
28124263,1,Ｄ・キャメラン,变形斗士·照相机,Morphtronic Cameran
28126717,2,ふわんだりぃずと謎の地図,随风旅鸟与谜之地图,Floowandereeze and the Magnificent Map
28139785,1,レッカーパンダ,拖吊小熊猫,Wrecker Panda
28143906,1,霞の谷の大怪鳥,霞谷的大怪鸟,Roc from the Valley of Haze
28150174,1,フォトン・バタフライ・アサシン,光子蝶刺客,Photon Papilloperative
28151978,1,ＳＲドミノバタフライ,疾行机人 多米诺蝴蝶,Speedroid Dominobutterfly
28168628,1,闘神の虚像,斗神的虚像,Rock of the Vanquisher
28168762,1,聖蔓の守護者,圣蔓之守护者,Sunvine Gardna
28174796,1,海晶乙女マンダリン,海晶少女 官服鱼,Marincess Mandarin
28183605,1,ドラグニティ－ドゥクス,龙骑兵团-指挥官,Dragunity Dux
28189908,2,ＴＧ－ブレイクリミッター,科技属-限制器解放,T.G. Limiter Removal
28190303,1,ＢＦ－白夜のグラディウス,黑羽-白夜之短剑鸟,Blackwing - Gladius the Midnight Sun
28194325,1,Ｈ・Ｃ クラスプ・ナイフ,英豪挑战者 折刀兵,Heroic Challenger - Clasp Sword
28201945,1,カズーラの蟲惑魔,卡祖拉之虫惑魔,Traptrix Nepenthes
28226490,1,ティアラメンツ・カレイドハート,珠泪哀歌族·卡雷多哈特,Tearlaments Kaleido-Heart
28234578,2,霊子もつれ,灵子纠缠,Spiritual Entanglement
28240337,1,真紅眼の不屍竜,真红眼不尸龙,Red-Eyes Zombie Necro Dragon
28265983,3,渇きの風,干渴之风,Dried Winds
28270534,2,キ－Ａｉ－,鼓气-无大“艾”-,FA.I.ghting Spirit
28273805,2,六武式襲双陣,六武式袭双阵,Six Strike - Double Assault
28279543,1,カース・オブ・ドラゴン,诅咒之龙,Curse of Dragon
28284902,3,Ｄ・ゲイザー,变形斗士·监视器,Morphtronic Monitron
28290705,1,妖精王 アルヴェルド,妖精王 阿尔维德,Fairy King Albverdich
28292031,3,ダイノルフィア・リヴァージョン,恐啡肽狂龙逆转,Dinomorphia Reversion
28297833,1,ネクロフェイス,死灵之颜,Necroface
28325165,3,水物語－ウラシマ,水物语-浦岛,Aqua Story - Urashima
28332833,1,フレムベル・パウン,炎狱妖猴,Flamvell Poun
28340377,3,絵札の絆,绘札的牵绊,Court of Cards
28346136,1,銀河眼の極光波竜,银河眼极光波龙,Galaxy-Eyes Cipher X Dragon
28348537,1,ブリザード・プリンセス,雪暴公主,Blizzard Princess
28348939,1,白虎の召喚士,白虎召唤士,White Tiger Summoner
28355718,1,Ｄ－ＨＥＲＯ ダブルガイ,命运英雄 双身人,Destiny HERO - Double Dude
28357177,1,派手ハネ,华丽哈尼,Hade-Hane
28358902,1,紅蓮の女守護兵,红莲之女守护兵,Crimson Sentry
28363749,1,ファイヤーオパールヘッド,火蛋白石头龙头领,Fire Opal Head
28369508,3,サブテラーマリスの潜伏,地中族邪界兽的潜伏,Subterror Behemoth Burrowing
28373620,1,神碑の牙ゲーリ,神碑之牙 格利,Geri the Runick Fangs
28378427,3,ダメージ・コンデンサー,伤害电容器,Damage Condenser
28388296,2,スクラップ・ファクトリー,废铁工厂,Scrap Factory
28388927,1,Ｂ・Ｆ－毒針のニードル,蜂军-毒针之针刺蜂,Battlewasp - Sting the Poison
28400508,1,Ｎｏ.９７ 龍影神ドラッグラビオン,No.97 龙影神 引力子龙,Number 97: Draglubion
28403802,1,Ｐ.Ｕ.Ｎ.Ｋ.ＪＡＭドラゴン・ドライブ,朋克即兴 驾龙,P.U.N.K. JAM Dragon Drive
28406301,1,ＤＤグリフォン,DD 狮鹫,D/D Gryphon
28423537,1,戦慄の凶皇－ジェネシス・デーモン,战栗之凶皇-始祖恶魔,"Archfiend Emperor, the First Lord of Horror"
28427869,1,スモーク・モスキート,卷烟蚊,Smoke Mosquito
28429121,2,リチュアに伝わりし禁断の秘術,遗式世传的禁断秘术,Forbidden Arts of the Gishki
28450915,1,異次元からの侵略者,来自异次元的侵略者,Invader from Another Dimension
28465301,1,ワーム・オペラ,欧佩拉异虫,Worm Opera
28470714,1,ブレードフライ,刃蝇,Bladefly
28486799,2,補充部隊,补充部队,Backup Squad
28493337,3,終焉の指名者,终焉之指名者,Armageddon Designator
28497830,1,ＧＰ－ＰＢ,黄金荣耀-弹球手,Gold Pride - Pin Baller
28506708,2,ワーム・コール,异虫呼唤,Worm Call
28529976,2,超栄養太陽,超营养太阳,Super Solar Nutrient
28534130,2,転生炎獣の炎虞,转生炎兽的炎虞,Salamangreat Burning Shell
28546905,1,幻想師・ノー・フェイス,无脸幻想师,Illusionist Faceless Mage
28553439,2,ディメンション・マジック,次元魔法,Magical Dimension
28563545,1,竜殺者,杀龙者,Dragon Seeker
28565527,1,黄龍の召喚士,黄龙召唤士,Golden Dragon Summoner
28566710,3,ラストバトル！,最终一战！,Last Turn
28570310,1,魔導獣 ガルーダ,魔导兽 迦楼罗,Mythical Beast Garuda
28573958,1,奇跡の代行者 ジュピター,奇迹之代行者 朱庇特,The Agent of Miracles - Jupiter
28577986,1,水精鱗－オーケアビス,水精鳞-深渊水仙女,Mermail Abyssocea
28593329,1,ダーク・エンジェル,暗黑安琪儿,Dark Angel
28593363,1,深海に潜むサメ,深海的潜鲛,Deepsea Shark
28596933,2,巨竜の羽ばたき,巨龙振翅,A Wingbeat of Giant Dragon
28601770,1,ミストデーモン,迷雾恶魔,Mist Archfiend
28604635,3,ふるい落とし,抖落,Weed Out
28617139,2,神鳥の来寇,神鸟的来寇,Simorgh Onslaught
28630501,1,妖仙獣 鎌参太刀,妖仙兽 镰叁太刀,Yosenju Kama 3
28637168,1,クレーンクレーン,起重鹤,Crane Crane
28642461,1,Ｋ９－６６ａ号 ヨクル,K9-66a号 霜妖,K9 - #66a Jokull
28643791,2,最後の進軍,最后的进军,March Towards Ragnarok
28645123,3,果たし－Ａｉ－,生死决斗-节“艾”-,A.I. Challenge You
28649820,3,アポピスの化神,阿匹卜之化神,Embodiment of Apophis
28651380,1,幻魔皇ラビエル－天界蹂躙拳,幻魔皇 拉比艾尔-天界蹂躏拳,"Raviel, Lord of Phantasms - Shimmering Scraper"
28654932,3,深黒の落とし穴,深黑的落穴,Deep Dark Trap Hole
28669235,2,登竜華海瀧門,登龙华海泷门,Ryu-Ge Realm - Sea Spires
28674152,1,多次元壊獣ラディアン,多次元坏兽 拉迪安,"Radian, the Multidimensional Kaiju"
28677304,1,Ｅ・ＨＥＲＯ ブラック・ネオス,元素英雄 黑暗新宇侠,Elemental HERO Dark Neos
28692962,1,紫宵の機界騎士,紫宵之机界骑士,Mekk-Knight Purple Nightfall
28711704,1,トゥーン・カオス・ソルジャー,卡通混沌战士,Toon Black Luster Soldier
28715905,1,ベアルクティ－メガポーラ,北极天熊-大白熊,Ursarctic Megapolar
28720123,1,竜剣士ダイナマイトＰ,龙剑士 雾动轰·输力,"Dinomight Powerload, the Dracoslayer"
28725004,1,悪魔の知恵,恶魔的智慧,Tainted Wisdom
28736826,1,超熱血本塁打王,超热血本垒打王,Ultimate Baseball Homerun King
28741524,2,念動収集機,念动收集机,Telekinetic Power Well
28754338,1,真海皇 トライドン,真海皇 特里冬,Legendary Atlantean Tridon
28762303,1,氷水のティノーラ,冰水之阳起石灵,Icejade Tinola
28770951,1,銀河の修道師,银河修道师,Galaxy Cleric
28776350,1,アカシック・マジシャン,虚空俏丽魔术师,Akashic Magician
28781003,1,レイダーズ・ナイト,袭击队骑士,Raider's Knight
28798938,1,双天の獅使－阿吽,双天之狮使-阿吽,Dual Avatar - Manifested A-Un
28803166,1,紅涙の魔ラクリモーサ,红泪之魔 落泪之日,Lacrima the Crimson Tears
28806532,1,曇天気スレット,昙天气 糸紫,The Weather Painter Cloud
28827503,2,Ｉｎｔｏ ｔｈｅ ＶＲＡＩＮＳ！,进入境智网！,Link into the VRAINS!
28859794,1,シールド・ウィング,盾翼怪鸟,Shield Wing
28865322,1,魔装邪龍 イーサルウェポン,魔装邪龙 以太神兵龙,"Aether, the Evil Empowering Dragon"
28868394,1,ジーナの蟲惑魔,吉娜之虫惑魔,Traptrix Vesiculo
28877100,3,ディフェンシブ・タクティクス,防守战术,Defensive Tactics
28877602,1,エヴォルド・オドケリス,进化虫·半甲齿龟,Evoltile Odonto
28884172,1,ガガガマンサー,我我我术士,Gagaga Mancer
28890974,2,光神化,光神化,Celestial Transformation
28903523,3,エターナル・サンシャイン,永久圣阳光,Eternal Sunshine
28912357,1,ギアギガント Ｘ,齿轮齿巨人 X,Gear Gigant X
28927782,3,ドラグニティ・ドライブ,龙骑兵团疾驰,Dragunity Legion
28929131,1,時械神ザフィオン,时械神 亚法恩,"Zaphion, the Timelord"
28933734,1,闇の仮面,暗之假面,Mask of Darkness
28954097,1,ミラー ソードナイト,镜剑骑士,Mirror Swordknight
28957126,2,ゴルゴネイオの呪眼,蛇发之咒眼,Evil Eye of Gorgoneio
28958464,2,マジックカード「死者蘇生」,魔法卡「死者苏生」,"Spell Card ""Monster Reborn"""
28966434,1,ソリテア・マジカル,单宝石小魔女,Solitaire Magician
28981598,1,九魂猫,九魂猫,Nine-Lives Cat
28985331,1,終末の騎士,终末之骑士,Armageddon Knight
28990150,1,フォトン・ケルベロス,光子三头犬,Photon Cerberus
29013526,1,吹き荒れるウィン,猛吹之薇茵,Storming Wynn
29021114,1,シルバー・ガジェット,银色零件,Silver Gadget
29047353,2,水舞台,水舞台,Aquarium Stage
29054481,1,霞の谷の見張り番,霞之谷的看守者,Mist Valley Watcher
29062925,2,絵札融合,绘札融合,Face Card Fusion
29071332,1,アームズ・エイド,武器手套,Armory Arm
29085954,1,Ｎｏ.７８ ナンバーズ・アーカイブ,No.78 编号系档案馆,Number 78: Number Archive
29087919,2,ギアギアチェンジ,齿轮齿轮变形,Geargia Change
29088922,1,フォーチュンレディ・ウォーテリー,命运女郎·沃特莉,Fortune Lady Water
29092121,1,光波複葉機,光波复叶机,Cipher Biplane
29095457,2,原石の穿光,原石的穿光,Primite Drillbeam
29095552,1,Ｍ・ＨＥＲＯ アシッド,假面英雄 酸水,Masked HERO Acid
29107423,1,紅蓮薔薇の魔女,红莲蔷薇之魔女,Ruddy Rose Witch
29111045,2,百鬼羅刹大収監,百鬼罗刹大收监,Goblin Biker Grand Breakout
29114773,2,ＳＲスクラッチ,疾行机人刮刮乐,Speedroid Scratch
29116732,1,デイブレーカー,破晓者,Daybreaker
29139104,1,荒ぶるアウス,荒狂之奥丝,Avalanching Aussa
29143457,2,炎舞－「隠元」,炎舞-「隐元」,Fire Formation - Ingen
29143726,1,転生竜サンサーラ,转生龙,"Samsara, Dragon of Rebirth"
29146185,1,魔導天士 トールモンド,魔导天士 杜勒蒙德,World of Prophecy
29155212,1,ゴースト王－パンプキング－,幽灵王-南瓜王-,Pumpking the King of Ghosts
29157292,1,鋼鉄の幻想師,钢铁幻想师,Metal Illusionist
29169993,1,ＥＭギッタンバッタ,娱乐伙伴 跷跷板蝗虫,Performapal Teeter Totter Hopper
29172562,1,鋼鉄の巨神像,钢铁巨神像,Steel Ogre Grotto #1
29177818,1,バラガール,蔷薇少女,Rose Girl
29185231,3,一撃離脱,一击脱离,Parthian Shot
29189613,2,アロマガーデニング,芳香园艺,Aroma Gardening
29208536,1,Ｎｏ.４５ 滅亡の予言者 クランブル・ロゴス,No.45 灭亡之预言者,Number 45: Crumble Logos the Prophet of Demolition
29216198,1,グラビティ・ボール,重力球,Gravitic Orb
29216967,1,ギミック・パペット－シザー・アーム,机关傀儡-剪刀臂,Gimmick Puppet Scissor Arms
29223325,2,アーティファクト・ムーブメント,古遗物运动机构,Artifact Ignition
29228350,2,ドラゴンレーザー,火龙镭射,Dragon Laser
29228529,2,魔法再生,魔法再生,Spell Reproduction
29246354,1,Ｃ・ピニー,茧状体·小松茸,Chrysalis Pinny
29251488,1,シェフ・ド・ヌーベルズ,新式魔厨的料理长,Chef de Nouvelles
29253591,1,ドラグニティ－クーゼ,龙骑兵团-长柄大刀龙,Dragunity Couse
29267084,3,闇の呪縛,暗之咒缚,Shadow Spell
29280200,1,ＶＳ Ｄｒ.マッドラヴ,征服斗魂 狂爱博士,Vanquish Soul Dr. Mad Love
29280589,1,エッジインプ・サイズ,锋利小鬼·大镰刀,Edge Imp Scythe
29284413,1,ジョーカーズ・ナイト,王牌骑士,Joker's Knight
29296344,1,ソーンヴァレル・ドラゴン,削短枪管龙,Quadborrel Dragon
29301450,1,Ｓ：Ｐリトルナイト,S：P小夜,S:P Little Knight
29302858,1,ＶＳ ラゼン,征服斗魂 螺禅,Vanquish Soul Razen
29303524,1,眩月龍セレグレア,眩月龙 塞勒格莱尔,Seleglare the Luminous Lunar Dragon
29307554,3,破壊神の系譜,破坏神的系谱,Lineage of Destruction
29311166,1,アサルトワイバーン,强袭翼龙,Assault Wyvern
29325276,1,オッドアイズ・ソルブレイズ・ドラゴン,异色眼日焰龙,Odd-Eyes Solblaze Dragon
29330706,1,武装神竜プロテクト・ドラゴン,武装神龙 护甲龙,Armed Protector Dragon
29343734,1,Ｅ・ＨＥＲＯ エリクシーラー,元素英雄 永生侠,Elemental HERO Electrum
29348048,1,ヴェンデット・スカヴェンジャー,复仇死者·噬腐鬼,Vendread Scavenger
29353756,1,ＺＷ－荒鷲激神爪,异热同心武器-荒鹫激神爪,ZW - Eagle Claw
29354228,3,ドラグマ・エンカウンター,教导的遭遇,Dogmatika Encounter
29357687,1,呪眼の女王 ゴルゴーネ,咒眼之女王 戈耳戈涅,"Gorgon, Empress of the Evil Eyed"
29357956,1,剣闘獣ネロキウス,剑斗兽 尼禄,Gladiator Beast Nerokius
29369059,2,ヤミー☆サプライズ,味美喵☆惊喜奖品,Yummy☆Surprise
29374928,1,アーマード・ビットロン,铠装比特机灵,Armored Bitron
29380133,1,ヤドカリュー,寄居龙,Yado Karu
29389368,3,体力増強剤スーパーＺ,体力增强剂 超级Z,Nutrient Z
29400787,2,ゴーストリック・パレード,鬼计游行,Ghostrick Parade
29401950,3,奈落の落とし穴,奈落的落穴,Bottomless Trap Hole
29402771,1,レインボー・マリン・マーメイド,彩虹人鱼,Rainbow Marine Mermaid
29415459,1,黄華の機界騎士,黄华之机界骑士,Mekk-Knight Yellow Star
29417188,1,サイキック・ブロッカー,念动力防卫者,Psi-Blocker
29423048,1,ヘルフレイムバンシー,狱火班西,Infernal Flame Banshee
29424328,1,魔王ディアボロス,魔王 迪亚波罗斯,"Diabolos, King of the Abyss"
29432356,1,智天の神星龍,智天之神星龙,Zefraath
29432790,2,青き眼の激臨,青色眼睛的激临,Rage with Eyes of Blue
29436665,1,黒魔導の執行官,黑魔导执行官,Dark Eradicator Warlock
29439831,1,瞳の魔女モルガナ,瞳之魔女 梦根娜,Morgana the Witch of Eyes
29455728,1,ツイン・フォトン・リザード,双生光子蜥蜴,Twin Photon Lizard
29477860,3,螺旋砲撃,螺旋炮击,Spiral Discharge
29479265,1,破械雙王神ライゴウ,破械双王神 来迎,Unchained Abomination
29491031,1,メデューサの亡霊,美杜莎的亡灵,The Snake Hair
29491334,1,Ｋｏｚｍｏ－ドッグファイター,星际仙踪-DOG战斗机,Kozmo DOG Fighter
29508346,2,ライバル・アライバル,对手见冤家,Arrivalrivals
29510428,1,召煌女クインクエリ,召煌女 五型查询姬,Imperial Princess Quinquery
29515122,1,重機王ドボク・ザーク,重机王 土木·夏克,"Digvorzhak, King of Heavy Industry"
29537493,1,ベアルクティ－ミクポーラ,北极天熊-小白熊,Ursarctic Mikpolar
29549364,3,生贄封じの仮面,牲祭封印之假面,Mask of Restrict
29552709,1,ダイガスタ・スフィアード,大薰风的球风,Daigusto Sphreez
29587993,1,霞の谷の巨神鳥,霞之谷的巨神鸟,Mist Valley Apex Avian
29590752,1,剣闘獣オクタビウス,剑斗兽 屋大维,Gladiator Beast Octavius
29590905,3,スーパージュニア対決！,超级少年组对决！,Super Junior Confrontation
29595202,2,神碑の誑かし,神碑的欺诳,Runick Allure
29596581,1,雷獣龍－サンダー・ドラゴン,雷兽龙-雷龙,Thunder Dragonroar
29599813,2,ピュアリィ・プリティメモリー,纯爱妖精可爱回忆,Purrely Pretty Memory
29601381,1,スプリガンズ・キャプテン サルガス,护宝炮妖船长 尾宿五,Springans Captain Sargas
29603180,1,ディザスター・デーモン,灾害恶魔,Annihilator Archfiend
29612557,2,サイクロン・ブーメラン,旋风回力镖,Cyclone Boomerang
29616929,3,蟲惑の落とし穴,虫惑的落穴,Traptrix Trap Hole Nightmare
29616941,1,美しき魔物使い,美丽的魔物使,Beautiful Beast Trainer
29618570,1,グレイ・ウイング,灰翼龙,Gray Wing
29628180,3,魔弾－デッドマンズ・バースト,魔弹-死者连发,Magical Musket - Last Stand
29649320,3,ミラーフォース・ランチャー,反射镜力启动,Mirror Force Launcher
29650040,2,ドレミコード・ハルモニア,七音服的调和,Solfachord Harmonia
29654737,1,アマゾネスの鎖使い,亚马逊锁链使,Amazoness Chain Master
29666221,3,オルフェゴール・アタック,自奏圣乐的起音,Orcustrated Attack
29669359,1,Ｎｏ.６１ ヴォルカザウルス,No.61 火山恐龙,Number 61: Volcasaurus
29687169,1,魔装戦士 アルニス,魔装战士 火鸟,"Arnis, the Empowered Warrior"
29692206,1,ツインテール,双尾,Twin Long Rods #2
29716911,1,コンデンサー・デスストーカー,电容跟踪杀人蝎,Capacitor Stalker
29719112,1,サイバー・ファロス,电子灯塔,Cyber Pharos
29724053,3,サモン・ゲート,召唤之门,Summon Gate
29726552,1,粘糸壊獣クモグス,黏丝坏兽 库莫古斯,"Kumongous, the Sticky String Kaiju"
29735721,3,呪術抹消,咒术抹消,Spell Vanishing
29762407,2,王家の神殿,王家的神殿,Temple of the Kings
29765339,1,エレキリム,电气七头龙,Watthydra
29795530,3,妖怪のいたずら,妖怪的恶作剧,Mischief of the Yokai
29802344,1,スネーク・パーム,蛇椰树,Snakeyashi
29826127,3,暗黒よりの軍勢,来自暗黑的军势,The Forces of Darkness
29834183,1,グレイドル・イーグル,灰篮鹰,Graydle Eagle
29838323,1,水晶機巧－シストバーン,水晶机巧-紫晶龙,Crystron Thystvern
29843091,3,おジャマトリオ,扰乱三人组,Ojama Trio
29863101,2,バスター・テレポート,爆裂瞬间移动,Assault Teleport
29867611,3,Ａ・∀・ＭＭ,惊奇游乐设施·∀·威风旋转木马,Amaze Attraction Majestic Merry-Go-Round
29876529,3,闇の閃光,暗之闪光,Darklight
29882827,2,竜華界闢,龙华界辟,Ryu-Ge Rising
29884951,1,相剣瑞獣－純鈞,相剑瑞兽-纯钧,Swordsoul Auspice Chunjun
29888389,1,シャドウ・リチュア,暗影遗式术师,Gishki Shadow
29904964,1,覚醒の暗黒騎士ガイア,觉醒的暗黑骑士 盖亚,Arisen Gaia the Fierce Knight
29905795,1,魔轟神獣チャワ,魔轰神兽 佳娃,The Fabled Chawa
29913783,1,対壊獣用決戦兵器メカサンダー・キング,对坏兽用决战兵器 机械雷鸣王,Super Anti-Kaiju War Machine Mecha-Thunder-King
29925614,1,混沌なる魅惑の女王,混沌魅惑的女王,Chaos Allure Queen
29929832,1,マリン・ビースト,海兽鱼,Marine Beast
29934351,3,地縛波,地缚波,Earthbound Wave
29942771,1,ナチュル・カメリア,自然山茶,Naturia Camellia
29947751,1,Ｄ・マグネンＵ,变形斗士·磁铁U,Morphtronic Magnen
29948294,2,烙印の気炎,烙印的气炎,Branded in High Spirits
29948642,1,ディッグ・ビーク,鸟嘴兽,Dig Beak
29951323,1,放電ムスタンガン,放电枪野马,Zap Mustung
29975188,1,サイバー・ドラゴン・フィーア,电子龙四型,Cyber Dragon Vier
29981921,1,真六武衆－シエン,真六武众-紫炎,Legendary Six Samurai - Shi En
29981935,1,武神－トリフネ,武神-鸟船,Bujin Torifune
29996433,1,ダイナレスラー・カポエラプトル,恐龙摔跤手·卡波耶拉盗龙,Dinowrestler Capoeiraptor
29999161,3,発条の巻き戻し,发条回拧,Zenmairch
30010480,1,剛鬼サンダー・オーガ,刚鬼 雷霆食人魔,Gouki Thunder Ogre
30012506,1,Ａ－アサルト・コア,A-突击核,A-Assault Core
30013902,1,聖種の影芽,圣种之影芽,Sunseed Shadow
30037118,1,死製棺サルコファガス,死制棺 石棺,Devouring Sarcoughagus
30042158,1,サイバー・ウロボロス,电子衔尾蛇,Cyber Ouroboros
30068120,1,エッジインプ・シザー,锋利小鬼·剪刀,Edge Imp Sabres
30069398,1,アイヴィ・ウォール,常春藤壁,Wall of Ivy
30079770,1,真紅眼の黒炎竜,真红眼黑炎龙,Red-Eyes Black Flare Dragon
30086349,1,流星竜メテオ・ブラック・ドラゴン,流星龙 流星黑龙,Meteor Black Comet Dragon
30090452,1,鎧武者斬鬼,铠武者 斩鬼,Zanki
30095833,1,覇王黒竜オッドアイズ・リベリオン・エクシーズ・ドラゴン,霸王黑龙 异色眼叛逆超量龙,Odd-Eyes Rebellion Xyz Dragon
30100551,1,ライトロード・セイント ミネルバ,光道圣女 密涅瓦,"Minerva, the Exalted Lightsworn"
30106950,1,炎竜星－シュンゲイ,炎龙星-狻猊,"Suanni, Fire of the Yang Zing"
30113682,1,ジャッジ・マン,审判者,Judge Man
30114823,1,コード・ジェネレーター,代码生成员,Code Generator
30118200,1,掃除機塊バキューネシア,扫除机块 真空吸尘象,Appliancer Vacculephant
30118701,1,地雷星トドロキ,地雷星 轰,Todoroki the Earthbolt Star
30118811,1,バックアップ＠イグニスター,备份员@火灵天星,Backup @Ignister
30123142,3,シンクロ・ストライク,同调合击,Synchro Strike
30126992,1,ライトレイ ディアボロス,光芒使者 迪亚波罗斯,Lightray Diabolos
30127518,3,落とし大穴,落大穴,Darkfall
30128445,1,超越竜ドリルグナトゥス,超越龙 钻头矛颌翼龙,Transcendosaurus Drillygnathus
30131474,2,ヴァレル・サプライヤー,枪管供给点,Borrel Supplier
30155789,3,サディスティック・ポーション,施虐性媚药,Brutal Potion
30163008,1,羅天神将,罗天神将,"Ra'ten, the Heavenly General"
30170981,2,死のメッセージ「Ｈ」,死之信息「H」,"Spirit Message ""L"""
30190809,1,機動砦のギア・ゴーレム,机动城的齿轮巨人,Gear Golem the Moving Fortress
30194529,1,星杯戦士ニンギルス,星杯战士 宁吉尔苏,Ningirsu the World Chalice Warrior
30208479,1,マジシャン・オブ・ブラックカオス,黑混沌之魔术师,Magician of Black Chaos
30213599,1,墓守の末裔,守墓的末裔,Gravekeeper's Descendant
30221870,1,機皇帝ワイゼル∞－Ｓ・アブソープション,机皇帝 神智∞-同调吸收,Meklord Emperor Wisel - Synchro Absorption
30227494,1,サイコトラッカー,念力循轨人,Psychic Tracker
30230789,1,カラクリ商人 壱七七,机巧商人 一七七,"Karakuri Merchant mdl 177 ""Inashichi"""
30241314,3,マクロコスモス,大宇宙,Macro Cosmos
30243636,1,ハングリーバーガー,饥饿的汉堡,Hungry Burger
30270176,1,暗黒方界神クリムゾン・ノヴァ,暗黑方界神 深红之挪婆,Crimson Nova the Dark Cubic Lord
30276969,1,氷弾使いレイス,冰弹使 蕾丝,Reese the Ice Mistress
30284022,2,暗黒界の傀儡,暗黑界的傀儡,Dark World Puppetry
30286474,1,剛鬼ザ・マスター・オーガ,刚鬼 杰出食人魔,Gouki The Master Ogre
30291086,1,メンタル・チューナー,精神调整员,Mental Tuner
30299166,1,ワーム・テンタクルス,腾塔克尔斯异虫,Worm Tentacles
30303854,1,ラヴァル・アーチャー,熔岩弓手,Laval Archer
30312361,1,ファントム・オブ・カオス,混沌幻影,Phantom of Chaos
30314994,1,エレメント・ドラゴン,元素龙,Element Dragon
30325729,1,死神ブーメラン,死神回力镖,Dokuroyaiba
30327674,1,カオス・ウィッチ－混沌の魔女－,混沌之魔女,Chaos Witch
30328508,1,シャドール・リザード,影依蜥蜴,Shaddoll Squamata
30334522,1,イビリチュア・プシュケローネ,邪遗式魂灵座甲魔,Gishki Psychelone
30336082,2,盃満ちる燦幻荘,杯满的灿幻庄,Sangen Summoning
30338466,3,剣現する武神,剑现的武神,Bujin Regalia - The Sword
30339825,2,万物の始源－「水」,万物的始源-「水」,"Hydor, the Base of All Things"
30341772,2,ホープ・バスター,希望破坏炮,Utopia Buster
30342076,1,リンク・デコーダー,连接解码员,Link Decoder
30348744,1,ＴＧ ドリル・フィッシュ,科技属 钻头鱼,T.G. Drill Fish
30350202,1,凶征竜－エクレプシス,凶征龙-食龙,"Eclipse, Dragon Ruler of Catastrophes"
30353551,3,人海戦術,人海战术,Human-Wave Tactics
30373970,1,結瘴龍ティスティナ,结瘴龙 提斯蒂娜,Miasma Dragon Tistina
30382214,1,花札衛－桜－,花札卫-樱-,Flower Cardian Cherry Blossom
30392583,2,聖占術の儀式,圣占术的仪式,Prediction Ritual
30398342,3,竜星の具象化,龙星的具象化,Yang Zing Creation
30399511,1,ジェネクス・パワー・プランナー,次世代节能员,Genex Power Planner
30411385,1,ワルキューレ・ツヴァイト,女武神次女,Valkyrie Zweite
30426226,3,スウィッチヒーロー,对调英雄,Switcheroroo
30430448,2,凍てつく呪いの神碑,冰冻诅咒的神碑,Runick Freezing Curses
30432463,1,悪魔の聲,恶魔之声,Dimonno Vaalmonica
30435145,2,古代の機械工場,古代的机械工厂,Ancient Gear Factory
30439101,1,森のメルフィーズ,森之童话动物家族,Melffy of the Forest
30450531,3,降霊の儀式,降灵的仪式,Rite of Spirit
30451366,1,イリュージョン・シープ,幻想绵羊,Mystical Sheep #1
30453613,2,ヴェイドスの目覚め,威多释的觉醒,Awakening of Veidos
30459350,3,王宮の鉄壁,王宫的铁壁,Imperial Iron Wall
30461781,3,八汰烏の骸,八汰乌之骸,Legacy of Yata-Garasu
30464153,1,ウミノタウルス,海牛头人,Uminotaurus
30488793,3,反発力,反弹力,Counterforce
30492798,1,儀式魔人ディザーズ,仪式魔人 布置者,Djinn Disserere of Rituals
30494314,1,紅血鬼,红血鬼,Red-Headed Oni
30500113,3,ＲＲ－リターン,急袭猛禽-归来,Raidraptor - Return
30502181,2,ライトロード・レイピア,光道细剑,Lightsworn Sabre
30525991,1,スパルタクァの呪術師,斯巴达咒术师,Witch Doctor of Sparta
30531525,2,魔の試着部屋,魔之试衣间,Enchanting Fitting Room
30532390,1,バードマン,鸟人,Sky Scout
30537973,1,捕食植物スパイダー・オーキッド,捕食植物 蜘蛛兰,Predaplant Spider Orchid
30539496,1,真竜皇リトスアジムＤ,真龙皇 利托斯阿齐姆·灾祸,"True King Lithosagym, the Disaster"
30548775,2,ブランチ,分体,Branch!
30552375,2,グリッド・ロッド,网格杖,Grid Rod
30562585,2,ＺＥＲＯ－ＭＡＸ,零-最大,ZERO-MAX
30575681,1,聖騎士ベディヴィエール,圣骑士 贝德维尔,Noble Knight Bedwyr
30576089,1,ブルーアイズ・ジェット・ドラゴン,青眼喷气龙,Blue-Eyes Jet Dragon
30581601,1,ヤミー★スナッチー,味美喵★点心抓取猫,Yummy★Snatchy
30583090,1,Ｅ－ＨＥＲＯ デス・プリズン,邪心英雄 死牢棱魔,Evil HERO Dead-End Prison
30585393,3,リボーン・パズル,苏生拼组,Puzzle Reborn
30587695,1,カブトロン,电子独角仙,Beetron
30600344,2,エクシーズ・バースト,超量爆发,Xyz Burst
30603688,1,幻想の見習い魔導師,幻想之见习魔导师,Apprentice Illusion Magician
30604579,1,極神皇トール,极神皇 托尔,"Thor, Lord of the Aesir"
30606547,2,暗黒の扉,暗黑之扉,The Dark Door
30607616,1,轍の魔妖－朧車,辙之魔妖-胧车,"Oboro-Guruma, the Wheeled Mayakashi"
30608985,1,マジカル・アンダーテイカー,魔力送葬士,Magical Undertaker
30643162,3,ストライク・ショット,强袭冲击,Strike Slash
30646525,1,破滅の魔王ガーランドルフ,破灭之魔王 加兰道夫,"Garlandolf, King of Destruction"
30650147,3,ヴェンデット・リボーン,复仇死者的还魂再生,Vendread Reorigin
30653113,2,ナイルの恵み,尼罗河的恩惠,Blessings of the Nile
30655537,1,メカファルコン,机械猎鹰,Cyber Falcon
30674956,1,蒼翠の風霊使いウィン,苍翠之风灵使 薇茵,"Wynn the Wind Charmer, Verdant"
30676200,1,灰滅せし都の英雄,灰灭都的英雄,Hero of the Ashened City
30680659,1,聖殿の水遣い,圣殿的水遣,Water Enchantress of the Temple
30683373,2,シールドクラッシュ,盾碎,Shield Crush
30691817,1,海晶乙女シーエンジェル,海晶少女 海天使,Marincess Sea Angel
30707994,1,マキシマム・シックス,最大值六,Maximum Six
30741334,1,熱血指導王ジャイアントレーナー,热血指导王 巨人教练,Coach King Giantrainer
30741503,1,オルフェゴール・ガラテア,自奏圣乐·伽拉忒亚,"Galatea, the Orcust Automaton"
30748475,3,魔砲戦機ダルマ・カルマ,魔炮战机 达磨羯磨,Destructive Daruma Karma Cannon
30757127,1,Ｄ－ＨＥＲＯ デッドリーガイ,命运英雄 绝命人,Destiny HERO - Dangerous
30757396,1,ブラッド・メフィスト,血魔 墨非斯特,Blood Mefist
30761649,2,冀望郷－バリアン－,冀望乡-异晶人界-,Barian Untopia
30765615,1,百檎龍－リンゴブルム,百檎龙-苹果鳞虫,"Ringowurm, the Dragon Guarding the Hundred Apples"
30770156,2,コア転送ユニット,核心传送装置,Core Transport Unit
30778711,1,シャドウ・グール,影之食尸鬼,Shadow Ghoul
30786387,2,花積み,花积,Flower Stacking
30794966,1,聖刻龍－ウシルドラゴン,圣刻龙-奥西龙,Hieratic Dragon of Asar
30802207,2,エクソシスター・カルペディベル,救祓少女把握今魔,Exosister Carpedivem
30811116,1,幻獣機レイステイルス,幻兽机 长尾隐形鳐,Mecha Phantom Beast Stealthray
30822527,1,デコード・トーカー・エクステンド,解码语者·扩展,Decode Talker Extended
30829071,1,驚楽園の大使 ＜Ｂｕｆｏ＞,惊乐园的大使 ＜B丑角＞,Amazement Ambassador Bufo
30834988,3,召喚制限－猛突するモンスター,召唤限制-猛突的怪兽,All-Out Attacks
30845999,3,起動する機殻,起动的机壳,Qlipper Launch
30860696,1,ロケット戦士,火箭战士,Rocket Warrior
30864377,1,剣闘獣総監エーディトル,剑斗兽总监 主斗,Gladiator Beast Tamer Editor
30888983,3,方舟の選別,方舟的选别,The Selection
30907810,1,魔弾の悪魔 ザミエル,魔弹恶魔 萨米尔,Magical Musket Mastermind Zakiel
30913809,2,光の波動,光之波动,Light Force
30914564,1,聖鳥クレイン,圣鸟 仙鹤,Sacred Crane
30915572,1,星見獣ガリス,星见兽 加里斯,Gallis the Star Beast
30922149,3,副作用？,副作用？,Side Effects?
30929786,1,立炎星－トウケイ,立炎星-董鸡,Brotherhood of the Fire Fist - Rooster
30936186,1,コアキメイル・ウルナイト,核成原始骑士,Koa'ki Meiru Urnight
30964246,2,ＡＲＧ☆Ｓ－ＧｉａｎｔＫｉｌｌｉｎｇ,阿尔戈☆群星-巨人击杀,Argostars - Giantslaying
30968774,1,スワップリースト,交换祭司,Swap Cleric
30979619,2,ＳＰＹＲＡＬ ＧＥＡＲ－ビッグ・レッド,秘旋谍装备-大红跑车,SPYRAL GEAR - Big Red
30983281,1,アクセルシンクロ・スターダスト・ドラゴン,加速同调星尘龙,Accel Synchro Stardust Dragon
30989084,1,アロマリリス－ローズマリー,芳香莉莉丝-迷迭香,Aromalilith Rosemary
30996652,2,機塊リユース,机块再利用,Appliancer Reuse
31000575,3,徴兵令,征兵令,Conscription
31002402,2,凶導の福音,凶导的福音,Dogmatikalamity
31006879,2,ライディング・デュエル！アクセラレーション！,疾走决斗！加速！,"On Your Mark, Get Set, DUEL!"
31034919,1,マッド・リローダー,装填狂魔,Mad Reloader
31036355,2,強制転移,强制转移,Creature Swap
31038159,1,創世竜,创世龙,Genesis Dragon
31042659,1,覇蛇大公ゴルゴンダ,霸蛇大公 戈尔工达,Supreme Sovereign Serpent of Golgonda
31044787,3,イタチの大暴発,鼬鼠大暴发,Ferret Flames
31053337,1,ＢＦ－激震のアブロオロス,黑羽-激震之亚伯落贺罗斯,Blackwing - Abrolhos the Megaquake
31059809,1,サイレンス・シーネットル,寂静海刺水母,Silent Sea Nettle
31061682,1,Ｋｏｚｍｏ－ドロッセル,星际仙踪-多萝塞尔,Kozmo Farmgirl
31066283,2,スカルライダーの復活,骷髅骑手的复活,Revival of Dokurorider
31076103,3,第一の棺,第一之棺,The First Sarcophagus
31077447,3,びっくり箱,吓人箱,Punch-in-the-Box
31086840,1,Ｎｏ.６９ 紋章神コート・オブ・アームズ－ゴッド・シャーター,No.69 纹章神 盾徽-神之粉碎,Number 69: Heraldry Crest - Shatter Stream
31102447,1,アマゾネスの斥候,亚马逊斥候,Amazoness Spy
31111109,1,Ｅ・ＨＥＲＯ ゴッド・ネオス,元素英雄 神·新宇侠,Elemental HERO Divine Neos
31118030,1,占術姫アローシルフ,占术姬 弓箭风精,Prediction Princess Arrowsylph
31122090,1,逆転の女神,逆转之女神,Gyakutenno Megami
31123642,1,ＺＳ－希望賢者,异热同心从者-希望贤者,ZS - Utopic Sage
31149212,1,クシャトリラ・ライズハート,俱舍怒威族·莱斯哈特,Kashtira Riseheart
31173519,1,ライライダー,雷骑手,Rai Rider
31175914,1,アタック・ゲイナー,攻击吸取者,Attack Gainer
31178212,1,マジェスペクター・ユニコーン,威风妖怪·麒麟,Majespecter Unicorn - Kirin
31181711,1,超重武者装留グレート・ウォール,超重武者装留 巨壁,Superheavy Samurai Soulshield Wall
31189536,3,ヴァンパイア・アウェイク,吸血鬼觉醒,Vampire Awakening
31213049,3,ＸＸクルージョン,XX排除,XX-clusion
31222701,2,揺れる眼差し,摇晃的目光,Wavering Eyes
31226177,1,星杯竜イムドゥーク,星杯龙 伊姆杜克,Imduk the World Chalice Dragon
31230289,1,らくがきじゅう－すてご,涂鸦兽-剑龙,Doodle Beast - Stego
31241087,1,超越竜メテオロス,超越龙 流星衔尾龙,Transcendosaurus Meteorus
31242786,1,魂喰らい,食魂鱼,Souleater
31245780,3,バトルマニア,战斗狂,Battle Mania
31247589,1,剣闘獣ディカエリィ,剑斗兽 双斗,Gladiator Beast Dimacari
31259606,1,絶海のマーレ,绝海之马雷,Supreme Sea Mare
31281980,1,ヒール・ウェーバー,治愈波镜,Healing Wave Generator
31292357,1,Ｅｍハットトリッカー,娱乐法师 帽子戏法师,Performage Hat Tricker
31303283,1,陽炎獣 ヒッポグリフォ,阳炎兽 骏鹰,Hazy Flame Hyppogrif
31305911,1,マシュマロン,棉花糖,Marshmallon
31313405,1,転生炎獣パイロ・フェニックス,转生炎兽 火凤凰,Salamangreat Pyro Phoenix
31314549,1,ＲＲ－シンギング・レイニアス,急袭猛禽-鸣啭伯劳,Raidraptor - Singing Lanius
31320433,1,Ｎｏ.４７ ナイトメア・シャーク,No.47 梦魇鲨,Number 47: Nightmare Shark
31322640,2,魅惑の宮殿,魅惑的宫殿,Allure Palace
31328739,2,サイキック・インパルス,念动力脉冲,Psi-Impulse
31339260,1,アンデット・ウォーリアー,不死战士,Zombie Warrior
31353051,1,エクスプロードヴァレット・ドラゴン,爆炸弹丸龙,Exploderokket Dragon
31374201,1,海造賊－白髭の機関士,海造贼-白胡子机关士,"Whitebeard, the Plunder Patroll Helm"
31383545,1,ＸＸ－セイバー ダークソウル,XX-剑士 暗黑之魂,XX-Saber Darksoul
31385077,1,カオス・ゴッデス－混沌の女神－,混沌之女神,Chaos Goddess
31386180,1,始祖の守護者ティラス,始祖守护者 提拉斯,"Tiras, Keeper of Genesis"
31398842,2,エクシーズ・フォース,超量之力,Xyz Force
31423101,2,神剣－フェニックスブレード,神剑-凤凰剑,Divine Sword - Phoenix Blade
31425736,1,カプシー☆ヤミー,奶油蛋糕杯猫☆味美喵,Cupsie☆Yummy
31434645,2,呪われしエルドランド,被诅咒的黄金国度,Cursed Eldland
31437713,1,Ｎｏ.８２ ハートランドラコ,No.82 心园小龙,Number 82: Heartlandraco
31440046,1,プランキッズ・ロック,调皮宝贝·岩石娃,Prank-Kids Rocksies
31440542,1,幻惑のラフレシア,幻惑之大花草,Rafflesia Seduction
31443476,2,クイック・リボルブ,速攻旋转,Quick Launch
31444249,2,煉獄の虚夢,炼狱的虚梦,Void Imagination
31447217,1,翼を織りなす者,织翼者,Wingweaver
31456110,1,ヴェルズ・ゴーレム,入魔巨偶虫,Evilswarm Golem
31458630,2,幻奏協奏曲,幻奏协奏曲,Melodious Concerto
31461282,2,開運ミラクルストーン,开运奇迹石,Miracle Stone
31464658,1,三眼の死霊,三眼死灵,Three-Eyed Ghost
31467372,2,不死式冥界砲,不死式冥界炮,Everliving Underworld Cannon
31467949,1,空牙団の飛哨 リコン,空牙团的飞哨 锐康,"Recon, Scout Fur Hire"
31472884,3,共闘,共斗,Unified Front
31476755,2,砂塵の結界,沙尘之结界,Dust Barrier
31477025,1,ミスターボルケーノ,火山先生,Mr. Volcano
31480215,1,幻獣機ウォーブラン,幻兽机 暴风雪莺,Mecha Phantom Beast Warbluran
31516413,1,聖刻龍－ネフテドラゴン,圣刻龙-奈芙龙,Hieratic Dragon of Nebthet
31525442,1,予見者ゾルガ,预见者 卓尔加,Zolga the Prophet
31531170,2,共鳴する振動,共鸣的振动,Harmonic Oscillation
31533704,1,幻獣機メガラプター,幻兽机 猛禽大盗龙,Mecha Phantom Beast Megaraptor
31539614,1,ワクチンゲール,苗丁格尔,Antidote Nurse
31548215,3,墓穴ホール,墓穴洞,Gravedigger's Trap Hole
31548814,3,煉獄の狂宴,炼狱的狂宴,Void Feast
31550470,3,闇次元の解放,暗次元之解放,Escape from the Dark Dimension
31552317,2,クリストロン・インクルージョン,水晶机巧包体,Crystron Inclusion
31553716,1,スピア・ドラゴン,长枪龙,Spear Dragon
31554054,3,エクシーズ・リベンジ・シャッフル,超量复仇切换,Xyz Revenge Shuffle
31557782,1,古代の歯車,古代的齿车,Ancient Gear
31560081,1,聖なる魔術師,圣魔术师,Magician of Faith
31562086,2,神碑の穂先,神碑的锋芒,Runick Tip
31563350,1,ズババジェネラル,刷拉拉将军,Zubaba General
31571902,1,邪神機－獄炎,邪神机-狱炎,Malevolent Mech - Goku En
31588572,1,破械童子サラマ,破械童子 娑罗摩,Unchained Twins - Sarama
31596518,1,冥帝王エイドス,冥帝王 哀多斯,Eidos the Underworld Monarch
31600513,1,プレイング・マンティス,合掌螳螂,Praying Mantis
31600845,1,恐楽園の死配人 ＜Ａｒｌｅｃｈｉｎｏ＞,恐乐园的死配人 ＜A丑角＞,Amazement Abomination Arlekino
31603289,1,カプシー★ヤミーウェイ,奶油蛋糕杯猫★味美喵奖品,Cupsie★Yummy Way
31615285,1,サボウ・クローザー,小仙人掌封闭者,Cactus Bouncer
31629407,1,魔弾の射手 スター,魔弹射手 斯塔尔,Magical Musketeer Starfire
31632536,1,ラヴァル・ツインスレイヤー,熔岩双杀手,Laval Dual Slasher
31643613,2,捕食活動,捕食活动,Predapractice
31677606,2,黒白の波動,黑白的波动,Black and White Wave
31683874,1,占い魔女 アンちゃん,占卜魔女 小暗,Fortune Fairy Ann
31692182,1,コアキメイル・フルバリア,核成全护者,Koa'ki Meiru Hydro Barrier
31699677,1,マジクリボー,魔术栗子球,Magikuriboh
31706048,2,星遺物の醒存,星遗物的醒存,World Legacy Survivor
31709826,1,リバイバルスライム,再生史莱姆,Revival Jam
31712840,3,ゼアル・アライアンス,异热同心联盟,Zexal Alliance
31733941,1,レッドアイズ・トゥーン・ドラゴン,真红眼卡通龙,Red-Eyes Toon Dragon
31755044,1,十二獣ヴァイパー,十二兽 蛇笞,Zoodiac Whiptail
31759689,1,ティンダングル・ハウンド,廷达魔三角之猎犬,Tindangle Hound
31764353,1,憑依装着－ウィン,凭依装着-薇茵,Familiar-Possessed - Wynn
31764700,1,ユベル－Ｄａｓ Ｅｘｔｒｅｍｅｒ Ｔｒａｕｒｉｇ Ｄｒａｃｈｅｎ,于贝尔-极度悲伤的魔龙,Yubel - The Ultimate Nightmare
31766317,1,ヘル・エンプレス・デーモン,地狱女帝恶魔,Archfiend Empress
31768112,1,オイルメン,汽油侠,Oilman
31772684,1,ヴェンデット・レヴナント,复仇死者·归来者,Vendread Revenants
31785398,3,迎撃準備,迎击准备,Ready for Intercepting
31786629,1,サンダー・ドラゴン,雷龙,Thunder Dragon
31786838,2,再世記,再世记,Regenesis
31801517,1,Ｎｏ.６２ 銀河眼の光子竜皇,No.62 银河眼光子龙皇,Number 62: Galaxy-Eyes Prime Photon Dragon
31812496,1,アステカの石像,阿兹特克石像,Stone Statue of the Aztecs
31817415,1,アームド・ネオス,武装新宇侠,Armed Neos
31826057,1,音響戦士ピアーノ,音响战士 钢琴,Symphonic Warrior Piaano
31828916,2,機甲部隊の最前線,机甲部队的最前线,Machina Armored Unit
31829185,1,ダーク・ネクロフィア,暗黑人偶 妮可罗菲娅,Dark Necrofear
31833038,1,ヴァレルロード・ドラゴン,装弹枪管龙,Borreload Dragon
31834488,2,皆既月蝕の書,月全食之书,Book of Lunar Eclipse
31849106,3,異次元グランド,异次元竞技场,Different Dimension Ground
31855260,3,ミュートリアスの産声,秘异三变联体的产声,Myutant Cry
31863912,3,出目出し,指出出目,Dice-nied
31887806,1,宙の忍者－鳥帷,宙之忍者-鸟帷,Tobari the Sky Ninja
31887905,1,憑依装着－アウス,凭依装着-奥丝,Familiar-Possessed - Aussa
31890399,1,デビルズ・ミラー,恶魔镜,Fiend's Mirror
31893528,2,死のメッセージ「Ｅ」,死之信息「E」,"Spirit Message ""I"""
31897444,1,冥宮の番人,冥宫的番人,Defender of the Labyrinth
31904181,1,六武衆－ニサシ,六武众-二藏,The Six Samurai - Nisashi
31919988,1,漆黒のズムウォルト,漆黑之朱姆沃尔特,Dark Diviner
31924889,1,アーカナイト・マジシャン,奥金魔导师,Arcanite Magician
31930787,1,機皇帝スキエル∞,机皇帝 神空∞,Meklord Emperor Skiel
31944175,1,スレッショルド・ボーグ,阈电压电子人,Threshold Borg
31969219,3,影の災い,影之灾厄,Shadow Trouble
31971040,3,選律のヴァルモニカ,选律之异响鸣,Vaalmonica Chosen Melody
31975743,1,マジシャンズ・エイプ,魔法师猿,Ape Magician
31980955,2,スローライフ,慢活族,Quiet Life
31986288,1,スプリット・Ｄ・ローズ,分裂魔界蔷薇,Regenerating Rose
31987203,1,死天使ハーヴェスト,死天使 哈维斯特,Harvest Angel of Doom
31987274,1,フライング・フィッシュ,飞鱼,Flying Fish
31991800,1,マジェスペクター・ラクーン,威风妖怪·狸,Majespecter Raccoon - Bunbuku
32003338,1,Ｎｏ.３４ 電算機獣テラ・バイト,No.34 电算机兽 太字节,Number 34: Terror-Byte
32012841,1,千年の盾,千年盾,Millennium Shield
32013448,1,宵闇の騎士,宵暗之骑士,Evening Twilight Knight
32015116,3,無差別破壊,无差别破坏,Blind Destruction
32022366,2,重力の斧－グラール,重力之斧-咆哮,Gravity Axe - Grarl
32036866,3,Ｆ.Ａ.オーバー・ヒート,方程式运动员过热阶段,F.A. Overheat
32044231,2,ＲＵＭ－マジカル・フォース,升阶魔法-魔法之力,Rank-Up-Magic Magical Force
32056070,2,ユウ－Ａｉ－,友情-真“艾”-,You and A.I.
32061192,1,Ｍ∀ＬＩＣＥ＜Ｐ＞Ｄｏｒｍｏｕｓｅ,码丽丝<兵卒>睡鼠,Maliss <P> Dormouse
32061744,3,エレキーパー,电气看守,Wattkeeper
32062913,2,メガトン魔導キャノン,巨型魔导加农炮,Mega Ton Magical Cannon
32065885,3,痛恨の訴え,痛恨的诉苦,Heartfelt Appeal
32086564,3,エクシーズ・トライバル,超量纷争对手,Xyz Tribalrivals
32104431,3,破壊剣の追憶,破坏剑的追忆,Destruction Sword Memories
32120116,3,閻魔の裁き,阎魔的裁决,Enma's Judgment
32134638,1,ダイナミスト・アンキロス,雾动机龙·甲龙,Dinomist Ankylos
32138660,1,レプティレス・メルジーヌ,爬虫妖女·梅露辛,Reptilianne Melusine
32146097,1,ＤＤパンドラ,DD 潘多拉,D/D Pandora
32152870,2,械貶する肆世壊,械贬的肆世坏,Scareclaw Decline
32164201,1,ＺＷ－天馬双翼剣,异热同心武器-天马双翼剑,ZW - Pegasus Twin Saber
32175429,2,ヒロイック・コール,英豪呼唤,Heroic Call
32176662,1,フリップ・フローズン,触发器冻结妖,Flip Frozen
32180819,2,最古式念導,最古式念导,Psychokinesis
32181268,1,天岩戸,天岩户,Amano-Iwato
32202803,1,武神器－タルタ,武神器-足,Bujingi Wolf
32207100,3,大番狂わせ,大爆冷门,A Major Upset
32224143,1,ゴーストリック・サキュバス,鬼计女夜魔,Ghostrick Socuteboss
32231618,1,占術姫コインノーマ,占术姬 硬币地精,Prediction Princess Coinorma
32233746,3,ライト・バニッシュ,光之放逐,Vanquishing Light
32240937,1,絶対服従魔人,绝对服从魔人,Ultimate Obedient Fiend
32245230,3,運命の契約,命运之契约,The Deal of Destiny
32247099,3,絶対なる幻神獣,绝对的幻神兽,Ultimate Divine-Beast
32268901,2,サラマンドラ,飞龙炎,Salamandra
32269855,1,隻眼のホワイトタイガー,独眼白虎,The All-Seeing White Tiger
32270212,2,仲間の絆,同伴的牵绊,Ties That Bind
32271987,1,フェデライザー,费德莱扎,Featherizer
32274490,1,ワイト,白骨,Skull Servant
32278723,2,アクア・ジェット・サーフェス,喷水引擎浮上,Aqua Jet Surface
32281491,1,ＺＳ－双頭龍賢者,异热同心从者-双头龙贤者,ZS - Ouroboros Sage
32295838,1,デジトロン,数字机灵,Digitron
32296881,1,豊穣のアルテミス,丰穰之阿耳特弥斯,Bountiful Artemis
32298781,2,トライアングルパワー,三角力量,Triangle Power
32302078,1,交血鬼－ヴァンパイア・シェリダン,交血鬼-吸血鬼·谢里丹,Dhampir Vampire Sheridan
32305461,1,占い魔女 エンちゃん,占卜魔女 小炎,Fortune Fairy En
32314730,1,コアキメイル・クルセイダー,核成十字军,Koa'ki Meiru Crusader
32335697,3,ホーンテッド・アンデット,不死的祟灵,Haunted Zombies
32339440,1,武神－ヤマト,武神-倭,Bujin Yamato
32344688,1,ダーク・キメラ,暗黑奇美拉,Dark Chimera
32349062,1,ＤＤドッグ,DD 猛犬,D/D Dog
32354768,2,セフィラの神託,神数的神托,Oracle of Zefra
32355828,1,スケルゴン,骸骨龙,Skelgon
32360466,3,天地開闢,天地开辟,Beginning of Heaven and Earth
32362575,1,魔導雑貨商人,魔导杂货商人,Magical Merchant
32391566,1,エクストラ・ヴェーラー,额外遮蔽者,Extra Veiler
32391631,2,サベージ・コロシアム,野蛮斗技场,Savage Colosseum
32393580,1,サイバー・シャーク,电子鲨,Cyber Shark
32422602,1,戦華の智－諸葛孔,战华之智-诸葛孔,Ancient Warriors - Ingenious Zhuge Kong
32437102,2,竜魂の力,龙魂之力,Dragonic Attack
32441317,2,シンクロキャンセル,同调解除,De-Synchro
32446630,1,ＣＮｏ.４３ 魂魄傀儡鬼神カオス・マリオネッター,混沌No.43 魂魄傀儡鬼神 混沌傀儡师,Number C43: High Manipulator of Chaos
32448765,1,トリックスター・ホーリーエンジェル,淘气仙星·霍莉安琪儿,Trickstar Holly Angel
32452818,1,ルイーズ,路易斯,Beaver Warrior
32453837,1,Ｎｏ.２ 蚊学忍者シャドー・モスキート,No.2 蚊学忍者 影蚊,Number 2: Ninja Shadow Mosquito
32465539,1,電子光虫－コクーンデンサ,电子光虫-电容茧,Digital Bug Cocoondenser
32472237,1,メタルヴァレット・ドラゴン,金属被甲弹丸龙,Metalrokket Dragon
32476434,1,ラインモンスター スピア・ホイール,行列怪兽 枪之香车,Shogi Lance
32476603,1,シルバーヴァレット・ドラゴン,银色弹丸龙,Silverrokket Dragon
32480825,1,ＴＧ マイティ・ストライカー,科技属 强劲突击兵,T.G. Mighty Striker
32484853,1,特異点の悪魔,特异点恶魔,Singularity Fiend
32485271,1,バラに棲む悪霊,栖身蔷薇的恶灵,Rose Spectre of Dunn
32485518,1,イモータル・ルーラー,不死支配者,Immortal Ruler
32491822,1,降雷皇ハモン,降雷皇 哈蒙,"Hamon, Lord of Striking Thunder"
32519092,1,天威の拳僧,天威之拳僧,Monk of the Tenyi
32530043,1,御影志士,御影志士,Gallant Granite
32539892,1,イビー,伊比,Minar
32541773,1,絵画に潜む者,绘画中的潜藏者,The Portrait's Secret
32542011,3,燃え上がる大海,燃起的大海,High Tide on Fire Island
32543380,1,ヴォルカニック・デビル,火山恶魔,Volcanic Doomfire
32548318,2,羅睺星辰,罗睺星辰,Rahu Dracotail
32548609,1,エレキンモグラ,电气金毛鼹,Wattmole
32549749,2,武装再生,武装再生,Arms Regeneration
32557233,3,六花深々,六花深深,Rikka Tranquility
32559361,1,ＣＮｏ.９ 天蓋妖星カオス・ダイソン・スフィア,混沌No.9 天盖妖星 混沌戴森球,Number C9: Chaos Dyson Sphere
32566831,2,紅玉の宝札,红玉之宝札,Cards of the Red Stone
32569498,1,コロガーシ,屎壳郎,Korogashi
32588805,1,Ｔｈｅ ｄｅｓｐａｉｒ ＵＲＡＮＵＳ,绝望天王星,The Despair Uranus
32600024,1,ドラゴンメイド・チェイム,半龙女仆·寝室龙女,Chamber Dragonmaid
32603633,3,究極・背水の陣,究极·背水之阵,Backs to the Wall
32615065,1,覇道星シュラ,霸道星 修罗,Shura the Combat Star
32617464,1,トライゲート・ウィザード,三栅极男巫,Tri-Gate Wizard
32619583,1,暗黒界の軍神 シルバ,暗黑界的军神 希尔瓦,"Sillva, Warlord of Dark World"
32623004,1,否定ペンギン,否定企鹅,Nopenguin
32626733,1,スパイラルドラゴン,螺旋龙,Spiral Serpent
32646477,1,ダーク・ダイブ・ボンバー,暗黑俯冲轰炸机,Dark Strike Fighter
32663969,2,ドミノ,多米诺,Domino Effect
32671443,2,ドクターＤ,D博士,Doctor D
32679370,1,ヒーロー・キッズ,英雄小子,Hero Kid
32687071,1,アモルファージ・ノーテス,无形噬体·怠惰,Amorphage Sloth
32692693,2,ベアルクティ・ラディエーション,北极天熊辐射,Ursarctic Radiation
32696942,1,三段腹ナイト,三段腹骑士,Big Belly Knight
32703716,2,フィッシュアンドキックス,鱼和踢出,Fish and Kicks
32710364,1,宝玉獣 ルビー・カーバンクル,宝玉兽 红玉兽,Crystal Beast Ruby Carbuncle
32723153,3,マジカル・エクスプロージョン,魔力爆发,Magical Explosion
32731036,1,深淵の獣ルベリオン,深渊之兽 赫界龙,The Bystial Lubellion
32744558,1,レアル・ジェネクス・コーディネイター,真次世代协调员,R-Genex Overseer
32750341,1,ＢＫ スパー,燃烧拳击手 练习拳手,Battlin' Boxer Sparrer
32750510,1,アイス・ブリザード・マスター,寒冰暴雪师,Ice Master
32751480,1,砂の魔女,砂之魔女,Mystical Sand
32752319,1,ユーフォロイド・ファイター,飞碟机人战士,UFOroid Fighter
32754886,3,ブラック・イリュージョン,黑魔导幻像,Black Illusion
32756828,3,烙印の獣,烙印之兽,Branded Beast
32761286,1,スクラップ・ワーム,废铁蠕虫,Scrap Worm
32762201,1,古代の機械像,古代的机械像,Ancient Gear Statue
32764863,3,エクシーズ・リバイブ・スプラッシュ,超量复活涛溅,Xyz Revive Splash
32768230,2,エターナル・サイバー,永恒电子,Cyber Eternal
32775808,1,デーモンの顕現,恶魔显现,Archfiend's Manifestation
32785578,3,フェアーウェルカム・ラビュリンス,拉比林斯迷宫欢迎欢送,Farewelcome Labrynth
32787239,1,ＥＭラ・パンダ,娱乐伙伴 喇叭熊猫,Performapal Trumpanda
32807846,2,増援,增援,Reinforcement of the Army
32809211,1,人造人間７号,人造人7号,Jinzo #7
32825095,1,白鱓,白鳝,White Moray
32828466,1,Ｗａｋｅ Ｕｐ Ｙｏｕｒ Ｅ・ＨＥＲＯ,唤醒你沉睡的元素英雄,Wake Up Your Elemental HERO
32828635,2,エンドレス・オブ・ザ・ワールド,世界不灭,Cycle of the World
32835363,2,クラッキング,破解,Cracking
32841045,1,魔弾の射手 カスパール,魔弹射手 卡斯帕,Magical Musketeer Caspar
32854013,3,猛突進,猛突进,Super Rush Recklessly
32872833,1,星間竜パーセク,星间龙 秒差龙,"Parsec, the Interstellar Dragon"
32875265,3,傀儡葬儀－パペット・パレード,傀儡葬仪-傀儡大游行,Puppet Parade
32887445,2,繁華の花笑み,繁华的花笑,Flourishing Frolic
32907538,1,ウォールクリエイター,造墙者,Grapple Blocker
32909498,1,クシャトリラ・フェンリル,俱舍怒威族·芬里尔狼,Kashtira Fenrir
32912040,1,トラミッド・マスター,三形金字塔之主,Triamid Master
32918479,1,光神機－閃空,光神机-闪空,Majestic Mech - Senku
32919136,2,堕落,堕落,Falling Down
32933942,1,宝玉獣 アメジスト・キャット,宝玉兽 紫晶猫,Crystal Beast Amethyst Cat
32939238,2,忍法装具 鉄土竜,忍法装具 铁土龙,Ninjitsu Art Tool - Iron Digger
32965616,1,精霊神后 ドリアード,精灵神后 树精,Elemental Grace Doriado
32975247,1,神竜 ティタノマキア,神龙 伟战龙,Divine Dragon Titanomakhia
32986898,1,粛星の鋼機,肃星之钢机,Steel Star Regulator
32991027,1,氷結界の剣士 ゲオルギアス,冰结界的剑士 乔治,"Georgius, Swordman of the Ice Barrier"
32991300,1,刻まれし魔の神聖棺,刻魔的神圣棺,Fiendsmith's Agnumday
32995007,1,天狼王 ブルー・セイリオス,天狼王 苍狼星,"Celestial Wolf Lord, Blue Sirius"
32995276,1,リンク・ディサイプル,连接弟子,Link Disciple
32999573,2,エクシーズ・オーバーライド,超量超控,Xyz Override
33008376,1,マテリアクトル・ギガドラ,原质炉吉咖龙,Materiactor Gigadra
33015627,1,時械神サンダイオン,时械神 桑达伊恩,"Sandaion, the Timelord"
33017655,2,暗黒界の門,暗黑界之门,The Gates of Dark World
33022867,1,魔獣皇帝ガーゼット,魔兽皇帝 加泽特,Emperor Maju Garzett
33026283,1,双天将 金剛,双天将 金刚,Dual Avatar - Empowered Kon-Gyo
33031674,2,灼熱の試練,灼热之试练,Incandescent Ordeal
33034646,1,機甲忍者フレイム,机甲忍者 火,Flame Armor Ninja
33041277,2,サイバー・レヴシステム,电子革命系统,Cyber Revsystem
33055499,3,地雷蜘蛛の餌食,地雷蜘蛛的饵食,Prey of the Jirai Gumo
33057951,2,浮上,浮上,Surface
33062423,2,デコード・エンド,解码终结,Decode Destruction
33064647,1,一眼の盾竜,独眼盾龙,One-Eyed Shield Dragon
33066139,1,カードを狩る死神,猎卡死神,Reaper of the Cards
33093439,1,サイバー・エルタニン,电子天龙头,Cyber Eltanin
33099732,2,超未来融合－オーバーフューチャー・フュージョン,超未来融合,Overload Future Fusion
33103459,1,ＥＭコン,娱乐伙伴 小角,Performapal Corn
33112041,1,ヴォルカニック・ラット,火山鼠,Volcanic Rat
33113958,1,リヴァーチュ・ドラゴン,海善龙,LeVirtue Dragon
33114323,2,メタルシルバー・アーマー,罕银铠甲,Metalsilver Armor
33129626,1,ケンタウルミナ,辉光人马兽,Centaur Mina
33145233,1,儀式魔人デモリッシャー,仪式魔人 摧毁者,Djinn Demolisher of Rituals
33158448,1,Ｆ.Ａ.ライトニングマスター,方程式运动员 电光赛道名将,F.A. Dawn Dragster
33178416,1,ナイル,奈耳,Misairuzame
33184167,1,同族感染ウィルス,同族感染病毒,Tribe-Infecting Virus
33184236,3,カラクリ屋敷,机巧屋敷,Karakuri Trick House
33198837,1,ナチュル・ビースト,自然兽,Naturia Beast
33202303,1,地縛戒隷 ジオグレムリーナ,地缚戒隶 地画女精怪,Earthbound Servant Geo Gremlina
33206889,1,Ｅｍトラピーズ・フォース・ウィッチ,娱乐法师 秋千魄力魔女,Performage Trapeze Witch
33212663,1,アークネメシス・エスカトス,大星义终极龙,Archnemeses Eschatos
33225925,1,久遠の魔術師ミラ,久远之魔术师 米拉,Milla the Temporal Magician
33236860,1,ＢＦ－孤高のシルバー・ウィンド,黑羽-孤高之银风鸦,Blackwing - Silverwind the Ascendant
33244944,2,エクゾディアとの契約,与艾克佐迪亚的契约,Contract with Exodia
33245030,1,クリボール,球形栗子球,Sphere Kuriboh
33248692,3,オプションハンター,子机猎手,Option Hunter
33250142,1,天極輝艦－熊斗竜巧,天极辉舰-熊斗龙巧,Ultimate Flagship Ursatron
33252803,2,ＲＵＭ－クイック・カオス,升阶魔法-速攻混沌,Rank-Up-Magic Quick Chaos
33256280,1,メタルフォーゼ・ゴルドライバー,炼装勇士·金驰,Metalfoes Goldriver
33280639,3,破壊剣士の揺籃,破坏剑士的摇篮,Prologue of the Destruction Swordsman
33282498,1,アークブレイブドラゴン,弧光勇烈龙,Arkbrave Dragon
33296432,1,教導の天啓アディン,教导的天启 阿东,"Dogmatika Adin, the Enlightened"
33298291,3,獣湧き肉躍り,兽血奔腾,Dances with Beasts
33300669,1,アモルファージ・キャヴム,无形噬体·忧郁,Amorphage Envy
33302407,2,ポイズン・チェーン,剧毒链,Poison Chain
33314479,1,飛鯉,飞鲤,Flying Red Carp
33318980,1,暗黒騎士ガイアソルジャー,暗黑骑士 盖亚战士,Soldier Gaia The Fierce Knight
33323657,3,サイコ・ソウル,念力之魂,Psychic Soul
33325951,1,霊魂鳥影－姫孔雀,灵魂鸟影-姬孔雀,Shinobaroness Shade Peacock
33327029,3,メタルフォーゼ・カウンター,炼装反击,Metalfoes Counter
33331231,1,閃術兵器－Ｈ.Ａ.Ｍ.Ｐ.,闪术兵器-汉普,Surgical Striker - H.A.M.P.
33334269,1,ＤＤゴースト,DD 幽灵,D/D Ghost
33347467,1,霊魂の護送船,灵魂护送船,Ghost Ship
33365932,1,ヴォルカニック・バレット,火山弹,Volcanic Shell
33391067,2,呪詛返しのヒトガタ,反弹诅咒的纸人,Curse Reflection Doll
33393090,1,ヨーウィー,幽威,Yowie
33396948,1,封印されしエクゾディア,被封印的艾克佐迪亚,Exodia the Forbidden One
33407125,2,白銀の迷宮城,白银之迷宫城,Labrynth Labyrinth
33413279,1,エクスプローシブ・マジシャン,爆破魔术师,Explosive Magician
33413638,1,コカローチ・ナイト,蟑螂骑士,Cockroach Knight
33420078,1,ゾンビキャリア,僵尸带菌者,Plaguespreader Zombie
33423043,2,異次元の指名者,异次元的指名者,D.D. Designator
33438666,1,ヴァンパイア・グリムゾン,吸血鬼·红死神,Vampire Grimson
33453260,2,コミックハンド,漫画之手,Comic Hand
33455338,1,邪狂神の使い,邪狂神的使者,Maniacal Servant
33460840,1,巨竜の守護騎士,巨龙之守护骑士,Guardian of Felgrand
33467872,1,深海のコレペティ,深海艺术指导,Deep Sea Repetiteur
33491462,1,六花精スノードロップ,六花精 雪花莲,Snowdrop the Rikka Fairy
33499794,3,ネムレリア・レペッテ,妮穆蕾莉娅的回笼觉,Nemleria Repeter
33503878,2,魔界台本「ドラマチック・ストーリー」,魔界台本「戏剧性故事」,Abyss Script - Dramatic Story
33506331,1,クリアー・キューブ,清透立方体,Clear Cube
33508719,1,メタモルポット,变形壶,Morphing Jar
33537328,1,地縛神 Ｃｕｓｉｌｌｕ,地缚神 库西略,Earthbound Immortal Cusillu
33541430,1,花札衛－月花見－,花札卫-月花见-,Flower Cardian Moonflowerviewing
33543890,1,竜輝巧－ラスβ,龙辉巧-天棓三β,Drytron Beta Rastaban
33545259,1,戦華の孟－曹徳,战华之孟-曹德,Ancient Warriors - Ambitious Cao De
33550694,2,フュージョン・ゲート,融合之门,Fusion Gate
33551032,1,アンブラル・アンフォーム,阴影无形鬼,Umbral Horror Unform
33574806,1,Ｅ・ＨＥＲＯ エスクリダオ,元素英雄 幽冥女郎,Elemental HERO Escuridao
33578406,2,真刀竹光,真刀竹光,Original Bamboo Sword
33609093,2,戦華史略－十万之矢,战华史略-十万之矢,Ancient Warriors Saga - Borrowing of Arrows
33609262,2,帝王の深怨,帝王的深怨,Tenacity of the Monarchs
33611061,2,武神集結,武神集结,Bujinunity
33621868,1,ギガント,铁球巨人,Giganto
33622465,3,救護部隊,救护部队,First-Aid Squad
33652635,1,剣闘獣ドミティアノス,剑斗兽 多米提安努斯,Gladiator Beast Domitianus
33655493,1,闇の侯爵ベリアル,暗之侯爵 彼列,Belial - Marquis of Darkness
33656832,1,曲芸の魔術師,曲芸之魔术师,Acrobatic Magician
33665663,3,炎舞－「開陽」,炎舞-「开阳」,Fire Formation - Kaiyo
33676146,3,エスケープ・ゴート,逃跑替罪羊,Escapegoat
33691040,1,プラグティカル,尖刺龙,Pragtical
33695750,1,デス・モスキート,死亡蚊,Des Mosquito
33698022,1,月華竜 ブラック・ローズ,月华龙 黑蔷薇,Black Rose Moonlight Dragon
33725002,1,Ｖサラマンダー,V火精灵,V Salamander
33725271,3,ヴォルカニック・チャージ,火山充能,Volcanic Recharge
33731070,1,暗黒界の尖兵 ベージ,暗黑界的尖兵 贝基,"Beiige, Vanguard of Dark World"
33734439,1,２人３脚ゾンビ,2人3脚僵尸,Three-Legged Zombies
33737664,3,墓荒らしの報い,盗墓者的报应,Graverobber's Retribution
33744268,1,Ｚ－ジリオン・キャタピラー,Z-无穷履带,Z-Zillion Tank
33746252,1,威光魔人,威光魔人,Majesty's Fiend
33750025,1,輪廻竜サンサーラ,轮回龙,Samsara Dragon
33750856,3,コード・ハック,代码入侵,Code Hack
33760966,1,星辰爪竜アルザリオン,星辰爪龙 巨蟹摩羯龙魔,Dracotail Altharion
33767325,2,デス・メテオ,死亡流星,Meteor of Destruction
33773528,2,アメイズメント・プレシャスパーク,惊乐珍宝园,Amazement Precious Park
33776734,1,ハネクリボー ＬＶ９,羽翼栗子球 LV9,Winged Kuriboh LV9
33776843,1,ＣＮｏ.１５ ギミック・パペット－シリアルキラー,混沌No.15 机关傀儡-连环杀手,Number C15: Gimmick Puppet Giant Hunter
33779875,1,六花聖ティアドロップ,六花圣 泪滴花束雪花莲,Teardrop the Rikka Queen
33782437,2,一時休戦,一时休战,One Day of Peace
33784505,2,壺盗み,盗壶者,Jar Robber
33787730,3,ライゼオル・ホールスラスター,雷火沸动霍尔洞推进器,Ryzeal Plasma Hole
33814281,2,特許権の契約書類,特许权的契约书类,Dark Contract with Patent License
33823832,1,ＥＭファイア・マフライオ,娱乐伙伴 火围巾狮,Performapal Fire Mufflerlion
33833230,1,ＥＭシール・イール,娱乐伙伴 贴纸海豹鳗,Performapal Seal Eel
33837653,1,天昇星テンマ,天升星 天马,Tenma the Sky Star
33846209,2,デュアルスパーク,二重电光,Gemini Spark
33854624,1,深淵の獣マグナムート,深渊之兽 玛格巨龙,Bystial Magnamhut
33866130,1,ナチュル・クリフ,自然壁,Naturia Cliff
33872334,2,フェニックス・ギア・ブレード,凤凰武装剑,Phoenix Gearblade
33875961,1,ダーク・カタパルター,暗黑弹射手,Dark Catapulter
33878367,2,壱世壊に渦巻く反響,壹世坏涡旋的反响,Tearlaments Grief
33878931,1,クラッシュマン,撞击兽,Togex
33883834,1,紫炎の寄子,紫炎的寄子,Shien's Squire
33897356,1,シューティングコード・トーカー,排错代码语者,Shootingcode Talker
33900648,2,クリアー・ワールド,清透世界,Clear World
33904024,2,強欲なカケラ,强欲的碎片,Shard of Greed
33907039,2,ピリ・レイスの地図,皮里·雷斯地图,Piri Reis Map
33909817,1,森羅の姫芽宮,森罗的姬芽宫,Sylvan Princessprite
33911264,1,太陽風帆船,太阳风帆船,Solar Wind Jammer
33918636,1,超重武者カカ－Ｃ,超重武者 案山子-C,Superheavy Samurai Scarecrow
33925864,3,六世壊根清浄,六世坏根清净,Kashtira Big Bang
33945211,1,海晶乙女バシランリマ,海晶少女 角耳雪锉蛤,Marincess Basilalima
33950246,3,王宮の号令,王宫的号令,Royal Command
33951077,1,スーパー・ウォー・ライオン,超级战狮,Super War-Lion
33964637,1,影六武衆－リハン,影六武众-理伴,Secret Six Samurai - Rihan
33970665,2,ポンコツの意地,废铜烂铁的意志,Guts of Steel
33971095,2,ヴェンデット・ナイトメア,复仇死者的黑夜梦魇,Vendread Nightmare
33972299,1,ジオ・ジェネクス,次世代地热能人,Geo Genex
33977496,1,針千本,千根针,Thousand Needles
33981008,2,魔導書院ラメイソン,魔导书院 拉迈松,The Grand Spellbook Tower
34001672,1,百鬼羅刹 巨魁ガボンガ,百鬼罗刹 巨魁加邦加,Goblin Biker Big Gabonga
34002992,3,レインボー・ライフ,虹之生命,Rainbow Life
34004470,1,Ｔｈｅ ｂｉｇ ＳＡＴＵＲＮ,大土星,The Big Saturn
34010534,2,サイバネット・オプティマイズ,电脑网优化,Cynet Optimization
34016756,2,フォース,原力,Riryoku
34022290,1,ガーディアン・エアトス,守护者·艾托斯,Guardian Eatos
34022970,1,エクス・ライゼオル,外燃雷火沸动机,Ext Ryzeal
34026662,2,進化の奇跡,进化的奇迹,Evo-Miracle
34029630,3,漆黒のパワーストーン,漆黑的能量石,Pitch-Black Power Stone
34031284,1,おジャマ・エンペラー,扰乱皇帝,Ojama Emperor
34034150,1,分裂するマザー・スパイダー,分裂的蛛母蜘蛛,Mother Spider Splitter
34047456,3,ギガンティック・サンダークロス,巨大喷流雷霆交叉合击,Gigantic Thundercross
34072799,1,トランソニックバード,跨音速鸟,Transonic Bird
34079868,1,真竜剣士マスターＰ,真龙剑士 卓辉星·拼图,"Master Peace, the True Dracoslayer"
34086406,1,ラヴァルバル・チェイン,熔岩谷锁链龙,Lavalval Chain
34088136,1,アルティメット・インセクト ＬＶ３,究极昆虫 LV3,Ultimate Insect LV3
34090915,2,復烙印,复烙印,Branded Regained
34093683,1,リヴェンデット・エグゼクター,归魂复仇死者·诛邪侠,Revendread Executor
34100324,1,ハーピィ・ガール,鹰身少女,Harpie Girl
34109611,1,ダイガスタ・ファルコス,大薰风飞隼,Daigusto Falcos
34116027,1,ドラグニティナイト－ガジャルグ,龙骑兵团骑士-赤枪龙骑士,Dragunity Knight - Gae Dearg
34124316,1,サイバーポッド,电子壶,Cyber Jar
34130561,1,魔道騎士ガイア,魔道骑士 盖亚,Gaia the Magical Knight
34137269,1,時械神ハイロン,时械神 海隆,"Hailon, the Timelord"
34143852,1,Ｈ・Ｃ エクストラ・ソード,英豪挑战者 赠剑兵,Heroic Challenger - Extra Sword
34149150,1,葬角のカルノヴルス,葬角之食肉公牛龙,Burial Bicorn Carnovorus
34149830,3,死力のタッグ・チェンジ,死力的组队换手,Desperate Tag
34160055,1,龍炎剣の使い手,使龙炎剑的高手,Master of the Flaming Dragonswords
34172284,1,溟界王－アロン,溟界王-阿隆,"Aron, the Ogdoadic King"
34187685,2,ダブルアタック,二重攻击,Double Attack
34193084,1,闇よりの恐怖,来自黑暗的恐怖,Fear from the Dark
34198387,1,ニャータリング,触点抖动啁啾猫,Meowseclick
34206604,1,魔導サイエンティスト,魔导科学家,Magical Scientist
34225426,2,嫋々たる漣歌姫の壱世壊,袅袅涟歌姬的壹世坏,Tearlaments Perlegia
34230233,1,暗黒界の龍神 グラファ,暗黑界的龙神 格拉法,"Grapha, Dragon Lord of Dark World"
34235530,1,真魔六武衆－シエン,真魔六武众-紫炎,Legendary Lord Six Samurai - Shi En
34236961,2,アンティ勝負,打赌胜负,Ante
34242278,1,聖騎士の盾持ち,圣骑士的持盾者,Noble Knight's Shield-Bearer
34244455,1,星向鳥,星向鸟,Star Staring Starling
34250214,1,ヴァンパイアの使い魔,吸血鬼的使魔,Vampire Familiar
34251483,1,ゴブリン切り込み部隊,哥布林冲锋部队,Goblin Marauding Squad
34257001,1,ダッシュ・ウォリアー,冲刺战士,Dash Warrior
34267821,1,アーティファクト－ロンギヌス,古遗物-圣枪,Artifact Lancea
34290067,1,デッド・シャーク,死亡鲨,Corroding Shark
34293667,3,氷結界,冰结界,Ice Barrier
34294855,1,カース・オブ・ヴァンパイア,诅咒之吸血鬼,Vampire's Curse
34302287,3,幻煌龍の戦渦,幻煌龙的战涡,Phantasm Spiral Battle
34318086,1,レモン・マジシャン・ガール,柠檬魔术少女,Lemon Magician Girl
34320307,1,命ある花瓶,有生命的花瓶,Living Vase
34323367,1,Ｅｍウォーター・ダンサー,娱乐法师 水舞者,Performage Water Dancer
34325937,3,方界合神,方界合神,Unification of the Cubic Lords
34334692,1,儀式の供物,仪式的供物,Ritual Raven
34351849,3,フロッグ・バリア,蛙类防护罩,Froggy Forcefield
34358408,1,儀式魔人プレサイダー,仪式魔人 主持者,Djinn Presider of Rituals
34365442,3,Ｅｖｉｌ★Ｔｗｉｎ イージーゲーム,邪恶★双子轻松通关,Evil★Twin GG EZ
34370473,2,グリフォンの羽根帚,狮鹫的羽毛扫,Gryphon's Feather Duster
34379489,1,ＥＭバブルドッグ,娱乐伙伴 泡泡斗牛犬,Performapal Bubblebowwow
34408491,1,魔王龍 ベエルゼ,魔王龙 蝇王,Beelze of the Diabolic Dragons
34419588,1,クリベー,栗子珠,Kuribeh
34433770,2,閃刀亜式－レムニスゲート,闪刀亚式-双纽闪门,Sky Striker Alternative - Lemnis Gate
34442949,1,メカニカルスネイル,机械蜗牛,Mechanical Snail
34446231,1,インフェルノイド・フラッド,狱火机·洪水,Infernoid Flood
34447918,2,六世壊他化自在天,六世坏他化自在天,Kashtiratheosis
34449261,3,融合死円舞曲,融合死圆舞曲,Fusion Fright Waltz
34456146,1,慈愛の賢者－シエラ,慈爱之贤者-西埃拉,Sage of Benevolence - Ciela
34460239,3,ジェネレーション・チェンジ,世代交替,Generation Shift
34460851,1,炎を操る者,火焰操纵者,Flame Manipulator
34471458,1,フォーチュンレディ・ライティー,命运女郎·莱蒂,Fortune Lady Light
34472920,1,ハニーボット,蜜罐机器人,Honeybot
34475451,1,工作列車シグナル・レッド,工作列车 红色信号,Construction Train Signal Red
34479658,1,ダーク・アリゲーター,暗黑短吻鳄,Dark Alligator
34481518,1,魔頭砲グレンザウルス,魔头炮 红莲恐龙,Grenosaurus Giga-Cannon
34487429,2,虹の古代都市－レインボー・ルイン,虹之古代都市,Ancient City - Rainbow Ruins
34492631,1,ジャンク・ジャイアント,废品巨人,Junk Giant
34496660,1,超重武者ダイ－８,超重武者 大八-8,Superheavy Samurai Wagon
34507039,3,ギャクタン,反查,Wiretap
34522216,1,アモルファージ・ガストル,无形噬体·暴食,Amorphage Gluttony
34536276,1,ガニグモ,蟹蛛,Ganigumo
34536828,2,烙印の使徒,烙印的使徒,Branded Disciple
34541543,1,大陰陽師 タオ,大阴阳师 道,Master Tao the Chanter
34541863,2,「Ａ」細胞増殖装置,「A」细胞增殖装置,"""A"" Cell Breeding Device"
34541940,1,神芸学徒 ファインメルト,神艺学徒 菲茵美特,Artmage Finemelt
34545235,3,鋼核の輝き,钢核的光辉,Iron Core Luster
34550857,1,ＬＬ－コバルト・スパロー,抒情歌鸲-钴尖晶雀,Lyrilusc - Cobalt Sparrow
34559295,2,アイアンドロー,钢铁抽卡,Iron Draw
34566435,1,エッジインプ・ＤＴモドキ,锋利小鬼·仿DT,Edge Imp Frightfuloid
34568403,1,アルカナフォースＶＩＩ－ＴＨＥ ＣＨＡＲＩＯＴ,秘仪之力7-战车,Arcana Force VII - The Chariot
34568783,1,レアル・ジェネクス・ウンディーネ,真次世代水精灵,R-Genex Undine
34572613,2,ミュートリア進化研究所,秘异三变体进化研究所,Myutant Evolution Lab
34611551,2,武装竜の霹靂,武装龙的霹雳,Armed Dragon Flash
34614289,1,Ｕ.Ａ.ストロングブロッカー,超级运动员 强壮阻挡员,U.A. Blockbacker
34614910,1,六花精シクラン,六花精 仙客来,Cyclamen the Rikka Fairy
34620088,1,ギミック・パペット－シャドーフィーラー,机关傀儡-暗影触摸者,Gimmick Puppet Shadow Feeler
34627841,1,正義の味方 カイバーマン,正义的同伴 海马侠,Kaibaman
34646691,2,つまずき,绊倒,Stumbling
34659866,1,ダークシー・レスキュー,暗海救生艇,Darksea Rescue
34664411,2,幸運の鉄斧,幸运之铁斧,Lucky Iron Axe
34680482,1,マドルチェ・エンジェリー,魔偶甜点·果冻天使,Madolche Anjelly
34688023,1,エッジインプ・ソウ,锋利小鬼·锯子,Edge Imp Saw
34690519,1,山の精霊,山之精灵,Spirit of the Mountain
34690953,2,禁呪アラマティア,禁咒 阿拉马提亚,Curse of Aramatir
34694160,3,真実の眼,真实之眼,The Eye of Truth
34695290,1,ミュートリアル・ビースト,秘异三变猛兽,Myutant Beast
34707034,3,アビスコール,深渊唤雨,Abyss-squall
34710660,1,超電磁タートル,超电磁龟,Electromagnetic Turtle
34717238,3,畳返し,叠返,Pulling the Rug
34721681,2,超重機回送,超重机回送,Heavy Forward
34743446,1,ブロッカー,碎块人,Blocker
34755994,1,聖魔の乙女アルテミス,圣魔之少女 阿耳特弥斯,"Artemis, the Magistus Moon Maiden"
34761062,1,業火の重騎士,业火之重骑士,Heavy Knight of the Flame
34761841,1,クリムゾン・リゾネーター,深红共鸣者,Crimson Resonator
34767865,2,サイバネット・リチューアル,电脑网仪式,Cynet Ritual
34771947,2,ラビリンス・ウォール・シャドウ,迷宫壁之影,Labyrinth Wall Shadow
34773082,2,魔玩具補綴,魔玩具补缀,Frightfur Patchwork
34796454,1,三連星のトリオン,三连星之特利恩,Triple Star Trion
34800281,1,メルフィー・ラッシィ,童话动物·小海豹,Melffy Pinny
34813443,3,果てなき灰滅,无尽头的灰灭,Ashened to Endlessness
34813545,2,ナチュルの春風,自然的春风,Naturia Blessing
34815282,3,ミニチュアライズ,迷你化,Miniaturize
34822850,2,煉獄の氾爛,炼狱的泛烂,Void Expansion
34830502,1,アルティメット・インセクト ＬＶ５,究极昆虫 LV5,Ultimate Insect LV5
34834619,2,光子竜降臨,光子龙降临,Luminous Dragon Ritual
34838437,2,アクセル・ライト,加速之光,Accellight
34848821,1,痕喰竜ブリガンド,痕食龙 盗兽龙,Brigrand the Glory Dragon
34853266,1,月読命,月读命,Tsukuyomi
34873741,1,妖精霊クリボン,妖精灵 缎带栗子,Kuribon the Fairy Spirit
34876719,1,Ｎ・Ａｓ・Ｈ Ｋｎｉｇｈｔ,伟人庇护战车骑士,N.As.H. Knight
34884015,2,魂のペンデュラム,魂之灵摆,Soul Pendulum
34898052,2,牙竜咆哮,牙龙咆哮,Dragoroar
34904525,1,雷風魔神－ゲート・ガーディアン,雷风魔神-门之守护神,Gate Guardian of Thunder and Wind
34906152,2,マスドライバー,质量加速器,Mass Driver
34909328,1,ライゼオル・デッドネーダー,雷火沸动死旋爆震机,Ryzeal Detonator
34923554,1,無限起動ドラグショベル,无限起动 龙铲式挖掘机,Infinitrack Drag Shovel
34933456,2,聖なる法典,神圣法典,Magistus Invocation
34945480,1,外神アザトート,外神 阿撒托斯,Outer Entity Azathot
34959756,2,リビング・フォッシル,活化石,Living Fossil
34961968,1,幻獣サンダーペガス,幻兽 雷霆飞马,Phantom Beast Thunder-Pegasus
34966096,1,カオス・ベトレイヤー,混沌叛徒,Chaos Betrayer
34968834,1,暗黒界の鬼神 ケルト,暗黑界的鬼神 凯勒特,"Lucent, Netherlord of Dark World"
34974462,1,幻奏の華楽聖ブルーム・ハーモニスト,幻奏的华乐圣 花之哈摩妮丝特,Bloom Harmonist the Melodious Composer
34976176,1,ＢＦ－雪撃のチヌーク,黑羽-雪击之奇努克,Blackwing - Chinook the Snow Blast
34989413,1,リプロドクス,复制梁龙,Reprodocus
34995106,2,白の烙印,白之烙印,Branded in White
35011819,3,エンペラー・オーダー,帝之敕命,By Order of the Emperor
35014241,2,リミットオーバー・ドライブ,破限疾驰,Limit Overdrive
35026117,1,迷宮の重魔戦車,迷宫的重魔战车,Labyrinth Heavy Tank
35027493,3,魔のデッキ破壊ウイルス,魔之卡组破坏病毒,Deck Devastation Virus
35035481,3,バージェストマ・オレノイデス,伯吉斯异兽·拟油栉虫,Paleozoic Olenoides
35035985,1,灰滅せし成れの果て,灰灭堕变者,Embers of the Ashened
35037880,2,セイバー・リフレクト,剑之反射,Saber Reflection
35050257,1,サイバー・ラーバァ,电子幼体,Cyber Larva
35052053,1,甲虫装甲騎士,甲虫装甲骑士,Insect Knight
35057188,1,Ｂ・Ｆ－革命のグラン・パルチザン,蜂军-革命之大游击阔头枪蜂,Battlewasp - Grand Partisan the Revolution
35058588,2,方界波動,方界波动,Cubic Wave
35058857,1,奇術王 ムーン・スター,奇术王 月星,Magical King Moonstar
35059553,2,カイザーコロシアム,皇帝斗技场,Kaiser Colosseum
35073065,1,イリュージョン・スナッチ,幻想夺取者,Illusory Snatcher
35089369,1,風竜星－ホロウ,风龙星-蒲牢,"Pulao, Wind of the Yang Zing"
35095329,1,Ｅ－ＨＥＲＯ ヴィシャス・クローズ,邪心英雄 堕恶爪魔,Evil HERO Vicious Claws
35098357,2,ウィッチクラフト・コンフュージョン,魔女术混乱融合,Witchcrafter Confusion Confession
35100834,3,機動砲塁 パワー・ホールド,机动炮垒 强力堡垒,Powerhold the Moving Battery
35103106,1,エヴォルカイザー・ラーズ,进化帝·黎明神龙翼龙,Evolzar Lars
35112613,1,クリフォトン,光子栗子,Kuriphoton
35125879,3,真竜皇の復活,真龙皇的复活,True King's Return
35129241,3,星屑の願い,星尘的祈愿,Stardust Wish
35146019,3,オルターガイスト・マテリアリゼーション,幻变骚灵物化,Altergeist Manifestation
35149085,3,キャトルミューティレーション,家畜虐杀,Beast Soul Swap
35151572,1,灰滅せし都の呪術師,灰灭都的咒术师,Shaman of the Ashened City
35183584,1,星遺物の守護竜メロダーク,星遗物的守护龙 米罗达克,World Legacy Guardragon Mardark
35183853,2,鏡鳴する武神,镜鸣的武神,Bujin Regalia - The Mirror
35187185,1,夢魔鏡の天魔－ネイロス,梦魔镜的天魔-涅伊洛斯,"Oneiros, the Dream Mirror Erlking"
35191415,1,マジシャン・オブ・ブラック・イリュージョン,黑幻想之魔术师,Magician of Dark Illusion
35195612,1,砂塵の騎士,沙尘之骑士,Dust Knight
35199656,1,トリックスター・マンジュシカ,淘气仙星·曼珠诗华,Trickstar Lycoris
35209994,1,ヴェルズ・フレイス,入魔巨鹰 赫拉斯,Evilswarm Hraesvelg
35215622,1,盲信するゴブリン,盲信的哥布林,Blindly Loyal Goblin
35220244,2,重力砲,重力炮,Gravity Blaster
35224440,2,剣闘訓練所,剑斗训练所,Gladiator Proving Ground
35252119,1,電脳堺獣－鷲々,电脑堺兽-鹫鹫,Virtual World Beast - Jiujiu
35255456,2,ミラクル・コンタクト,奇迹接触,Miracle Contact
35259350,2,スマイル・ユニバース,笑容宇宙,Smile Universe
35261759,2,強欲で貪欲な壺,强欲而贪欲之壶,Pot of Desires
35262428,2,賢者の聖杯,贤者的圣杯,Wiseman's Chalice
35263180,1,オオヤツ・ツマムヒメ,大点津抓食姬,Seed-Spitting Saplings
35268887,3,ダメージ・トランスレーション,伤害转化,Damage Translation
35269904,2,三戦の号,三战之号,Triple Tactics Thrust
35272499,1,捕食植物オフリス・スコーピオ,捕食植物 蜂兰蝎,Predaplant Ophrys Scorpio
35282433,1,青眼の銀ゾンビ,青色眼银僵尸,Blue-Eyed Silver Zombie
35283277,1,炎獣使いエーカ,炎兽使 埃卡,Eka the Flame Buddy
35306215,1,失楽の堕天使,失乐之堕天使,Condemned Darklord
35307484,1,マリスボラス・スプーン,食恶餐匙鬼,Malicevorous Spoon
35311929,1,陽竜果フォンリー,阳龙果 凤梨,Fengli the Soldrapom
35316708,3,刻の封印,刻之封印,Time Seal
35322812,1,人造木人１８,人造木人18,Woodborg Inpachi
35329581,3,シャドー・インパルス,暗影脉冲,Shadow Impulse
35330871,1,彼岸の鬼神 ヘルレイカー,彼岸的鬼神 马拉布兰卡,"Malacoda, Netherlord of the Burning Abyss"
35334193,1,Ｓ－Ｆｏｒｃｅ ジャスティファイ,治安战警队 正名者,S-Force Justify
35346968,3,神の恵み,神之恩惠,Solemn Wishes
35371948,2,トリックスター・ライトステージ,淘气仙星的灯光舞台,Trickstar Light Stage
35380371,3,氷結界に至る晶域,抵达冰结界的晶域,Frozen Domain of the Ice Barrier
35394356,1,達磨落師,达磨落师,Daruma Dropper
35405755,1,俱利伽羅天童,俱利伽罗天童,Kurikara Divincarnate
35419032,3,侵略の侵喰感染,侵略的侵食感染,Infestation Infection
35429292,1,ピクシーナイト,妖精骑士,Pixie Knight
35448319,1,除草獣,除草兽,Snyffus
35464895,3,デステニー・シグナル,命运标记,Destiny Signal
35479109,3,砂塵の大ハリケーン,沙尘之大飓风,Double Dust Tornado Twins
35480699,2,皆既日蝕の書,日全食之书,Book of Eclipse
35486099,2,宝玉の恵み,宝玉的恩惠,Crystal Blessing
35487920,2,Ｌｉｖｅ☆Ｔｗｉｎ チャンネル,直播☆双子频道,Live☆Twin Channel
35488287,1,寿炎星－リシュンマオ,寿炎星-李熊猫,Brotherhood of the Fire Fist - Panda
35494087,1,ＳＲビードロ・ドクロ,疾行机人 噗噗噔骷髅,Speedroid Skull Marbles
35498188,2,アクションマジック－ダブル・バンキング,动作魔法-二重倾斜转弯,Action Magic - Double Banking
35514096,1,ロードブリティッシュ,罗德不列颠号,Lord British Space Fighter
35537251,1,ＢＫ シャドー,燃烧拳击手 假想敌拳手,Battlin' Boxer Shadow
35537860,2,精神同調波,精神同调波,Synchro Blast Wave
35539880,3,正統なる血統,正统的血统,Birthright
35544402,2,ティンクル・セイクリッド,闪烁星圣,Constellar Twinkle
35546670,2,星遺物が刻む傷痕,星遗物印刻的伤痕,World Legacy Scars
35550352,2,Ｓｔａｒｔ ｆｏｒ ＶＳ！,向征服斗魂进发！,"Vanquish Soul, Start!"
35552985,2,刻まれし魔の讃聖,刻魔的赞圣,Fiendsmith's Sanct
35561352,3,セフィラの神撃,神数的神击,Zefra Divine Strike
35563539,3,精霊の鏡,精灵之镜,Mystical Refpanel
35565537,1,ヴァルキリー,女武神,Dark Witch
35569555,2,凶導の聖告,凶导的圣告,Dogmatikamatrix
35577420,3,ライト・リサイレンス,光之回弹,Light Spiral
35595518,1,リンクスレイヤー,猞猁连接杀手,Linkslayer
35606858,1,パーペチュアルキングデーモン,长世国王恶魔,Masterking Archfiend
35614780,1,光と昇華の竜,光与升华之龙,Light End Sublimation Dragon
35618217,1,月光彩雛,月光彩雏,Lunalight Kaleido Chick
35618486,1,インヴェルズの先鋭,侵入魔鬼的先锐,Steelswarm Sting
35622739,1,ジェムナイト・クォーツ,宝石骑士·石英,Gem-Knight Quartz
35629124,1,コドモドラゴン,科多莫小龙,Kidmodo Dragon
35631584,2,セイクリッドの星痕,星圣的星痕,Constellar Star Chart
35638627,1,ワーム・ウォーロード,异虫战神,Worm Warlord
35645105,1,無限起動ハーヴェスター,无限起动 收割机,Infinitrack Harvester
35659410,2,青き眼の幻出,青色眼睛的幻出,Vision with Eyes of Blue
35686187,3,断頭台の惨劇,断头台的惨剧,Tragedy
35697544,2,闘気炎斬剣,斗气炎斩剑,Fighting Flame Sword
35705817,2,幽合－ゴースト・フュージョン,幽合-幽鬼融合,Ghost Fusion
35712107,1,巨大な怪鳥,巨大怪鸟,Monstrous Bird
35726888,2,おろかな副葬,愚蠢的副葬,Foolish Burial Goods
35752363,1,朱雀,朱雀,Vermillion Sparrow
35756798,2,ファイナル・クロス,最终交错,Final Cross
35762283,2,凡骨の意地,凡人的意志,Heart of the Underdog
35763582,1,月光銀狗,月光银狗,Lunalight Silver Hound
35770983,1,ダイナレスラー・マーシャルアンキロ,恐龙摔跤手·武术甲龙,Dinowrestler Martial Ankylo
35772782,1,Ｎｏ.６７ パラダイスマッシャー,No.67 平行骰子天堂锤手,Number 67: Pair-a-Dice Smasher
35778533,2,白き森にはいるべからず,白森林禁止入内,Beware the White Forest
35781051,1,アルカナフォースＩＩＩ－ＴＨＥ ＥＭＰＲＥＳＳ,秘仪之力3-女帝,Arcana Force III - The Empress
35787450,3,エターナル・ドレッド,无尽的恐惧,Eternal Dread
35798491,1,ダークビショップデーモン,暗黑主教恶魔,Darkbishop Archfiend
35800511,1,超重武者装留バスター・ガントレット,超重武者装留 爆裂手甲,Superheavy Samurai Soulbuster Gauntlet
35803249,1,人造人間－サイコ・ロード,人造人-念力王者,Jinzo - Lord
35809262,1,Ｅ・ＨＥＲＯ フレイム・ウィングマン,元素英雄 火焰翼侠,Elemental HERO Flame Wingman
35809263,1,Ｅ・ＨＥＲＯ フレイム・ウィングマン,元素英雄 火焰翼侠,Elemental HERO Flame Wingman
35815783,2,魔鍵施解,魔键施解,Magikey World
35817848,3,シンクロ・トランスミッション,同调传送,Synchro Transmission
35818851,1,不知火の武士,不知火的武士,Shiranui Samurai
35834119,1,灯魚,灯鱼,Fish Lamp
35842855,1,炎霊神パイロレクス,炎灵神 派罗雷克斯,Pyrorex the Elemental Lord
35844557,1,ソード・ライゼオル,剑式阴极雷火沸动机,Sword Ryzeal
35848254,2,フォトン・リード,光子引导,Photon Lead
35866404,1,グランドラン,大地运转兽,Grandram
35870016,2,剛鬼フィニッシュホールド,刚鬼终结技,Gouki Finishing Move
35871958,1,ゴーストリック・フェスティバル,鬼计节,Ghostrick Festival
35877582,1,法典の守護者アイワス,法典之守护者 艾华斯,"Aiwass, the Magistus Spell Spirit"
35884610,2,Ｕ.Ａ.パワードギプス,超级运动员强化特训服,U.A. Powered Jersey
35886170,1,ゴゴゴゴブリンドバーグ,隆隆隆哥布林德伯格,Gogogo Goblindbergh
35906693,2,シャイニング・ドロー,闪光抽卡,Shining Draw
35911108,1,ランチャー・コマンダー,启动炮司令官,Launcher Commander
35950025,1,銀河騎士,银河骑士,Galaxy Knight
35952884,1,シューティング・クェーサー・ドラゴン,流天类星龙,Shooting Quasar Dragon
35956022,2,アシッドレイン,酸雨,Acidic Downpour
35960413,1,コウ・キューピット,高球小爱神,Cupid Fore
35975813,1,ジェノサイドキングデーモン,灭绝国王恶魔,Terrorking Archfiend
35984222,1,超魔神イド,超魔神 本我,Ido the Supreme Magical Force
35998832,1,溟界の漠－ゾーハ,溟界之漠-佐哈,"Zohah, the Ogdoadic Boundless"
36006208,3,彼岸の沈溺,彼岸的沉溺,Fire Lake of the Burning Abyss
36010310,1,溟界の滓－ヌル,溟界之滓-努尔,"Nunu, the Ogdoadic Remnant"
36016907,1,ジャック・ア・ボーラン,硼素死神 杰克南瓜,Jack-o-Bolan
36021814,1,ワイトキング,白骨王,King of the Skull Servants
36029076,1,地獄大百足,地狱大百足,Hundred-Footed Horror
36033786,1,サイバース・ウィザード,电子界男巫,Cyberse Wizard
36039163,1,ペンギン・ナイト,企鹅骑士,Penguin Knight
36042004,1,ベビケラサウルス,小角龙,Babycerasaurus
36042825,2,ワンショット・ワンド,一击魔杖,One-Shot Wand
36045450,2,マジシャンズ・クロス,魔术师的合击,Magicians Unite
36046926,1,森羅の水先 リーフ,森罗的水先 叶子,Sylvan Marshalleaf
36076683,1,Ｎｏ.７３ 激瀧神アビス・スプラッシュ,No.73 激泷神 渊涛,Number 73: Abyss Splash
36088082,1,ブルブレーダー,公牛剑士,Bull Blader
36092504,2,ベイオネット・パニッシャー,枪刺处刑刃,Bayonet Punisher
36099130,1,絶火の大賢者ゾロア,绝火之大贤者 琐罗亚,"Zoroa, the Magistus of Flame"
36099620,2,ジャスティス・ワールド,正义世界,Realm of Light
36100154,2,アマゾネスの闘志,亚马逊的斗志,Amazoness Fighting Spirit
36107810,1,ナイトエンド・ソーサラー,夜尽巫师,Night's End Sorcerer
36111775,2,ペンデュラム・ホルト,灵摆停顿,Pendulum Halt
36114945,1,垂氷の魔妖－雪女,垂冰之魔妖-雪女,"Yuki-Onna, the Icicle Mayakashi"
36119641,1,スペースマンボウ,太空翻车鱼,Space Mambo
36121917,1,モンスター・エッグ,怪兽蛋,Monster Egg
36148308,2,命の奇跡,生命的奇迹,Life Extreme
36151751,1,アンモ・ナイト,菊石骑士,Arma Knight
36183881,3,マジェスペクター・トルネード,威风妖怪龙卷,Majespecter Tornado
36187051,1,巌帯の美技－ゼノギタム,岩带的美技-磷钇矿吉他手,Rock Band Xenoguitar
36197902,3,星遺物の齎す崩界,星遗物招致的崩界,World Legacy Collapse
36205132,1,空牙団の伝令 フィロ,空牙团的传令 菲勒,"Filo, Messenger Fur Hire"
36211150,1,ビットロン,比特机灵,Bitron
36218106,1,寡黙なるサイコミニスター,寡默的念力牧师,Hushed Psychic Minister
36224040,2,ＲＵＭ－ゼアル・フォース,升阶魔法-异热同心之力,Rank-Up-Magic Zexal Force
36227804,1,リチュア・ビースト,遗式兽,Gishki Beast
36239585,1,ゴーストリックの妖精,鬼计妖精,Ghostrick Fairy
36247316,3,幻影騎士団ロスト・ヴァンブレイズ,幻影骑士团 失落护臂甲,The Phantom Knights of Lost Vambrace
36256625,1,スーパービークロイド－ジャンボドリル,超级交通机人-巨大钻头,Super Vehicroid Jumbo Drill
36261276,3,亜空間物質転送装置,亚空间物质传送装置,Interdimensional Matter Transporter
36262024,1,黒竜の雛,黑龙之雏,Black Dragon's Chick
36278828,1,ヴェノム・サーペント,蛇毒魔双蛇,Venom Serpent
36280194,3,補充要員,补充要员,Backup Soldier
36304921,1,魔人デスサタン,魔人 死亡撒旦,Witty Phantom
36318200,1,森の聖獣 ユニフォリア,森之圣兽 绿叶独角兽,"Uniflora, Mystical Beast of the Forest"
36319131,1,闘気炎斬龍,斗气炎斩龙,Fighting Flame Dragon
36320744,1,聖剣を巡る王姫アンジェリカ,围绕圣剑的王姬 安洁莉卡,"Angelica, Princess of Noble Arms"
36322312,1,起動提督デストロイリボルバー,起动提督 破坏旋转者,Boot-Up Admiral - Destroyer Dynamo
36326160,1,Ｌｉｖｅ☆Ｔｗｉｎ キスキル,直播☆双子 姬丝基勒,Live☆Twin Ki-sikil
36328300,3,究極宝玉陣,究极宝玉阵,Ultimate Crystal Magic
36331074,1,ガスタの疾風 リーズ,薰风的疾风 莉兹,"Reeze, Whirlwind of Gusto"
36346532,1,バージェストマ・カンブロラスター,伯吉斯异兽·寒武耙虾,Paleozoic Cambroraster
36350300,2,高尚儀式術,高尚仪式术,High Ritual Art
36352429,1,ヴァンパイア・ドラゴン,吸血鬼龙,Vampire Dragon
36354007,1,ギルフォード・ザ・ライトニング,闪电之战士 吉尔福德,Gilford the Lightning
36361633,3,威嚇する咆哮,威吓之咆哮,Threatening Roar
36368606,3,サイバネット・リフレッシュ,电脑网刷新,Cynet Refresh
36376145,3,魂の一撃,魂之一击,Soul Strike
36378044,3,ラッキーパンチ,幸运拳,Lucky Punch
36378213,1,キューキューロイド,急救机人,Ambulanceroid
36400569,3,傀儡遊儀－サービスト・パペット,傀儡游仪-服务傀儡,Service Puppet Play
36405256,1,時花の魔女－フルール・ド・ソルシエール,时花之魔女,Sorciere de Fleur
36407615,1,デーモン・カオス・キング,恶魔混沌王,Chaos King Archfiend
36415522,3,ＥＭピンチヘルパー,娱乐伙伴危机帮手,Performapal Pinch Helper
36426778,1,幻影騎士団サイレントブーツ,幻影骑士团 无声靴,The Phantom Knights of Silent Boots
36429703,1,ＲＲ－ワイズ・ストリクス,急袭猛禽-智慧林鸮,Raidraptor - Wise Strix
36436372,1,ギミック・パペット－リトル・ソルジャーズ,机关傀儡-小士兵队,Gimmick Puppet Little Soldiers
36442179,1,ＢＦ－竜巻のハリケーン,黑羽-龙卷之哈里肯,Blackwing - Hurricane the Tornado
36458063,3,魔女の一撃,魔女的一击,Witch's Strike
36468556,3,停戦協定,停战协定,Ceasefire
36472900,1,ロードランナー,小走鹃,Sonic Chick
36484016,2,ミラクルシンクロフュージョン,奇迹同调融合,Miracle Synchro Fusion
36492575,1,海晶乙女シーホース,海晶少女 海马,Marincess Sea Horse
36494597,2,テレポート・フュージョン,瞬间移动融合,Teleport Fusion
36499284,2,炎舞－「揺光」,炎舞-「瑶光」,Fire Formation - Yoko
36521307,1,斬機サーキュラー,斩机 圆武,Mathmech Circular
36521459,1,Ｓｉｎ スターダスト・ドラゴン,罪 星尘龙,Malefic Stardust Dragon
36523152,1,超重武者ビッグワラ－Ｇ,超重武者 大草鞋-G,Superheavy Samurai Big Waraji
36527535,1,ＥＭレビュー・ダンサー,娱乐伙伴 时事秀舞者,Performapal Revue Dancer
36539330,1,ジャブィアント・パンダ,流水刺拳大熊猫,Jabbing Panda
36553319,1,彼岸の悪鬼 ファーファレル,彼岸的恶鬼 法尔法雷洛,"Farfa, Malebranche of the Burning Abyss"
36556781,1,ドラグニティナイト－ゴルムファバル,龙骑兵团骑士-碧枪龙骑士,Dragunity Knight - Gormfaobhar
36560997,2,オーバー・コアリミット,超越核心界限,Core Overclock
36562627,2,セカンド・チャンス,第二次机会,Second Coin Toss
36565699,1,メンタルシーカー,精神探寻者,Mental Seeker
36569343,1,紅炎の騎士,红炎之骑士,Brushfire Knight
36577931,1,悲劇のデスピアン,悲剧之死狱乡演员,Despian Tragedy
36584821,1,紅蓮魔獣 ダ・イーザ,红莲魔兽 塔·伊沙,Gren Maju Da Eiza
36586443,3,エレメンタル・チャージ,元素充能,Elemental Recharge
36591747,3,Ａ・∀・ＴＴ,惊奇游乐设施·∀·惊险列车,Amaze Attraction Thrill Train
36607978,2,魔性の月,魔性之月,Mystical Moon
36608728,1,戦刀匠サイバ,战刀匠 再刃,Saiba the Fighting Swordsmith
36609518,1,Ｅｖｉｌ★Ｔｗｉｎ リィラ,邪恶★双子 璃拉,Evil★Twin Lil-la
36614113,1,ＤＤアーク,DD 方舟,D/D Ark
36623431,2,コアキメイルの鋼核,核成兽的钢核,Iron Core of Koa'ki Meiru
36625827,1,Ｄ－ＨＥＲＯ ドレッドサーヴァント,命运英雄 恐惧从者,Destiny HERO - Dread Servant
36629203,1,Ａ・Ｏ・Ｊ コアデストロイ,正义盟军 核灭虫,Ally of Justice Core Destroyer
36629635,1,ダンディ・ホワイトライオン,蒲公英白狮,Dandy Whitelion
36630403,1,妖刀－不知火,妖刀-不知火,Shiranui Spectralsword
36637374,2,烙印開幕,烙印开幕,Branded Opening
36643046,1,シンクロン・エクスプローラー,同调士探索者,Synchron Explorer
36668118,2,リボルブート・セクター,旋转引导扇区,Boot Sector Launch
36672909,2,再世律,再世律,Regenesis Pentateuch
36687247,1,ＴＧ ラッシュ・ライノ,科技属 突冲犀牛,T.G. Rush Rhino
36690018,3,逆転する運命,逆转的命运,Reversal of Fate
36693940,3,デストーイ・カスタム,魔玩具改造,Designer Frightfur
36694815,1,ビットルーパー,比特骑兵,Bitrooper
36704180,1,幻影騎士団フラジャイルアーマー,幻影骑士团 脆铠甲,The Phantom Knights of Fragile Armor
36708764,2,ルーレット・スパイダー,轮盘蜘蛛,Roulette Spider
36717258,1,ジュラック・モノロフ,朱罗纪单脊龙,Jurrac Monoloph
36730805,2,スピードリフト,疾行漂移,Speedlift
36733451,1,次元合成師,次元合成师,Dimensional Alchemist
36734924,1,青き眼の巫女,青色眼睛的巫女,Priestess with Eyes of Blue
36736723,1,ラッシュ・ウォリアー,突进战士,Rush Warrior
36737092,2,シンクロ・チェンジ,同调变化,Synchro Change
36742774,2,シンクロ・ワールド,同调世界,Synchro World
36745317,1,森と目覚の春化精,森与觉醒的春化精,Vernusylph of the Awakening Forests
36750412,1,炎龍,炎龙,Magna Drago
36757171,1,ヴェルズ・バハムート,入魔龙王 巴哈姆特,Evilswarm Bahamut
36768783,1,星導竜アーミライル,星导龙 阿米莱尔,"Armillyre, the Starleader Dragon"
36776089,1,神騎セイントレア,神骑 矢车菊圣人马,Sky Cavalry Centaurea
36795102,1,究極宝玉獣 レインボー・ドラゴン,究极宝玉兽 虹龙,Crystal Beast Rainbow Dragon
36809777,3,獣烈な争い,兽烈之争,Brutal Beast Battle
36821538,1,古代魔導士,古代魔导士,Ancient Sorcerer
36834155,1,フォトン・パイレーツ,光子海盗,Photon Pirate
36841733,1,Ｅ・ＨＥＲＯ グランドマン,元素英雄 宏伟侠,Elemental HERO Grandmerge
36848764,2,スウィートルームメイド,甜点室女仆,Sweet Roommaid
36849933,1,メガリス・オク,巨石遗物·奥曲,Megalith Och
36857073,1,琰魔竜 レッド・デーモン・ベリアル,琰魔龙 红莲魔·葬,Hot Red Dragon Archfiend Bane
36868108,3,ガラスの鎧,玻璃铠,Armored Glass
36870345,1,ドラグニティ－アキュリス,龙骑兵团-小标枪龙,Dragunity Aklys
36890111,2,地獄人形の館,地狱人偶之馆,Mansion of the Dreadful Dolls
36894320,3,無限械アイン・ソフ,无限械,Infinite Machine
36898537,1,メタファイズ・ホルス・ドラゴン,玄化荷鲁斯龙,Metaphys Horus
36904469,1,カクタス,卡库塔斯,Akihiron
36916401,2,バーニングナックル・スピリッツ,燃烧拳魂,Battlin' Boxing Spirits
36920182,2,世壊同心,世坏同心,Realm Resonance
36931229,1,キャッスル・ゲート,城堡之门,Castle Gate
36935434,3,バイロード・サクリファイス,小道里的牲祭,Byroad Sacrifice
36953371,1,超重神鬼シュテンドウ－Ｇ,超重神鬼 酒吞童子-G,Superheavy Samurai Ogre Shutendoji
36956512,1,怪粉壊獣ガダーラ,怪粉坏兽 加达拉,"Gadarla, the Mystery Dust Kaiju"
36970611,3,ＰＳＹフレーム・オーバーロード,PSY骨架超载,PSY-Frame Overload
36974120,1,竜葬主－ヴィブリアル,龙葬主-葬仪薇薇尔,"Vouiburial, the Dragon Undertaker"
36975314,3,大捕り物,大逮捕,Crackdown
36982581,2,リチュアの氷魔鏡,遗式的冰魔镜,Gishki Nekromirror
36995273,2,縮退回路,缩退回路,Degenerate Circuit
37006702,1,クリシュナード・ウィッチ,黑天书呆魔女,Krishnerd Witch
37007105,2,サイバーサル・サイクロン,电子世界旋风,Cybersal Cyclone
37011715,2,奇跡の蘇生,奇迹之苏生,Miraculous Rebirth
37021315,1,泥岩の霊長－マンドストロング,泥岩灵长-强壮泥岩山魈,Primineral Mandstrong
37038993,1,焔紫竜ピュラリス,焰紫龙 巨火虫,"Puralis, the Purple Pyrotile"
37042505,2,不朽の特殊合金,不朽的特殊合金,Everlasting Alloy
37043180,1,異次元の戦士,异次元的战士,D.D. Warrior
37053871,3,アストラルバリア,星光体障壁,Astral Barrier
37055344,3,ゴーストリック・ロールシフト,鬼计天旋地转,Ghostrick-Go-Round
37057012,1,サイバー・オーガ・２,电子食人魔2,Cyber Ogre 2
37057743,1,炎星皇－チョウライオ,炎星皇-晁狮,Brotherhood of the Fire Fist - Lion Emperor
37061511,1,ウォーターリヴァイアサン＠イグニスター,水海龙@火灵天星,Water Leviathan @Ignister
37083210,3,クロスカウンター,交叉反击,Cross Counter
37101832,1,墓守の番兵,守墓的番兵,Gravekeeper's Guard
37104630,1,海皇の重装兵,海皇的重装兵,Atlantean Heavy Infantry
37115575,1,Ｓｉｎ トゥルース・ドラゴン,罪 真实龙,Malefic Truth Dragon
37115973,1,ナンバーズハンター,编号系猎人,Numeral Hunter
37119142,1,コード・エクスポーター,代码导出员,Code Exporter
37120512,2,闇の破神剣,暗之破神剑,Sword of Dark Destruction
37129797,1,ヴァンパイア・サッカー,吸血鬼吸食者,Vampire Sucker
37132349,1,おジャマ・レッド,扰乱·红,Ojama Red
37160778,1,エンジェル・魔女,天使魔女,Fairywitch
37164373,1,クイーンマドルチェ・ティアラミス,魔偶甜点后·后冠提拉米苏,Madolche Queen Tiaramisu
37168514,1,ゴルゴニック・ケルベロス,蛇头地狱犬,Gorgonic Cerberus
37169670,1,ハイパーサイコガンナー／バスター,超念力枪手/爆裂体,Hyper Psychic Blaster/Assault Mode
37192109,1,ＰＳＹフレームロード・Ζ,PSY骨架王·Ζ,PSY-Framelord Zeta
37195861,1,Ｅ・ＨＥＲＯ オーシャン,元素英雄 海洋侠,Elemental HERO Ocean
37198732,2,レベル・マイスター,等级大师,Level Lifter
37209439,3,誤封の契約書,误封的契约书,Dark Contract with Errors
37231841,2,軽量化,轻量化,Lighten the Load
37241623,3,紋章の記録,纹章的记录,Heraldry Record
37243151,1,ウェザー・コントロール,气象控制员,Weather Control
37256135,2,メルフィーのおいかけっこ,童话动物的追逐游戏,Melffy Tag
37256334,1,ＥＭカード・ガードナー,娱乐伙伴 纸牌守卫者,Performapal Card Gardna
37260677,1,竜王絶火ゾロア,龙王绝火 琐罗亚,"Zoroa, the Magistus Verethragna"
37260946,1,Ｄ・イヤホン,变形斗士·耳机,Morphtronic Earfon
37261776,1,転生炎獣ヴァイオレットキマイラ,转生炎兽 堇色奇美拉,Salamangreat Violet Chimera
37265642,1,セイバーザウルス,剑角龙,Sabersaurus
37267041,1,サイレント・ソードマン ＬＶ７,沉默剑士 LV7,Silent Swordsman LV7
37279508,1,Ｎｏ.３７ 希望織竜スパイダー・シャーク,No.37 希望织龙 蜘蛛鲨,Number 37: Hope Woven Dragon Spider Shark
37300735,1,ＴＧ ジェット・ファルコン,科技属 喷气猎鹰,T.G. Jet Falcon
37310367,1,ロックアウト・ガードナー,封锁守卫者,Lockout Gardna
37313338,3,春化精の暦替,春化精的历替,Vernusylph and the Changing Season
37313348,1,タートル・タイガー,龟虎,Turtle Tiger
37313786,3,ギャンブル,赌博,Gamble
37318031,2,Ｒ－ライトジャスティス,R-正义审判,R - Righteous Justice
37322745,2,ナチュルの森,自然之森,Naturia Forest
37337327,1,ジャンク・コネクター,废品连接者,Junk Connector
37343995,1,エクソシスター・マルファ,救祓少女·马尔法,Exosister Martha
37349495,1,ナチュル・エッグプラント,自然茄子,Naturia Eggplant
37351133,1,閃刀姫－ロゼ,闪刀姬-露世,Sky Striker Ace - Roze
37354507,1,忍者マスター ＳＡＩＺＯ,忍者头领 才藏,Ninja Grandmaster Saizo
37364101,2,ストイック・チャレンジ,克己挑战,Stoic Challenge
37383714,3,魂の綱,魂之纲,Soul Rope
37390589,3,鎖付きブーメラン,附锁链的回力镖,Kunai with Chain
37405032,1,トリックスター・アクアエンジェル,淘气仙星·阿库阿安琪儿,Trickstar Aqua Angel
37406863,2,封神鏡,封神镜,Fengsheng Mirror
37412656,3,ヒーロー・ブラスト,英雄爆破,Hero Blast
37414347,1,Ｆ.Ａ.シャイニングスターＧＴ,方程式运动员 闪光赛道名星GT,F.A. Shining Star GT
37421075,3,強制退化,强制退化,Degen-Force
37421579,1,炎の騎士 キラー,炎之骑士 基拉,Charubin the Fire Knight
37426272,1,マテリアクトル・エクサレプト,原质炉艾可萨爬虫,Materiactor Exareptor
37433748,1,ＳＰＹＲＡＬ ＧＥＡＲ－ラスト・リゾート,秘旋谍装备-绝地胜机,SPYRAL GEAR - Last Resort
37436476,3,炎熱旋風壁,炎热旋风壁,Molten Whirlwind Wall
37440988,1,究極宝玉神 レインボー・オーバー・ドラゴン,究极宝玉神 虹桥龙,Rainbow Overdragon
37442336,1,コズミック・クェーサー・ドラゴン,宇宙类星龙,Cosmic Quasar Dragon
37444964,3,夢魔鏡の夢物語,梦魔镜的梦物语,Dream Mirror Fantasy
37445295,1,シャドール・ファルコン,影依猎鹰,Shaddoll Falco
37457534,2,古代の機械戦車,古代的机械战车,Ancient Gear Tank
37469904,2,デュエリスト・アドベント,决斗者降临,Duelist Alliance
37474917,1,カタパルト・ウォリアー,弹射战士,Catapult Warrior
37478723,2,『焔聖剣－デュランダル』,『焰圣剑-杜兰达尔』,"""Infernoble Arms - Durendal"""
37480144,2,アスポート,物体消失,Column Switch
37491810,1,パラメタルフォーゼ・アゾートレス,混炼装勇士·阿佐特要塞姬,Parametalfoes Azortless
37495766,1,Ｒ－ＡＣＥタービュランス,救援ACE队 涡轮湍流消防战车,Rescue-ACE Turbulence
37507488,3,モンスターレリーフ,怪兽调换,Relieve Monster
37511832,2,サルガッソの灯台,死域海的灯塔,Sargasso Lighthouse
37517035,2,アルトメギア・マスターワーク－継承－,神艺学的杰作-继承-,Artmage Masterwork - Succession
37520316,2,精神操作,精神操作,Mind Control
37531679,1,飛龍炎サラマンドラ,飞龙炎 沙罗曼达,"Salamandra, the Flying Flame Dragon"
37534148,2,リボーンリボン,苏生缎带,Ribbon of Rebirth
37542782,1,鎧皇竜－サイバー・ダーク・エンド・ドラゴン,铠皇龙-电子暗黑终结龙,Cyberdark End Dragon
37552929,1,ミレニアムーン・メイデン,千年月少女,Maiden of the Millennium Moon
37557626,1,リチュア・キラー,遗式杀手,Gishki Reliever
37561138,2,ネクロバレーの玉座,王家长眠之谷的玉座,Necrovalley Throne
37576645,3,無謀な欲張り,无谋的贪心,Reckless Greed
37580756,3,道連れ,同路人,Michizure
37582948,2,Ｌｉｖｅ☆Ｔｗｉｎ トラブルサン,直播☆双子麻烦桑,Live☆Twin Sunny's Snitch
37613663,2,千年の十字,千年十字,Millennium Ankh
37617348,1,Ｒ－ＡＣＥハイドラント,救援ACE队 消防栓,Rescue-ACE Hydrant
37620434,1,デーモン・テイマー,恶魔驯服者,Shadow Tamer
37626500,2,精霊の祝福,精灵的祝福,Sprite's Blessing
37629703,1,白銀の城の竜飾灯,白银之城的龙饰灯,Labrynth Chandraglier
37630732,2,パワー・ボンド,力量结合,Power Bond
37649320,1,バージェストマ・オパビニア,伯吉斯异兽·欧巴宾海蝎,Paleozoic Opabinia
37663536,1,古代の機械超巨人,古代的机械超巨人,Ancient Gear Megaton Golem
37675138,1,ボーンクラッシャー,白骨粉碎者,Bone Crusher
37675907,1,アクセル・シンクロン,加速同调士,Accel Synchron
37678339,1,夢魔鏡の魘魔－ネイロス,梦魔镜的魇魔-涅伊洛斯,"Oneiros, the Dream Mirror Tormentor"
37679169,1,Ｋｏｚｍｏ－デルタシャトル,星际仙踪-德尔塔穿梭机,Kozmo Delta Shuttle
37683441,1,トリックスター・ノーブルエンジェル,淘气仙星·诺布露安琪儿,Trickstar Noble Angel
37683547,1,灰燼のアルバス,灰烬之阿不思,Albaz the Ashen
37684215,2,融合武器ムラサメブレード,融合武器 村雨刀,Fusion Sword Murasame Blade
37694547,2,歯車街,齿车街,Geartown
37706769,1,冥府の執行者 プルート,冥府的执行者 普鲁托,The Executor of the Underworld - Pluto
37720300,1,スターシップ・アジャスト・プレーン,星舰调节机,Starship Adjust Plane
37721209,1,海竜－ダイダロス,海龙-泰达路斯,Levia-Dragon - Daedalus
37742478,1,オネスト,欧尼斯特,Honest
37744402,1,風霊使いウィン,风灵使 薇茵,Wynn the Wind Charmer
37745740,1,ＥＭガンバッター,娱乐伙伴 弩弓蝗虫,Performapal Bowhopper
37745919,2,ジャンクＢＯＸ,废料箱,Junk Box
37750912,2,スターダスト・イルミネイト,星尘照射,Stardust Illumination
37752990,1,ダイナミスト・ケラトプス,雾动机龙·角龙,Dinomist Ceratops
37780349,1,Ｄ－ＨＥＲＯ ダイナマイトガイ,命运英雄 炸药人,Destiny HERO - Dynatag
37781520,1,水精鱗－リードアビス,水精鳞-利兹深渊鱼,Mermail Abyssleed
37792478,1,メタボ・シャーク,代谢鲨,Metabo-Shark
37798171,1,デプス・シャーク,深鲨,Depth Shark
37799519,1,スターダスト・シンクロン,星尘同调士,Stardust Synchron
37803172,1,陽炎獣 ペリュトン,阳炎兽 佩利冬,Hazy Flame Peryton
37803970,2,アメイジング・ペンデュラム,惊异灵摆,Amazing Pendulum
37806313,1,氷結界の輸送部隊,冰结界的输送部队,Caravan of the Ice Barrier
37812118,2,カップ・オブ・エース,圣杯A,Cup of Ace
37818794,1,超魔導竜騎士－ドラグーン・オブ・レッドアイズ,超魔导龙骑士-真红眼龙骑士,Red-Eyes Dark Dragoon
37820550,2,電撃鞭,电击鞭,Electro-Whip
37829468,1,ＲＡＩ－ＪＩＮ,雷-神,Rai-Jin
37869028,1,トリプル・ヴァイパー,三头毒蛇,Hydra Viper
37880706,1,ドリトル・キメラ,小懒奇美拉,Duelittle Chimera
37890974,3,空牙団の修練,空牙团的修炼,"Training Fur Hire, Fur All Your Training Needs"
37910722,1,天穹覇龍ドラゴアセンション,天穹霸龙 龙腾,Ascension Sky Dragon
37926346,1,インヴェルズ・ローチ,侵入魔鬼·蟑蠊,Steelswarm Roach
37930737,2,重力均衡,重力均衡,Gravity Balance
37931734,3,王の襲来,王战的袭来,Generaider Boss Fight
37953640,1,竜宮の白タウナギ,龙宫的白鳝,Royal Swamp Eel
37955049,1,軍神ガープ,军神 概布,Gaap the Divine Soldier
37957847,1,インセクト・プリンセス,昆虫公主,Insect Princess
37961969,1,ティアラメンツ・ハゥフニス,珠泪哀歌族·小美人鱼,Tearlaments Havnis
37970940,1,地霊使いアウス,地灵使 奥丝,Aussa the Earth Charmer
37972500,1,グランドレミコード・ミューゼシア,大钢琴之七音服·缪塞西娅,GranSolfachord Musecia
37984162,1,ゴルゴニック・ゴーレム,蛇头石人,Gorgonic Golem
37984331,1,真エクゾディア,真艾克佐迪亚,True Exodia
37991342,1,クリフォート・ゲノム,机壳基因组 贪欲,Qliphort Helix
37993923,1,ジャンク・ガードナー,废品守卫者,Junk Gardna
38007744,1,先史遺産モアイキャリア,先史遗产 摩艾石像搬运器,Chronomaly Moai Carrier
38026562,1,超化合獣メタン・ハイド,超化合兽 甲醇双面兽,Vola-Chemicritter Methydraco
38030232,1,天威龍－サハスラーラ,天威龙-自觉蟠龙,Tenyi Spirit - Sahasrara
38033121,1,ブラック・マジシャン・ガール,黑魔术少女,Dark Magician Girl
38035986,1,レッド・エース,红A,Akakieisu
38041940,1,シード・オブ・フレイム,火焰花种,Seed of Flame
38044854,2,ЯＲＵＭ－レイド・ラプターズ・フォース,起翼升阶魔法-急袭猛禽之力,Rise Rank-Up-Magic Raidraptor's Force
38049541,1,Ａ・ジェネクス・ケミストリ,盟军·次世代合成员,Genex Ally Chemistrer
38049934,3,炎塵爆発,炎尘爆发,Dustflame Blast
38053381,2,王の舞台,王战的舞台,Generaider Boss Stage
38057522,2,大霊術－「一輪」,大灵术-「一轮」,Grand Spiritual Art - Ichirin
38082437,1,Ｄ・テレホン,变形斗士·电话,Morphtronic Telefon
38105306,3,削りゆく命,逐渐削减的生命,Life Shaver
38107923,1,ダーク・ネフティス,暗黑奈芙提斯,Dark Nephthys
38109772,1,竜の騎士,龙之骑士,Dragonic Knight
38116136,1,マシン・アタッカー,机器攻击者,Machine Attacker
38120068,2,トレード・イン,抵价购物,Trade-In
38124994,1,ファーニマル・ラビット,毛绒动物·兔子,Fluffal Rabbit
38142739,1,プチテンシ,小天使,Petit Angel
38143903,3,ヘッド・ジャッジング,头位审判,Head Judging
38148100,1,アロマセラフィ－ローズマリー,芳香炽天使-迷迭香,Aromaseraphy Rosemary
38167722,3,闇霊術－「欲」,暗灵术-「欲」,Dark Spirit Art - Greed
38173725,1,アークジェット・ライトクラフター,电弧火箭光船,Arcjet Lightcraft
38179121,2,究極進化薬,究极进化药,Double Evolution Pill
38180759,1,虚構王アンフォームド・ボイド,虚构王 无形巨洞,Unformed Void
38192988,1,真紅眼の不死竜皇,真红眼不死龙皇,Red-Eyes Zombie Dragon Lord
38199696,2,レッド・ポーション,红色药剂,Red Medicine
38203732,2,ペンデュラム・パラドックス,灵摆悖论,Pendulum Paradox
38210374,1,バク団,爆貘团,Explossum
38229962,1,大騎甲虫インヴィンシブル・アトラス,大骑甲虫 无敌擎天独角仙,Giant Beetrooper Invincible Atlas
38247752,1,ダーク・アイズ・イリュージョニスト,暗眼幻想师,Dark-Eyes Illusionist
38250531,1,紅貴士－ヴァンパイア・ブラム,红贵士-吸血鬼·布拉姆,Crimson Knight Vampire Bram
38264974,1,幻想魔獣キマイラ,幻想魔兽 奇美拉,Chimera the Illusion Beast
38265153,2,電脳エナジーショック,电脑能量震击,Cyber Energy Shock
38267552,1,夢魔鏡の黒騎士－ルペウス,梦魔镜的黑骑士-卢甫斯,"Morpheus, the Dream Mirror Black Knight"
38273745,1,ヴェルズ・ウロボロス,入魔邪龙 乌洛波洛斯,Evilswarm Ouroboros
38275183,3,八式対魔法多重結界,八式对魔法多重结界,Spell Shield Type-8
38277918,1,クレセント・ドラゴン,新月龙,Mikazukinoyaiba
38280762,1,紫炎の老中 エニシ,紫炎的老中 缘,"Enishi, Shien's Chancellor"
38289717,1,屍を貪る竜,贪尸龙,Crawling Dragon #2
38296564,3,安全地帯,安全地带,Safe Zone
38299233,3,ニードル・ウォール,刺墙,Needle Wall
38318146,3,暴君の暴力,暴君的暴力,Tyrant's Tantrum
38325384,2,魔導加速,魔导加速,Mythical Bestiary
38331564,1,光天使セプター,光天使 天杖,Star Seraph Scepter
38339996,1,Ｒ－ＡＣＥインパルス,救援ACE队 脉冲灭火员,Rescue-ACE Impulse
38342335,1,トロイメア・ユニコーン,梦幻崩影·独角兽,Knightmare Unicorn
38354937,1,レアル・ジェネクス・クロキシアン,真次世代黑机车人,Locomotion R-Genex
38356857,1,グリム・リチュア,冷酷遗式术师,Gishki Grimness
38363525,2,アンデット・ネクロナイズ,不死尸化,Zombie Necronize
38369349,1,トゥーン・ドラゴン・エッガー,卡通蛋龙,Manga Ryu-Ran
38379052,3,ＡＲＧ☆Ｓ－屠龍のエテオ,阿尔戈☆群星-屠龙的厄忒欧,Argostars - Slayer Eteo
38383368,1,エキストラケアトップス,临时保险三角龙装,Extraceratops
38395123,2,おジャマッチング,扰乱混合赛,Ojamatch
38406364,1,常夏のカミナリサマー,常夏的避暑雷神,Some Summer Summoner
38409239,3,ゴーティス・コスモス,魊影宇宙,Ghoti Cosmos
38411870,3,つり天井,吊顶,Needle Ceiling
38412161,1,霊塞術師 チョウサイ,灵塞术师 澄最,Chow Sai the Ghost Stopper
38423248,1,召喚獣マギストス・セリオン,召唤兽 大贤者兽,Invoked Magistus Omega
38430673,2,グランドクロス,大十字,Grand Convergence
38436986,3,壱世壊に軋む爪音,壹世坏摩擦的爪音,Tearlaments Metanoise
38445524,1,ギル・ガース,屠杀巨灵,Gil Garth
38450736,1,甲虫装機 ウィーグ,甲虫装机 蠼螋,Inzektor Earwig
38459905,2,Ｆ.Ａ.シェイクダウン,方程式运动员试驾,F.A. Test Run
38468214,1,エーリアン・ヒュプノ,催眠外星人,Alien Hypno
38479725,1,トロイホース,特洛伊木马,The Trojan Horse
38480590,1,女豹の傭兵,女豹佣兵,Lady Panther
38491199,1,ジャンクリボー,废品栗子球,Junkuriboh
38491852,2,ヴァルモニカ・インヴィターレ,异响鸣的邀请,Vaalmonica Invitare
38492752,1,ラヴァル・キャノン,熔岩炮手,Laval Cannon
38495396,1,セイクリッド・トレミスＭ７,星圣神龙 托勒密星团M7,Constellar Ptolemy M7
38502358,1,星痕の機界騎士,星痕之机界骑士,Mekk-Knight Spectrum Supreme
38505587,1,マシマシュマロン,增量棉花糖,Moremarshmallon
38511382,3,裏切りの罪宝－シルウィア,背叛之罪宝-森狼,Sinful Spoils of Betrayal - Silvera
38517737,1,青眼の亜白龍,青眼亚白龙,Blue-Eyes Alternative White Dragon
38520918,1,エンシェント・ドラゴン,古之龙,Ancient Dragon
38522377,1,機皇神龍アステリスク,机皇神龙 星标,Meklord Astro Dragon Asterisk
38525760,1,陽炎獣 サーベラス,阳炎兽 刻耳柏洛斯,Hazy Flame Cerbereus
38527680,2,ユニオン・アクティベーション,同盟激活,Union Activation
38528901,1,氷結界の決起隊,冰结界的决起队,Shock Troops of the Ice Barrier
38529357,1,命の代行者 ネプチューン,命之代行者 尼普顿,The Agent of Life - Neptune
38532954,2,Ｆ.Ａ.ピットストップ,方程式运动员进站,F.A. Pit Stop
38538445,1,不死之炎鳥,不死之炎鸟,Fushi No Tori
38552107,2,光の角,光之角,Horn of Light
38562933,1,ＢＦ－空風のジン,黑羽-空风之精,Blackwing - Jin the Rain Shadow
38568567,2,ワンダー・クローバー,奇异三叶草,Wonder Clover
38572779,1,幻創のミセラサウルス,幻创之混种恐龙,Miscellaneousaurus
38576155,2,女神スクルドの託宣,女神诗蔻蒂的托宣,Goddess Skuld's Oracle
38589847,2,アドバンス・フォース,上级召唤力,Advance Force
38590361,2,螺旋融合,螺旋融合,Spiral Fusion
38601126,1,破壊剣－アームズバスターブレード,破坏剑-武器破坏之剑,Robot Buster Destruction Sword
38606913,3,方界縁起,方界缘起,Cubic Causality
38625110,2,夙めてはしろ 二人ではしろ,清晨一片雪白色 两人一同雪中行,Let's Go Together
38628859,1,ダイノルフィア・ディプロス,恐啡肽狂龙·梁龙,Dinomorphia Diplos
38643567,3,甲虫装機の宝珠,甲虫装机的宝珠,Inzektor Orb
38648860,1,白き森の聖徒リゼット,白森林的圣徒 莉泽特,"Elzette, Azamina of the White Forest"
38667773,1,星因士 ベガ,星因士 织女一,Satellarknight Vega
38669664,2,原質の炉心溶融,原质炉心熔融,Materiactor Meltdown
38670435,1,暗黒恐獣,暗黑恐兽,Black Tyranno
38679204,1,ヴァイロン・ステラ,大日星状体,Vylon Stella
38680149,2,トラスト・マインド,信赖之心,Mind Trust
38694052,1,黒熔龍騎ヴォルニゲシュ,黑熔龙骑 沃尔尼吉斯,"Voloferniges, the Darkest Dragon Doomrider"
38695361,1,混沌の使者,混沌的使者,Envoy of Chaos
38699854,2,太陽の書,太阳之书,Book of Taiyou
38723936,2,クイズ,谜题,Question
38730226,1,英知の代行者 マーキュリー,英知之代行者 墨丘利,The Agent of Wisdom - Mercury
38737148,1,ライトレイ ダイダロス,光芒使者 泰达路斯,Lightray Daedalus
38742075,1,辺境の大賢者,边境的大贤者,Frontier Wiseman
38745241,1,ミニャーマドルチェ・ニャカロン,魔偶甜点小点猫·马卡龙猫咪,Madolche Mini Meowcaroons
38745520,2,騎竜ドラコバック,骑龙 驮龙,"Dracoback, the Rideable Dragon"
38757297,1,フォトン・レオ,光子狮,Photon Leo
38761908,3,バージェストマ・ディノミスクス,伯吉斯异兽·高足杯虫,Paleozoic Dinomischus
38775407,1,千年の眠りから覚めし原人,从千年长眠中觉醒的原人,Sengenjin Wakes from a Millennium
38777931,3,リリース・リバース・バースト,解放埋伏爆发,"Release, Reverse, Burst"
38783169,1,チューン・ナイト,调整鼠骑士,Squeaknight
38784726,2,転生炎獣の降臨,转生炎兽的降临,Rise of the Salamangreat
38798785,3,炎王の結襲,炎王的结袭,Echelon of the Fire Kings
38811586,1,真炎竜アルビオン,真炎龙 白界龙,Albion the Sanctifire Dragon
38814750,1,ＰＳＹフレームギア・γ,PSY骨架装备·γ,PSY-Framegear Gamma
38815069,1,ライトロード・シーフ ライニャン,光道贼猫 雷喵,"Rinyan, Lightsworn Rogue"
38834303,2,カウンタークリーナー,指示物吸除器,Counter Cleaner
38837163,1,ピューマン,豹人,"Akz, the Pumer"
38844957,3,緊急儀式術,紧急仪式术,Urgent Ritual Art
38848158,2,イグナイト・ユナイト,点火骑士团结,Igknights Unite
38891741,3,神の摂理,神之摄理,Ultimate Providence
38898779,1,ギガンテック・ファイター／バスター,巨人斗士/爆裂体,Colossal Fighter/Assault Mode
38904695,1,インフェルニティ・ヘル・デーモン,永火地狱恶魔,Infernity Doom Archfiend
38910263,1,炎王獣 ハヌマーン,炎王兽 哈奴曼,Fire King Avatar Rangbali
38916461,1,レアメタル・ソルジャー,稀有金属战士,Roboyarou
38916526,1,空牙団の英雄 ラファール,空牙团的英雄 拉法尔,"Rafale, Champion Fur Hire"
38942059,1,音女,音女,Sonic Maid
38943357,2,魔力統轄,魔力统辖,Spell Power Mastery
38955728,1,竜核の呪霊者,龙核的咒灵者,Dragon Core Hexer
38960450,3,アームズ・コール,武器呼唤,Armory Call
38973775,1,フォトン・リザード,光子蜥蜴,Photon Lizard
38975369,1,軍荼利,军荼利,Gundari
38981606,1,砂漠の守護者,沙漠守护者,Desert Protector
38982356,1,氷,冰,Hyo
38988538,1,ダイナミスト・プレシオス,雾动机龙·蛇颈龙,Dinomist Plesios
38992735,2,波動キャノン,波动加农炮,Wave-Motion Cannon
38999506,1,コスモクイーン,宇宙女王,Cosmo Queen
39000945,1,エンプレス・オブ・エンディミオン,恩底弥翁的皇后,Reflection of Endymion
39004808,1,ルート・ウォーター,根潭鱼人,Root Water
39019325,3,玉砕指令,玉碎指令,Order to Smash
39024589,1,魔界劇団－ダンディ・バイプレイヤー,魔界剧团-花花配角,Abyss Actor - Trendy Understudy
39030163,1,ギャラクシーアイズ ＦＡ・フォトン・ドラゴン,银河眼重铠光子龙,Galaxy-Eyes Full Armor Photon Dragon
39033131,3,もののけの巣くう祠,妖怪筑巢的祠堂,Haunted Shrine
39037517,1,コアキメイル・ビートル,核成甲虫,Koa'ki Meiru Beetle
39041550,1,騎甲虫スケイル・ボム,骑甲虫 鳞粉炸弹兵,Beetrooper Scale Bomber
39041729,2,時空超越,时空超越,Spacetime Transcendence
39049051,2,歌氷麗月,歌冰丽月,Kahyoreigetsu
39064822,1,トロイメア・ゴブリン,梦幻崩影·哥布林,Knightmare Goblin
39078434,1,ジャイアント・メサイア,巨蚁地狱救世主,Infinite Antlion
39091951,1,パンダボーグ,电子熊猫,Pandaborg
39103226,3,台貫計量,地磅计量,Weighbridge
39109382,2,機皇創出,机皇创出,Meklord Assembly
39111158,1,トライホーン・ドラゴン,三角魔龙,Tri-Horned Dragon
39114494,2,粛声なる祝福,肃声之祝福,Blessing of the Voiceless Voice
39118197,1,カラクリ武者 六参壱八,机巧武者 六三一八,"Karakuri Bushi mdl 6318 ""Muzanichiha"""
39122311,3,竜魂の幻泉,龙魂之幻泉,Oasis of Dragon Souls
39131963,3,デスカウンター,死亡反击,Des Counterblow
39138610,1,アコード・トーカー＠イグニスター,协心代码语者@火灵天星,Allied Code Talker @Ignister
39139935,1,Ｎｏ.３３ 先史遺産－超兵器マシュ＝マック,No.33 先史遗产-超兵器 气能,Number 33: Chronomaly Machu Mech
39153655,1,ＤＤケルベロス,DD 刻耳柏洛斯,D/D Cerberus
39163598,3,惑星汚染ウイルス,惑星污染病毒,Planet Pollutant Virus
39168895,1,怒れる類人猿,愤怒的类人猿,Berserk Gorilla
39175982,1,ダークキラー,暗黑杀手,Winged Cleaver
39180960,1,リグラス・リーパー,再造的死神,Rigorous Reaver
39185163,1,死霊王 ドーハスーラ,死灵王 恶眼,Doomking Balerdroch
39188539,1,ストーム・シューター,风暴射手,Storm Shooter
39191307,1,仮面竜,假面龙,Masked Dragon
39210885,2,天魔の聲選器－『ヴァルモニカ』,天魔之声选器-『异响鸣琴』,"Vaalmonica, the Agathokakological Voice"
39229392,1,オーバーレイ・スナイパー,叠光狙击者,Overlay Sentinel
39238953,2,天声の服従,天声的服从,Lullaby of Obedience
39239728,1,ロイヤルガード,王家守卫,Royal Guard
39246582,1,ファーニマル・ドッグ,毛绒动物·狗,Fluffal Dog
39256679,1,磁石の戦士β,磁石战士β,Beta The Magnet Warrior
39260991,1,アクアアクトレス・テトラ,水伶女·灯鱼,Aquaactress Tetra
39261576,2,パーティカル・フュージョン,颗粒融合,Particle Fusion
39271553,1,Ｆ.Ａ.カーナビゲーター,方程式运动员车载导航仪,F.A. Auto Navigator
39272762,1,超銀河眼の光子龍,超银河眼光子龙,Neo Galaxy-Eyes Photon Dragon
39275698,2,ハーピィの羽根休め,鹰身女妖的羽翼休息,Harpie's Feather Rest
39276790,3,真剣勝負,真剑胜负,Face-Off
39284521,1,マシンナーズ・カノン,机甲大炮,Machina Cannon
39299733,1,運命の戦車,命运之战车,Fortune Chariot
39303359,1,古代の機械騎士,古代的机械骑士,Ancient Gear Knight
39317553,1,旋壊のヴェスペネイト,旋坏之贯破黄蜂巢,Drill Driver Vespenato
39321065,1,サイレント・ソードマン・ゼロ,沉默剑士·零,Silent Swordsman Zero
39343610,1,ダークブレイズドラゴン,暗黑烈焰龙,Darkblaze Dragon
39354437,1,氷水のエジル,冰水之霓石精,Icejade Aegirine
39357122,1,真紅眼の凶雷皇－エビル・デーモン,真红眼凶雷皇-邪性恶魔,Red-Eyes Archfiend of Lightning
39373426,3,ＳＰＹＲＡＬ ＭＩＳＳＩＯＮ－奪還,秘旋谍任务-夺还,SPYRAL MISSION - Recapture
39387565,3,真紅眼の鎧旋,真红眼的铠旋,Return of the Red-Eyes
39389320,1,バーバリアン・キング,野蛮人国王,Battleguard King
39392286,1,ハーピィ・パフューマー,鹰身调香师,Harpie Perfumer
39396763,1,ダイナ・ベース,恐龙底座,Dyna Base
39399168,2,チャクラの復活,查克拉的复活,Resurrection of Chakra
39402797,1,トライデント・ドラギオン,三叉戟龙军王,Trident Dragion
39432962,1,ドドドウィッチ,怒怒怒魔女,Dododo Witch
39439590,1,サイバー・ダイナソー,电子恐龙,Cyber Dinosaur
39440937,2,妨害電波,妨害电波,Intercept Wave
39454112,3,出たら目,胡出乱目,That Six
39468724,1,アラドヴァルの影霊衣,毒枪龙骑士之影灵衣,Nekroz of Areadbhair
39475024,1,骸の魔妖－餓者髑髏,骸之魔妖-饿者髑髅,"Gashadokuro, the Skeletal Mayakashi"
39477584,1,魔轟神レヴュアタン,魔轰神 利威坦,Fabled Leviathan
39491690,3,アザミナ・アーフェス,蓟花之赦免,Azamina Aphes
39505816,1,炎天禍サンバーン,炎天祸 桑伯恩,Cataclysmic Scorching Sunburner
39507162,1,ブレイドナイト,刀锋骑士,Blade Knight
39512984,1,ジェムナイトマスター・ダイヤ,宝石骑士王·辉钻,Gem-Knight Master Diamond
39520293,1,ジャンク・メイル,废品盔甲,Junk Mail
39522887,1,ゴーティスの陰影スノーピオス,魊影的阴影 斯诺皮奥斯,"Snopios, Shade of the Ghoti"
39526584,3,ギフトカード,礼品卡,Gift Card
39528955,1,ヴェルスパーダ・パラディオン,剑巫之圣像骑士,Crusadia Spatha
39531794,3,ブレインハザード,脑灾害,Brain Hazard
39537362,3,旅人の試練,旅人的试练,Ordeal of a Traveler
39552584,1,暗黒界の龍神王 グラファ,暗黑界的龙神王 格拉法,"Grapha, Dragon Overlord of Dark World"
39552864,1,神聖なる球体,神圣球体,Mystical Shine Ball
39564736,2,重錬装融合,重炼装融合,Fullmetalfoes Fusion
39568067,2,運命の旅路,命运之旅路,Fateful Adventure
39581190,1,サブテラーの射手,地中族射手,Subterror Nemesis Archer
39613288,3,ダーク・スプレマシー,暗黑霸权,Dark Supremacy
39618799,1,サイバー・エンジェル－荼吉尼－,电子化天使-荼吉尼-,Cyber Angel Dakini
39622156,1,Ｎｏ.２６ 次元孔路オクトバイパス,No.26 次元孔路 绕道章鱼,Number 26: Spaceway Octobypass
39643167,1,ウサミミ導師,兔耳导师,Bunny Ear Enthusiast
39648965,1,機皇兵ワイゼル・アイン,机皇兵 神智一型,Meklord Army of Wisel
39672388,1,エヴォルダー・ダルウィノス,进化龙·达尔文翼龙,Evolsaur Darwino
39674352,1,ゴギガ・ガガギゴ,巨歧蜥·魔蜥义豪,Gogiga Gagagigo
39680372,2,創造の聖刻印,创造之圣刻印,Hieratic Seal of Creation
39695323,1,ゴゴゴジャイアント,隆隆隆巨人,Gogogo Giant
39699564,1,速炎星－タイヒョウ,速炎星-戴豹,Brotherhood of the Fire Fist - Leopard
39701395,2,調和の宝札,调和的宝札,Cards of Consonance
39703254,1,トマボー,番茄小子,Inmato
39711336,1,不死王リッチー,不死王 巫妖,Fushioh Richie
39712330,3,決戦の火蓋,决战之火盖,Cry Havoc!
39719977,2,デルタ・アタッカー,三角攻势,Delta Attacker
39730727,2,天威無崩の地,天威无崩之地,Flawless Perfection of the Tenyi
39732186,1,プロフィビット・スネーク,禁止档案蛇,Prohibit Snake
39733924,3,フル・アーマード・エクシーズ,重铠装超量,Full-Armored Xyz
39751093,1,竜宮之姫,龙宫之姬,Otohime
39752820,1,星鍵士リイヴ,星键士 利娃,Lib the World Key Blademaster
39753577,3,魔妖変生,魔妖变生,Mayakashi Metamorphosis
39761138,1,ネオフレムベル・シャーマン,新炎狱萨满,Neo Flamvell Shaman
39761418,1,アルカナフォースＸＩＸ－ＴＨＥ ＳＵＮ,秘仪之力19-太阳,Arcana Force XIX - The Sun
39765115,3,スプラッシュ・キャプチャー,飞溅捕获,Splash Capture
39765958,1,琰魔竜 レッド・デーモン,琰魔龙 红莲魔,Hot Red Dragon Archfiend
39767432,1,セベクの魔導士,塞贝克的魔导士,Sorcerer of Sebek
39774685,2,魔菌,魔菌,Vile Germs
39778366,3,スクランブル・ユニオン,同盟紧急出动,Union Scramble
39806198,1,ギミック・パペット－マグネ・ドール,机关傀儡-磁力人偶,Gimmick Puppet Magnet Doll
39817919,1,霊魂鳥－忍鴉,灵魂鸟-忍鸦,Shinobird Crow
39823987,1,太陽龍インティ,太阳龙 因蒂,Sun Dragon Inti
39829561,1,Ｄ－ＨＥＲＯ ディパーテッドガイ,命运英雄 死逝人,Destiny HERO - Departed
39838559,2,Ｆ.Ａ.サーキットＧＰ,方程式运动员赛道大奖赛,F.A. Circuit Grand Prix
39848658,2,ワイト・マスター,白骨之主,Wight Reanimator
39853199,1,妖仙獣 閻魔巳裂,妖仙兽 阎魔巳裂,Yosenju Misak
39880350,1,聖天樹の精霊,圣天树之精灵,Sunavalon Dryades
39881252,2,プレイ・ザ・ディアベル,身演恶魔迪亚贝尔,Play the Diabell
39890958,1,強化支援メカ・ヘビーアーマー,强化支援机械·重装铠甲,Heavy Mech Support Armor
39892082,1,バルーン・リザード,气球蜥蜴,Balloon Lizard
39897277,2,エルフの光,精灵之光,Elf's Light
39900763,3,異次元の邂逅,异次元的邂逅,Different Dimension Encounter
39905966,1,リチュア・マーカー,遗式纹身者,Gishki Marker
39910367,2,魔法都市エンディミオン,魔法都市 恩底弥翁,Magical Citadel of Endymion
39913299,2,真実の名,真实之名,The True Name
39915560,1,スターヴ・ヴェノム・プレデター・フュージョン・ドラゴン,凶饿毒捕食融合龙,Starving Venom Predapower Fusion Dragon
39931513,1,天盃龍パイドラ,天杯龙 白龙,Tenpai Dragon Paidra
39943352,1,液状巨人ダイダラタント,液状巨人 胀流大太郎,Daidaratant the Ooze Giant
39956951,2,封魔一閃,封魔一闪,Flash of the Forbidden Spell
39964797,1,水晶機巧－クオンダム,水晶机巧-量子刚玉白晶,Crystron Quandax
39967326,3,早すぎた復活,过早的复活,Revival of the Immortals
39972129,1,Ｎｏ.６４ 古狸三太夫,No.64 古狸 三太夫,Number 64: Ronin Raccoon Sandayu
39973386,2,表裏一体,表里一体,Duality
39978267,1,サイバー・レイダー,电子袭击者,Cyber Raider
39980304,3,チェーン・マテリアル,连锁素材,Chain Material
39984786,1,スパウン・アリゲーター,产卵短吻鳄,Spawn Alligator
39987164,1,ヴァイロン・ディシグマ,双西格马大日,Vylon Disigma
39987731,1,脅威の人造人間－サイコ・ショッカー,威胁的人造人-念力震慑者,Jinzo the Machine Menace
39996157,2,機械天使の儀式,机械天使的仪式,Machine Angel Ritual
39998992,1,エクスクローラー・シナプシス,超机怪虫·对观突触虫,X-Krawler Synaphysis
40003819,2,転臨の守護竜,转临的守护龙,Guardragon Reincarnation
40005099,2,不知火流 転生の陣,不知火流 转生之阵,Shiranui Style Synthesis
40012727,3,バスター・スラッシュ,爆裂斩,Assault Slash
40028305,1,超重武者装留シャイン・クロー,超重武者装留 光爪,Superheavy Samurai Soulclaw
40044918,1,Ｅ・ＨＥＲＯ エアーマン,元素英雄 天空侠,Elemental HERO Stratos
40048324,1,アーケイン・ファイロ,奥火法师,Arcane Apprentice
40061558,1,アポクリフォート・カーネル,隐藏的机壳内核 无神论,Apoqliphort Skybase
40080312,1,Ｅ・ＨＥＲＯ ネビュラ・ネオス,元素英雄 星云新宇侠,Elemental HERO Nebula Neos
40089744,2,混沌の場,混沌场,Gateway to Chaos
40101111,1,アルティメットサイキッカー,究极念动力体,Ultimate Axon Kicker
40110009,2,ドラゴンメイドのお召し替え,半龙女仆的更衣,Dragonmaid Changeover
40133511,1,魂を喰らう者 バズー,食魂者 巴祖,Bazoo the Soul-Eater
40139997,1,ブラッド・ローズ・ドラゴン,红莲蔷薇龙,Ruddy Rose Dragon
40140448,1,戦華の仲－孫謀,战华之仲-孙谋,Ancient Warriors - Masterful Sun Mou
40143123,1,セイクリッド・スピカ,星圣·角宿一,Constellar Virgo
40155014,3,騎士魔防陣,骑士魔防阵,Centur-Ion Phalanx
40155554,1,Ａ・マインド,盟军·头脑,Ally Mind
40159926,1,ミラー・リゾネーター,镜子共鸣者,Mirror Resonator
40160226,1,機海竜プレシオン,机海龙 蛇颈龙,Mecha Sea Dragon Plesion
40164421,1,ライトロード・メイデン ミネルバ,光道少女 密涅瓦,"Minerva, Lightsworn Maiden"
40172183,3,狭き通路,狭窄的通路,Narrow Pass
40173854,1,水陸両用バグロス,水陆两用战斗艇,Amphibious Bugroth
40177746,1,イーバ,地外生命,Eva
40189917,1,フレムベル・デスガンナー,炎狱死亡枪手,Flamvell Commando
40196604,1,ダークシェイド,暗影,Dark Shade
40200834,1,眠れる獅子,睡狮子,Sleeping Lion
40204620,3,メガリス・プロモーション,巨石遗物升格,Megalith Promotion
40213117,1,魔導弓士 ラムール,魔导弓士 拉穆尔,Amores of Prophecy
40216089,1,プラチナ・ガジェット,白金零件,Platinum Gadget
40217358,1,ブルー・ダストン,蓝尘妖,Blue Duston
40221691,1,幻惑の魔術師,幻惑之魔术师,Nightmare Magician
40225398,1,ツイン・ブレイカー,双剑破坏者,Twin-Sword Marauder
40227329,1,ＧＯ－ＤＤＤ神零王ゼロゴッド・レイジ,GO-DDD 神零王 零神·零儿,Go! - D/D/D Divine Zero King Rage
40230018,2,魔導書庫クレッセン,魔导书库 科瑞森,Spellbook Library of the Crescent
40240595,1,進化の繭,进化之茧,Cocoon of Evolution
40251688,1,焔聖騎士導－ローラン,焰圣骑士导-罗兰,Infernoble Knight Captain Roland
40252269,2,魔術師の再演,魔术师的再演,Magician's Restage
40253382,3,ＴＧ－ＳＸ１,TG-SX1,TG-SX1
40267580,1,ブレイン・ジャッカー,捕脑魔,Brain Jacker
40279770,3,黒羽の導き,黑羽的引导,Black Feather Beacon
40318957,1,ＥＭドクロバット・ジョーカー,娱乐伙伴 骷髅杂技小丑,Performapal Skullcrobat Joker
40320754,1,ロードポイズン,毒根王,Lord Poison
40343749,1,ハウスダストン,屋尘妖,House Duston
40348946,1,ハイパー・シンクロン,高超同调士,Hyper Synchron
40350910,2,おくびょうかぜ,癔病风,Timidity
40352445,1,凶導の白騎士,凶导的白骑士,White Knight of Dogmatika
40364916,2,不知火流 伝承の陣,不知火流 传承之阵,Shiranui Style Solemnity
40366667,3,霊王の波動,灵王的波动,Dominus Impulse
40371092,1,白夜の騎士ガイア,白夜之骑士 盖亚,"Gaia, the Mid-Knight Sun"
40374923,1,マンモスの墓場,猛犸的墓场,Mammoth Graveyard
40380686,1,ドロゴン・ベビー,泥龙王宝宝,Baby Mudragon
40383551,2,大寒気,大寒气,Cold Feet
40384720,1,ソニック・シューター,音速射手,Sonic Shooter
40387124,1,深淵に咲く花,开在深渊的花,Abyss Flower
40390147,1,輝光帝ギャラクシオン,辉光帝 盖勒克西恩,Starliege Lord Galaxion
40391316,1,おジャマ・ナイト,扰乱骑士,Ojama Knight
40392714,1,方界帝ゲイラ・ガイル,方界帝 疾风之盖伊罗,Geira Guile the Cubic King
40398073,1,ドラゴンメイド・ナサリー,半龙女仆·育婴龙女,Nurse Dragonmaid
40410110,1,錬金生物 ホムンクルス,炼金生物 人工生命体,Homunculus the Alchemic Being
40418351,1,鎧黒竜－サイバー・ダーク・ドラゴン,铠黑龙-电子暗黑龙,Cyberdark Dragon
40424929,1,烈華砲艦ナデシコ,烈华炮舰 抚子,Battlecruiser Dianthus
40428851,1,戦華の徳－劉玄,战华之德-刘玄,Ancient Warriors - Virtuous Liu Xuan
40441990,1,星遺物－『星鍵』,星遗物-『星键』,"World Legacy - ""World Key"""
40450317,2,同胞の絆,同胞的牵绊,Ties of the Brethren
40453765,1,バーバリアン２号,野蛮人2号,Swamp Battleguard
40456412,3,覇王龍の奇跡,霸王龙的奇迹,Miracle of the Supreme King
40460013,1,炎魔の触媒,炎魔触媒,Zalamander Catalyzer
40465719,3,凡人の施し,凡人的施舍,Common Charity
40473581,1,雷帝神,雷帝神,Susa Soldier
40493210,3,魔鍵錠－施－,魔键锭-施-,Magikey Locking
40502912,1,幻奏の音女アリア,幻奏的音女 阿莉娅,Aria the Melodious Diva
40509732,1,鬼動武者,鬼动武者,Samurai Destroyer
40516623,1,スモウ魂 ＹＯＫＯ－ＺＵＮＡ,相扑魂 横纲,Yoko-Zuna Sumo Spirit
40522482,2,スカイスクレイパー・シュート,摩天一击,Skydive Scorcher
40529384,1,エクスプロード・ウィング・ドラゴン,爆翼龙,Exploder Dragonwing
40542825,1,憑依装着－ライナ,凭依装着-莱娜,Familiar-Possessed - Lyna
40551410,3,Ｒｅｃｅｔｔｅ ｄｅ Ｐｅｒｓｏｎｎｅｌ～賄いのレシピ～,员工餐的食谱,Recette de Personnel (Staff Recipe)
40555959,3,ハンドレス・フェイク,空手假象,Phantom Hand
40575313,1,ヘルバウンド,地狱亡灵,Shadow Specter
40583194,1,フォース・リゾネーター,强要共鸣者,Force Resonator
40591390,1,Ｄ－ＨＥＲＯ ドレッドガイ,命运英雄 恐惧人,Destiny HERO - Dreadmaster
40597694,2,スキャッター・フュージョン,分散融合,Scatter Fusion
40605147,3,神の通告,神之通告,Solemn Strike
40607210,1,ヴァンパイア・グレイス,吸血鬼·格蕾丝,Vampire Grace
40619741,1,ヴァイロン・ソルジャー,大日士兵,Vylon Soldier
40619825,2,デーモンの斧,恶魔之斧,Axe of Despair
40633084,3,騎甲虫歩兵分隊,骑甲虫步兵分队,Beetrooper Squad
40633297,3,シモッチによる副作用,药物的副作用,Bad Reaction to Simochi
40634253,1,ＢＭ－４ボムスパイダー,BM-4炸弹蜘蛛,BM-4 Blast Spider
40636712,1,デストーイ・ハーケン・クラーケン,魔玩具·钩乌贼,Frightfur Kraken
40640057,1,クリボー,栗子球,Kuriboh
40659562,1,守護者スフィンクス,守护者斯芬克斯,Guardian Sphinx
40663548,1,アロマージ－マジョラム,芳香法师-马郁兰,Aromage Marjoram
40666140,1,極星霊リョースアールヴ,极星灵 光精灵,Ljosalf of the Nordic Alfar
40669071,1,エクスコード・トーカー,余码语者,Excode Talker
40672993,1,避雷神,避雷神,Lightning Rod Lord
40673853,1,超念銃士ヴァロン,超念铳士 瓦隆,"Vallon, the Psychic Skyblaster"
40678060,2,天子の指輪,天子的指轮,Angelica's Angelic Ring
40680521,1,ヴァリアンツの聚－幻中,群豪之聚-幻中,Mamonaka the Vaylantz United
40695128,1,磨破羅魏,磨破罗魏,Maharaghi
40702028,1,ＤＰＡジャンダムーア,DPA铠装骑兵,DPH Gendamoore
40703222,2,増殖,增殖,Multiply
40703393,2,冥界流傀儡術,冥界流傀儡术,The Puppet Magic of Dark Ruler
40706444,1,ＡＲＧ☆Ｓ－勇駿のアリオン,阿尔戈☆群星-勇骏之阿里翁,Argostars - Courageous Arion
40732515,1,神聖魔導王 エンディミオン,神圣魔导王 恩底弥翁,"Endymion, the Master Magician"
40736921,3,心鎮壷のレプリカ,心镇壶的复制品,Xing Zhen Hu Replica
40737112,1,混沌の黒魔術師,混沌之黑魔术师,Dark Magician of Chaos
40740224,1,クロス・キーパー,交叉看守员,Cross Keeper
40771118,3,死の宣告,死之宣告,Sentence of Doom
40785230,1,ヴェーダ＝ウパニシャッド,吠陀-优婆尼沙昙,Veda Kalarcanum
40817915,1,クリボルト,电击栗子,Kurivolt
40826495,1,マグマン,岩浆人,Dissolverock
40830387,2,古代の機械掌,古代的机械掌,Ancient Gear Fist
40838625,3,砂塵のバリア －ダスト・フォース－,沙尘防护罩 -尘埃之力-,Quaking Mirror Force
40844552,1,極星天ヴァルキュリア,极星天 女武神,Valkyrie of the Nordic Ascendant
40854197,1,Ｅ・ＨＥＲＯ アブソルートＺｅｒｏ,元素英雄 绝对零度侠,Elemental HERO Absolute Zero
40854824,2,オーバー・ザ・レインボー,飞越虹桥,Rainbow Refraction
40867519,1,静寂虫,静寂虫,Silent Insect
40884383,1,凶悪犯－チョップマン,凶恶犯-开膛手,Chopman the Desperate Outlaw
40894584,1,ジゴバイト,电豪灵蜥,Jigabyte
40907115,1,霊獣使い ウェン,灵兽使 文,Ritual Beast Tamer Wen
40908371,1,蒼眼の銀龍,苍眼银龙,Azure-Eyes Silver Dragon
40916023,1,水の精霊 アクエリア,水之精灵 阿库艾丽娅,Aqua Spirit
40921545,1,ヴェルズ・カイトス,入魔鲸人,Evilswarm Ketos
40921744,1,堕天使ゼラート,堕天使 杰拉特,Darklord Zerato
40933924,1,黒蠍盗掘団,黑蝎盗掘团,Dark Scorpion Burglars
40937767,1,グレイヴ・オージャ,墓穴食人魔,Grave Ohja
40939228,1,シューティング・セイヴァー・スター・ドラゴン,流天救世星龙,Shooting Majestic Star Dragon
40941889,1,ＺＷ－阿修羅副腕,异热同心武器-阿修罗副腕,ZW - Asura Strike
40945356,1,黄昏の中忍－ニチリン,黄昏之中忍-日轮,"Twilight Ninja Nichirin, the Chunin"
40971261,2,亡龍の旋律,亡龙之旋律,Dirge of the Lost Dragon
40975243,3,鉄獣の抗戦,铁兽的抗战,Tri-Brigade Revolt
40975574,1,レッド・リゾネーター,红莲共鸣者,Red Resonator
40991587,1,ワイト夫人,白骨夫人,The Lady in Wight
40998517,1,剣の王 フローディ,剑界王战 弗罗德王,"Frodi, Generaider Boss of Swords"
41002238,1,カイザー・グライダー－ゴールデン・バースト,帝王翔风龙-黄金爆风弹,Kaiser Glider - Golden Burst
41006930,1,速攻の黒い忍者,速攻的黑衣忍者,Strike Ninja
41039846,1,カラスの巨群,乌鸦巨群,Swarm of Crows
41044418,2,千年の啓示,千年的启示,Millennium Revelation
41061625,1,ヤシの木,椰树,Yashinoki
41077745,1,Ｅ・ＨＥＲＯ アイスエッジ,元素英雄 冰棱侠,Elemental HERO Ice Edge
41085464,2,リブロマンサー・リライジング,书灵师再崛起,Libromancer Bonded
41089128,1,炎を支配する者,火焰支配者,Flame Ruler
41090784,1,氷結界の大僧正,冰结界的大僧正,Dai-sojo of the Ice Barrier
41091257,1,ＳＰＹＲＡＬ－ダンディ,秘旋谍-花公子,SPYRAL Super Agent
41097056,2,シンクロ・クラッカー,同调破解,Synchro Cracker
41098335,1,ファイターズ・エイプ,战士猿,Ape Fighter
41113025,1,ディスクライダー,圆盘骑手,Diskblade Rider
41114306,1,方界獣ダーク・ガネックス,方界兽 暗黑之甘尼克斯,Dark Garnex the Cubic Beast
41128647,2,ダイナミックＰ,雾动阵·输力,Dinomic Powerload
41139112,2,サモン・ダイス,召唤骰子,Summon Dice
41141943,1,超重武者ヒキャ－Ｑ,超重武者 飞脚-Q,Superheavy Samurai Transporter
41142615,2,陽気な葬儀屋,开朗的殡葬师,The Cheerful Coffin
41147577,1,ＣＸ 風紀大宮司サイモン,混沌超量 风纪大宫司 祭文,CXyz Simon the Great Moral Leader
41158734,1,アポカテクイル,阿普卡提基尔,Apocatequil
41160533,1,ローズ・テンタクルス,蔷薇藤蔓,Rose Tentacles
41160595,2,コーリング・マジック,神召魔法,Spell Calling
41165831,1,破械神シャバラ,破械神 萨巴拉,Unchained Soul of Sharvara
41172955,1,グリーン・ガジェット,绿色零件,Green Gadget
41175645,1,沈黙の魔術師－サイレント・マジシャン,沉默魔术师,Silent Magician
41181774,1,地縛神 Ｗｉｒａｑｏｃｈａ Ｒａｓｃａ,地缚神 维拉科查·拉斯卡,Earthbound Immortal Wiraqocha Rasca
41182875,2,ジャベリンビートルの契約,标枪甲虫的契约,Javelin Beetle Pact
41197012,3,スカーレッド・カーペット,真红莲地毯,Red Carpet
41201386,2,ＲＵＭ－レイド・フォース,升阶魔法-急袭之力,Rank-Up-Magic Raid Force
41201555,1,コアキメイル・グラヴィローズ,核成孕妇蔷薇,Koa'ki Meiru Gravirose
41209827,1,スターヴ・ヴェノム・フュージョン・ドラゴン,凶饿毒融合龙,Starving Venom Fusion Dragon
41215808,3,ふわんだりぃずと夢の町,随风旅鸟与梦之町,Floowandereeze and the Dreaming Town
41218256,1,キラー・ザ・クロー,利爪杀手,Claw Reacher
41224658,1,野望のゴーファー,野望之高弗,Ambitious Gofer
41230939,1,サイバー・ダーク・ホーン,电子暗黑魔角,Cyberdark Horn
41232647,1,ドラゴンメイド・ハスキー,半龙女仆·龙女管家,House Dragonmaid
41234315,3,フェイク・エクスプロージョン・ペンタ,伪爆炸五星,Fake Explosion
41248270,1,トラフィックゴースト,流量幽灵,Traffic Ghost
41249545,1,グラスファントム,幻灵草,Grass Phantom
41255165,1,ペンギン忍者,企鹅忍者,Penguin Ninja
41269771,1,セイクリッド・グレディ,星圣·牛宿二,Constellar Algiedi
41302052,1,トリックスター・ベラマドンナ,淘气仙星·贝拉麦当娜,Trickstar Bella Madonna
41306080,1,ヒヤリ＠イグニスター,冰冰妖@火灵天星,Hiyari @Ignister
41307269,1,超重武者カブ－１０,超重武者 兜-10,Superheavy Samurai Kabuto
41309158,1,ＣＸ 機装魔人エンジェネラル,混沌超量 机装魔人 引擎天将,CXyz Mechquipped Djinn Angeneral
41329458,1,幻獣機グリーフィン,幻兽机 加里宁狮鹫,Mecha Phantom Beast Kalgriffin
41348446,3,デトネーション・コード,导爆代码,Detonation Code
41356845,3,硫酸のたまった落とし穴,蓄积硫酸的落穴,Acid Trap Hole
41359411,2,聖剣クラレント,圣剑 克拉伦特,Noble Arms - Clarent
41367003,2,ドロー・マッスル,抽卡肌肉,Draw Muscle
41371602,2,スタンドアップ・センチュリオン！,起立吧百夫长骑士！,Stand Up Centur-Ion!
41373230,1,灰燼竜バスタード,灰烬龙 落胤龙,Titaniklad the Ash Dragon
41375811,1,十二獣ライカ,十二兽 狗环,Zoodiac Chakanine
41382147,1,星見鳥ラリス,星见鸟 拉里斯,Rallis the Star Bird
41386308,1,マスマティシャン,数学家,Mathematician
41392891,1,グレムリン,小精怪,Feral Imp
41396436,1,冠を戴く蒼き翼,苍翼冠鸟,Blue-Winged Crown
41398771,3,老化の呪い,老化的诅咒,Curse of Aging
41403766,1,ツンドラの大蠍,冻土带的大蝎,Giant Scorpion of the Tundra
41406613,1,暗黒界の魔神王 レイン,暗黑界的魔神王 雷恩,"Reign-Beaux, Overking of Dark World"
41410651,2,斬機刀ナユタ,斩机刀 那由他,Mathmech Billionblade Nayuta
41418852,2,ヌメロン・ネットワーク,源数网络,Numeron Network
41420027,3,神の宣告,神之宣告,Solemn Judgment
41422426,1,物陰の協力者,阴暗处的协力者,Supporter in the Shadows
41426869,2,イリュージョンの儀式,幻想的仪式,Black Illusion Ritual
41431329,1,ヴァイロン・キューブ,大日立方体,Vylon Cube
41436536,1,Ｅ・ＨＥＲＯ フェニックスガイ,元素英雄 凤凰人,Elemental HERO Phoenix Enforcer
41440148,1,ＥＭディスカバー・ヒッポ,娱乐伙伴 探寻河马,Performapal Hip Hippo
41440817,3,心太砲式,心太炮式,Jelly Cannon
41442341,1,死霊操りしパペットマスター,操纵死灵的傀儡师,Puppet Master
41443249,1,Ｒ－ＡＣＥプリベンター,救援ACE队 火灾防控者,Rescue-ACE Preventer
41456841,1,究極変異態・インセクト女王,究极变异态昆虫女王,Metamorphosed Insect Queen
41458579,3,六尺瓊勾玉,六尺琼勾玉,Musakani Magatama
41462083,1,千年竜,千年龙,Thousand Dragon
41463181,1,転生炎獣ヒートライオ,转生炎兽 炽热多头狮,Salamangreat Heatleo
41470137,1,剣闘獣ベストロウリィ,剑斗兽 枪斗,Gladiator Beast Bestiari
41475424,3,機限爆弾,机限爆弹,Mektimed Blast
41482598,2,悪夢の蜃気楼,噩梦之蜃气楼,Mirage of Nightmare
41488249,3,原石の号咆,原石的号咆,Primite Howl
41493640,1,ラインモンスター Ｋホース,行列怪兽 骑士之桂马,Shogi Knight
41510920,3,神星なる因子,神星因子,Stellarnova Alpha
41517789,1,星態龍,星态龙,Star Eater
41517968,1,Ｅ・ＨＥＲＯ ダーク・ブライトマン,元素英雄 暗辉侠,Elemental HERO Darkbright
41522092,1,ＦＮｏ.０ 未来皇ホープ・ゼアル,未来No.0 未来皇 霍普·异热同心,Number F0: Utopic Future Zexal
41524885,1,エクソシスター・アソフィール,救祓少女·阿索菲勒,Exosister Asophiel
41525660,1,ヴァリアンツの忍者－南月,群豪之忍者-南月,Nazuki the Vaylantz Ninja
41544074,1,カオス・ウィザード,混沌男巫,Kamionwizard
41554273,3,ダイナミスト・ラッシュ,雾动机龙突进,Dinomist Rush
41562624,1,不知火の武部,不知火的武部,Shiranui Squire
41578483,1,ミレニアム・アイズ・サクリファイス,千年眼纳祭神,Millennium-Eyes Restrict
41587307,2,折れ竹光,折断的竹光,Broken Bamboo Sword
41589166,1,天下人 紫炎,天下人 紫炎,Tenkabito Shien
41613948,1,Ｄ－ＨＥＲＯ デビルガイ,命运英雄 恶魔人,Destiny HERO - Doom Lord
41619242,2,肆世壊からの天跨,来自肆世坏的天跨,Scareclaw Straddle
41620959,2,竜の霊廟,龙之灵庙,Dragon Shrine
41628550,1,超重武者ワカ－Ｏ２,超重武者 鬼若-O2,Superheavy Samurai Blue Brawler
41639001,1,聖刻龍－ドラゴンヌート,圣刻龙-半龙努特,Hieratic Dragon of Nuit
41659072,1,熾天龍 ジャッジメント,炽天龙 裁决,"Judgment, the Dragon of Heaven"
41685633,1,雷神龍－サンダー・ドラゴン,雷神龙-雷龙,Thunder Dragon Titan
41705642,1,サルベージ・ウォリアー,打捞战士,Salvage Warrior
41721210,1,竜騎士ブラック・マジシャン,龙骑士 黑魔术师,Dark Magician the Dragon Knight
41722932,2,ダーク・ジェノサイド・カッター,暗黑灭绝切割,Dark Mambele
41729254,1,翼の魔妖－波旬,翼之魔妖-波旬,"Hajun, the Winged Mayakashi"
41735184,2,黒魔術の継承,黑魔术的继承,Dark Magic Inheritance
41739381,1,機械仕掛けの騎士,机械驱动的骑士,Clockwork Knight
41741922,1,ラヴァ・ドラゴン,熔岩龙,Lava Dragon
41753322,1,竜脚獣ブラキオン,龙脚兽 腕龙,Sauropod Brachion
41762634,1,吸血ノミ,吸血跳蚤,Giant Flea
41767843,1,幻奏の音女スコア,幻奏的音女 丝可尔,Score the Melodious Diva
41773061,2,Ｖｏｉｃｉ ｌａ Ｃａｒｔｅ～メニューはこちら～,这是菜单,Voici la Carte (Today's Menu)
41782653,1,オーバーテクス・ゴアトルス,超顶科技血神翼龙,Overtex Qoatlus
41788781,1,極星獣グルファクシ,极星兽 古尔法克西,Guldfaxe of the Nordic Beasts
41790641,2,エレキングダム,电气王国,Wattkingdom
41802073,1,ヴァリアンツＶ－ヴァイカント,群豪之电击者-子爵,Vaylantz Voltage Viscount
41803903,2,魔界台本「ロマンティック・テラー」,魔界台本「浪漫的告白者」,Abyss Script - Romantic Terror
41830887,1,複写機塊コピーボックル,复写机块 复印小矮人,Appliancer Copybokkle
41850466,2,ヌメロン・カオス・リチューアル,源数混沌仪式,Numeron Chaos Ritual
41855169,1,昇霊術師 ジョウゲン,升灵术师 奘玄,Jowgen the Spiritualist
41858121,2,ヴァイロン・マター,大日物质,Vylon Matter
41859700,1,燃える藻,燃藻,Burning Algae
41867019,3,魔妖遊行,魔妖游行,Mayakashi Mayhem
41872150,1,イナゴの軍勢,蝗虫的军势,Swarm of Locusts
41902352,1,ＢＦ－東雲のコチ,黑羽-东云之东风,Blackwing - Kochi the Daybreak
41908872,1,覇王眷竜ライトヴルム,霸王眷龙 光辉亚龙,Supreme King Dragon Lightwurm
41916534,1,鉄のハンス,铁汉斯,Iron Hans
41924516,1,白き森の魔狼シルウィア,白森林的魔狼 森狼,"Silvera, Wolf Tamer of the White Forest"
41925941,3,冥王の咆哮,冥王的咆哮,Bark of Dark Ruler
41927278,2,脆刃の剣,脆刃之剑,Double-Edged Sword
41930553,3,暗黒の瘴気,暗黑瘴气,Dark Smog
41933425,2,コンタクト・ゲート,接触之门,Contact Gate
41940225,2,破壊剣士融合,破坏剑士融合,Destruction Swordsman Fusion
41949033,1,闇の暗殺者,暗之暗杀者,Dark Assailant
41952656,1,イマイルカ,寻你海豚,Imairuka
41978142,1,霞の谷の執行者,霞之谷的执行者,Mist Valley Executor
41999284,1,リンクリボー,连接栗子球,Linkuriboh
42002073,1,ＥＭトランプ・ガール,娱乐伙伴 扑克少女,Performapal Trump Girl
42006475,1,守護神官マナ,守护神官 玛娜,Palladium Oracle Mana
42009836,1,フォッシル・ダイナ パキケファロ,化石恐龙 肿头龙,Fossil Dyna Pachycephalo
42015635,2,ネオスペース,新宇宙,Neo Space
42021064,1,機動石器ドグラード,机动石器 塔庙土偶,"Dogurad, the Stonetrooper"
42023223,1,電磁石の戦士α,电磁石战士α,Alpha The Electromagnet Warrior
42024143,1,ＸＸ－セイバー ガルドストライク,XX-剑士 加德斯特莱克,XX-Saber Gardestrike
42029847,1,幻奏の音女セレナ,幻奏的音女 塞瑞娜,Serenade the Melodious Diva
42035044,1,漆黒の豹戦士パンサーウォリアー,漆黑之豹战士,Panther Warrior
42052439,1,キリビ・レディ,切火女郎,Fire Flint Lady
42055234,1,ドラゴンメイド・フランメ,半龙女仆·赤焰龙女,Dragonmaid Tinkhec
42071342,1,暗黒の海竜兵,暗黑之海龙兵,Sea Serpent Warrior of Darkness
42079445,3,ロスト・スター・ディセント,失星降落,Descending Lost Star
42081767,1,きのみ隠しのうっかりす,隐藏坚果的粗心松鼠,Secret Stash Slipshod Squirrel
42082363,1,ガスタ・グリフ,薰风狮鹫,Gusto Griffin
42090294,1,レプティレス・ニャミニ,爬虫妖女·尼亚米尼,Reptilianne Nyami
42097666,1,青き眼の精霊,青色眼睛的精灵,Spirit with Eyes of Blue
42104806,2,希望の天啓,希望之天启,Revelation of Hope
42110434,1,ナチュル・バタフライ,自然蝴蝶,Naturia Butterfly
42110604,1,ＨＳＲチャンバライダー,高速疾行机人 比剑骑手,Hi-Speedroid Chanbara
42129512,1,ビッグ・コアラ,巨大树熊,Big Koala
42141493,1,マルチャミー・フワロス,欢聚友伴·茸茸长尾山雀,Mulcharmy Fuwalos
42143067,1,怒気土器,怒气土器,Doki Doki
42149850,2,使い捨て学習装置,一次性学习装置,Disposable Learner Device
42155488,1,ジェノミックス・ファイター,基因组斗士,Genomix Fighter
42158279,3,ドラグマトゥルギー,凶导剧作术,Dogmatikaturgy
42160203,1,覇王眷竜ダーク・リベリオン,霸王眷龙 暗叛逆,Supreme King Dragon Dark Rebellion
42166000,1,神・スライム,神·史莱姆,Egyptian God Slime
42167046,3,グレイモヤ不発弾,万能地雷未爆弹,Widespread Dud
42172465,3,創星改帰,创星改归,World Reassembly
42175079,3,大噴火,大喷火,Volcanic Eruption
42193638,2,ヴァルモニカ・ヴェルサーレ,异响鸣的倒水,Vaalmonica Versare
42198835,1,外法の騎士,外法之骑士,Illegal Knight
42199039,2,妖刀竹光,妖刀竹光,Cursed Bamboo Sword
42201897,3,アザミナ・ハマルティア,蓟花之罪,Azamina Determination
42209438,1,真魔六武衆－キザン,真魔六武众-辉斩,Legendary Lord Six Samurai - Kizan
42216237,1,ゼラの天使,杰拉的天使,Angel of Zera
42228966,2,戦場の惨劇,战场的惨剧,Battlefield Tragedy
42230449,1,Ｎｏ.２ ゲート・オブ・ヌメロン－ドゥヴェー,No.2 源数之门-贰,Number 2: Numeron Gate Dve
42233477,3,バーバリアン・レイジ,野蛮人之怒,Battleguard Rage
42237854,3,機動要塞 メタル・ホールド,机动要塞 铁堡垒,Metalhold the Moving Blockade
42239546,1,Ｃ・モーグ,茧状体·小鼹鼠,Chrysalis Mole
42256406,1,カードブロッカー,卡片防卫士,Card Blocker
42280216,1,太陽の神官,太阳之神官,Oracle of the Sun
42291297,1,花札衛－雨四光－,花札卫-雨四光-,Flower Cardian Lightshower
42303365,1,レプティレス・バイパー,爬虫妖蛇,Reptilianne Viper
42307760,1,蕾禍ノ大王鬼牙,蕾祸之大王鬼牙,Ragnaraika Stag Sovereign
42309337,3,カウンター・カウンター,反击反击,Counter Counter
42314669,2,完全防音壁,完全防音壁,Soundproofed
42328171,1,ゼンマイバット,发条蝙蝠,Wind-Up Bat
42338879,1,こけコッコ,喔喔公鸡,Cockadoodledoo
42348802,1,トラコドン,虎纹龙,Trakodon
42352091,1,ヌメロン・ウォール,源数之壁,Numeron Wall
42364257,3,避雷針,避雷针,Anti Raigeki
42364374,1,アーマード・フライ,甲蝇,Arsenal Bug
42377643,1,うにの軍貫,海胆军贯,Gunkan Suship Uni
42378577,3,ペンデュラム・スイッチ,灵摆切换,Pendulum Switch
42382265,1,ＤＤスケール・サーベイヤー,DD 刻度测量员,D/D Scale Surveyor
42386471,1,トゥーン・ヂェミナイ・エルフ,卡通双生精灵,Toon Gemini Elf
42388271,1,星遺物－『星櫃』,星遗物-『星柜』,"World Legacy - ""World Ark"""
42391240,1,セイクリッド・アンタレス,星圣·心宿二,Constellar Antares
42418084,1,誕生の天使,诞生的天使,Winged Egg of New Life
42421606,1,Ｎｏ.８５ クレイジー・ボックス,No.85 狂箱,Number 85: Crazy Box
42425831,3,雷遁封印式,雷遁封印式,Sealing Ceremony of Raiton
42427230,1,ディーヴジャン,分裂机器人,Division
42429678,1,ブルル＠イグニスター,抖抖妖@火灵天星,Bururu @Ignister
42431833,2,スプライト・ガンマ・バースト,卫星闪灵伽马暴,Spright Gamma Burst
42431843,1,魔天老,魔天老,Ancient Brain
42444868,3,輪廻のパーシアス,轮回之珀耳修斯,Rebirth of Parshath
42461852,2,サイバネット・ストーム,电脑网风暴,Cynet Storm
42463414,1,ニードル・ギルマン,刺鱼人,Spined Gillman
42469671,2,超電導波サンダーフォース,超电导波 雷击炮,Thunderforce Attack
42472002,1,聖騎士コルネウス,圣骑士 康尼厄斯,Noble Knight Custennin
42493140,1,従騎士トゥルーデア,从骑士 特露迪娅,Centur-Ion Trudea
42502956,2,エアーズロック・サンライズ,艾尔斯岩的日出,Ayers Rock Sunrise
42510430,2,サンセット・ビート,日落浪拍,Sunset Beat
42516299,2,ファイヤー・バック,火焰回归,Fire Recovery
42517468,1,おジャマ・ピンク,扰乱·粉,Ojama Pink
42534368,2,黙する死者,沉默的死者,Silent Doom
42541548,1,鬼ゴブリン,鬼哥布林,Coach Goblin
42542842,1,麗の魔妖－妲姫,丽之魔妖-妲姬,"Dakki, the Graceful Mayakashi"
42544773,1,封印の魔導士スプーン,封印之魔导士 斯彭,"Spoon, the Seal of Magistus"
42548470,2,揺れる発条秤,摇晃的发条秤,Weights & Zenmaisures
42551040,1,武神器－イクタ,武神器-生,Bujingi Boar
42560034,2,夜の逃飛行,夜之逃飞行,Night Flight
42562690,1,ＥＭアメンボート,娱乐伙伴 小艇水黾,Performapal Skeeter Skimmer
42566602,1,瑚之龍,瑚之龙,Coral Dragon
42577802,2,フュージョン・ミュートリアス,融合秘异三变联体,Myutant Fusion
42578427,3,ねずみ取り,捕鼠夹,Eatgaboon
42589641,1,星輝士 トライヴェール,星辉士 冬三角,Stellarknight Triverr
42591472,1,笑う花,笑花,Laughing Flower
42592719,1,剣闘獣アレクサンデル,剑斗兽 亚历山大,Gladiator Beast Alexander
42596828,1,龍狸燈,龙狸灯,Dracoon Lamp
42598242,2,スペシャルハリケーン,特殊飓风,Special Hurricane
42599677,1,フレイムキラー,火焰杀手,Flame Champion
42600274,1,サイバー・チュチュボン,电子化芭蕾练习裙,Cyber Tutubon
42620460,3,クロノダイバー・パワーリザーブ,时间潜行者动力储存,Time Thief Power Reserve
42625254,1,ベビー・ティーレックス,小霸王龙,Little D
42632209,1,炎斬機ファイナルシグマ,炎斩机 终末西格马,Geomathmech Final Sigma
42647539,1,ガーゴイルの道化師,石像怪道化师,Ryu-Kishin Clown
42664989,2,天よりの宝札,天降的宝札,Card of Sanctity
42671151,3,フリッグのリンゴ,芙莉嘉的苹果,The Golden Apples
42679662,1,ヴェルズ・アザトホース,入魔浑沌 阿撒托斯,Evilswarm Azzathoth
42682609,1,Ｃ・ドルフィーナ,茧状体·小海豚,Chrysalis Dolphin
42685062,1,地獄からの使い,来自地狱的使者,Emissary from Pandemonium
42703248,2,ハリケーン,飓风,Giant Trunade
42705243,3,御巫の契り,御巫之契,Mikanko Promise
42709949,2,守護神の矛,守护神之矛,Phalanx Pike
42713844,1,サブテラーマリス・リグリアード,地中族邪界兽·利古钻土蜥,Subterror Behemoth Umastryx
42717221,1,サイバース・クロック・ドラゴン,电子界时钟龙,Cyberse Clock Dragon
42737833,1,ＸＸ－セイバー エマーズブレイド,XX-剑士 埃默斯布莱德,XX-Saber Emmersblade
42741437,1,エクソシスター・ミカエリス,救祓少女·米迦埃莉丝,Exosister Mikailis
42752141,1,エヴォルカイザー・ドルカ,进化帝·翔龙,Evolzar Dolkka
42776855,3,追走の翼,追赶之翼,Follow Wing
42776960,3,魂のリレー,魂之接力,Relay Soul
42790071,1,オルターガイスト・マルチフェイカー,幻变骚灵·多功能诈骗者,Altergeist Multifaker
42793609,3,極星宝ブリージンガ・メン,极星宝 布里希嘉·曼,Nordic Relic Brisingamen
42810973,1,ジャンク・アーチャー,废品弓手,Junk Archer
42822433,1,星騎士 アルテア,星骑士 牛郎星,Tellarknight Altairan
42829885,2,強引な番兵,强引的番兵,The Forceful Sentry
42851643,1,穿孔重機ドリルジャンボ,穿孔重机 凿岩台车,Jumbo Drill
42868711,1,幻影のゴラ亀,幻影筮龟,Gora Turtle of Illusion
42874792,1,ゼンマイラビット,发条兔,Wind-Up Rabbit
42878636,1,古代の機械猟犬,古代的机械猎犬,Ancient Gear Hunting Hound
42880485,1,超重輝将ヒス－Ｅ,超重辉将 翡翠-E,Superheavy Samurai General Jade
42883273,1,森の住人 ウダン,森之住人 乌丹,Wodan the Resident of the Forest
42899204,3,死配の呪眼,死配之咒眼,Evil Eye Mesmerism
42901635,1,電磁石の戦士マグネット・ベルセリオン,电磁石战士 电磁狂神,Berserkion the Electromagna Warrior
42908201,1,デスマニア・デビル,死魔袋獾,Desmanian Devil
42921475,1,妖精伝姫－ターリア,妖精传姬-塔利娅,Fairy Tail - Sleeper
42925441,3,フォトン・チェンジ,光子变身,Photon Change
42932862,1,冥占術姫タロットレイス,冥占术姬 塔罗幽巫女,Prediction Princess Tarotreith
42940404,1,マシンナーズ・ギアフレーム,机甲机械骨架,Machina Gearframe
42941100,1,おジャマ・イエロー,扰乱·黄,Ojama Yellow
42945701,3,火霊術－「紅」,火灵术-「红」,Spiritual Fire Art - Kurenai
42952160,3,冥府の合わせ鏡,冥府的两镜相照,Split Mirror of the Underworld
42956963,3,ナイトメア・デーモンズ,梦魇恶魔群,Nightmare Archfiends
42969214,1,アイアイアン,钢铁指猴,Aye-Iron
42994702,1,さまようミイラ,彷徨的木乃伊,Wandering Mummy
43002864,1,レプティレス・ガードナー,爬虫妖女守卫者,Reptilianne Gardna
43004235,3,海造賊－祝宴,海造贼-祝宴,Plunder Patroll Parrrty
43011492,2,惨禍の呪眼,惨祸之咒眼,Evil Eye Confrontation
43014054,1,バイス・バーサーカー,恶狂战士,Vice Berserker
43017476,1,デューテリオン,氘素龙,Duoterion
43034264,2,機殻の要塞,机壳的要塞,Laser Qlip
43040603,2,モンスターゲート,怪兽之门,Monster Gate
43047672,1,ＲＲ－ファイナル・フォートレス・ファルコン,急袭猛禽-最终要塞猎鹰,Raidraptor - Final Fortress Falcon
43061293,3,ファイアーダーツ,火焰飞镖,Fire Darts
43096270,1,アレキサンドライドラゴン,紫翠玉龙,Alexandrite Dragon
43114901,1,ジェムナイト・サニクス,宝石骑士·红缟,Gem-Knight Sardonyx
43129357,1,蕾禍ノ武者髑髏,蕾祸之武者髑髅,Ragnaraika Skeletal Soldier
43138260,1,エクシーズ・リモーラ,超量印鲛,Xyz Remora
43140791,2,ワーム・ベイト,虫饵,Worm Bait
43143567,1,黄金郷のアンヘルカイド,黄金乡的堕落天使,Fallen Angel of the Golden Land
43147039,1,フォトン・バニッシャー,光子驱逐者,Photon Vanisher
43175027,1,極氷獣ブリザード・ウルフ,极冰兽 雪暴狼,Glacial Beast Blizzard Wolf
43175858,2,トゥーン・キングダム,卡通王国,Toon Kingdom
43191636,1,竜影魚レイ・ブロント,龙影鱼 雷龙鳐,Phantom Dragonray Bronto
43202238,1,邪竜星－ガイザー,邪龙星-睚眦,"Yazi, Evil of the Yang Zing"
43210483,1,音響戦士ギタリス,音响战士 吉他乐手,Symphonic Warrior Guitariss
43215738,3,メメント・フラクチャー・ダンス,莫忘骨折舞,Mementotlan Fracture Dance
43218406,1,機巧辰－高闇御津羽靇,机巧辰-高暗御津羽靇,"Gizmek Okami, the Dreaded Deluge Dragon"
43219114,3,白き龍の威光,白龙的威光,Majesty of the White Dragons
43225434,2,決闘融合－バトル・フュージョン,决斗融合,Battle Fusion
43228023,1,青眼の究極亜竜,青眼究极亚龙,Blue-Eyes Alternative Ultimate Dragon
43230671,1,古代のトカゲ戦士,古代的蜥蜴战士,Ancient Lizard Warrior
43236494,2,Ｆａｉｒｙ Ｔａｌｅ 序章 旅立ちの暁光,童话故事 序章 启程的曙光,Fairy Tale Prologue: Journey's Dawn
43237273,1,Ｎ・ブラック・パンサー,新空间侠·黑暗豹,Neo-Spacian Dark Panther
43241495,1,ＥＭトランポリンクス,娱乐伙伴 蹦床猞猁,Performapal Trampolynx
43250041,3,ドレインシールド,吸收盾,Draining Shield
43256007,1,氷結界の随身,冰结界的随身,Zuijin of the Ice Barrier
43262273,3,紅蓮の指名者,红莲之指名者,Appointer of the Red Lotus
43266605,1,ＰＳＹフレーム・マルチスレッダー,PSY骨架多线人,PSY-Frame Multi-Threader
43268675,1,幻奏の音女オペラ,幻奏的音女 欧佩拉,Opera the Melodious Diva
43270827,3,セリオンズ・クロス,兽带斗神交叉反击,Therion Cross
43316238,1,未界域のビッグフット,未界域的大脚怪,Danger! Bigfoot!
43318266,1,雲魔物－キロスタス,云魔物-卷层云,Cloudian - Cirrostratus
43321985,1,エンシェント・フェアリー・ライフ・ドラゴン,古代妖精生命龙,Ancient Fairy Life Dragon
43331750,3,融合複製,融合复制,Fusion Duplication
43332022,1,ジュラック・ガリム,朱罗纪似鸡龙,Jurrac Gallim
43338320,2,冥骸府－メメントラン,冥骸府-莫忘冥府,Mementomictlan
43340443,3,キックバック,反冲,Forced Back
43341600,3,フライアのリンゴ,福瑞雅的苹果,Apple of Enlightenment
43352213,1,キャット・レディ,猫女郎,Nekogal #2
43359262,1,エレクトロ軍曹,电力军曹,Sergeant Electro
43363035,1,地下牢の徊神,地下牢的徊神,Wandering Titan of Tartarus
43366227,1,セブン・ソード・ウォリアー,七剑战士,Seven Swords Warrior
43378048,1,混沌幻魔アーミタイル,混沌幻魔 阿米泰尔,Armityle the Chaos Phantasm
43378076,1,羅刹,罗刹,Rasetsu
43383478,2,ＲＵＭ－ラプターズ・フォース,升阶魔法-猛禽之力,Rank-Up-Magic Raptor's Force
43385557,1,マジカル・アンドロイド,魔力人造人,Magical Android
43387895,1,覇王眷竜スターヴ・ヴェノム,霸王眷龙 凶饿毒,Supreme King Dragon Starving Venom
43405287,3,Ｄ－チェーン,D-锁链,D - Chain
43411769,1,守護竜ガルミデス,守护龙 加尔米德,Guardragon Garmides
43413875,1,花札衛－芒に月－,花札卫-芒上月-,Flower Cardian Zebra Grass with Moon
43417563,2,踊りによる誘発,诱发之舞,Commencement Dance
43422537,2,二重召喚,二重召唤,Double Summon
43426903,1,レプティレス・ゴルゴーン,爬虫妖女·戈耳工,Reptilianne Gorgon
43434803,2,浅すぎた墓穴,过浅的墓穴,The Shallow Grave
43436049,1,ジャンク・ブレイカー,废品破坏者,Junk Breaker
43452193,3,異次元トンネル－ミラーゲート－,异次元隧道-镜之门-,Mirror Gate
43455065,2,魔力の泉,魔力之泉,Magical Spring
43464884,1,妖海のアウトロール,妖海的巨魔歹徒,Three Trolling Trolls
43476205,2,ＲＵＭ－レヴォリューション・フォース,升阶魔法-革命之力,Rank-Up-Magic Revolution Force
43487744,3,ホワイト・ホール,白洞,White Hole
43490025,1,ＦＮｏ.０ 未来皇ホープ－フューチャー・スラッシュ,未来No.0 未来皇 霍普-未来斩,Number F0: Utopic Future Slash
43500484,1,魔界のイバラ,魔界之棘,Darkworld Thorns
43502497,1,ペンデュラム・ウィッチ,灵摆魔女,Pendulum Witch
43509019,3,トゥーン・ディフェンス,卡通防御,Toon Defense
43513897,1,セイクリッド・アクベス,星圣·柳宿增三,Constellar Acubens
43527730,2,御巫の水舞踏,御巫的水舞蹈,Mikanko Water Arabesque
43528009,2,星の金貨,星星金币,Gold Moon Coin
43530283,1,勇気の砂時計,勇气之沙漏,Hourglass of Courage
43534808,1,トークンコレクター,衍生物收集者,Token Collector
43543777,1,伊弉波,伊奘波,Izanami
43573231,1,幻蝶の刺客モルフォ,幻蝶刺客 闪蝶,Morpho Butterspy
43575579,2,アフター・グロー,残照,Afterglow
43577607,2,竜星の気脈,龙星的气脉,Yang Zing Prana
43580269,1,エメス・ザ・インフィニティ,无限真理,Emes the Infinity
43582229,2,氷結界の晶壁,冰结界的晶壁,Freezing Chains of the Ice Barrier
43583400,1,アンチエイリアン,抗锯齿星人,Antialian
43586926,1,ドル・ドラ,多尔·多拉,Twin-Headed Behemoth
43598843,1,ギミック・パペット－テラー・ベビー,机关傀儡-恐怖婴儿,Gimmick Puppet Terror Baby
43618262,3,初買い,初买,Hatsugai
43633088,3,緊急アポート,紧急物体显形,Emergency Apport
43641473,2,移り気な仕立屋,善变的裁缝师,Tailor of the Fickle
43642620,1,マンモス・ゾンビ,猛犸僵尸,Zombie Mammoth
43644025,2,コクーン・リボーン,茧状体再生,Cocoon Rebirth
43658697,2,Ｕ.Ａ.フラッグシップ・ディール,超级运动员王牌转队,U.A. Signing Deal
43661068,2,星に願いを,望星许愿,"Star Light, Star Bright"
43664494,2,プランキッズ・プランク,调皮宝贝捣蛋记,Prank-Kids Pranks
43685562,3,Ｊｏ－Ｐ.Ｕ.Ｎ.Ｋ.デンジャラス・ガブ,净琉璃朋克危险口裂,Joruri-P.U.N.K. Dangerous Gabu
43694075,2,ローの祈り,法理的祈祷,Novox's Prayer
43694481,1,ブリザード・ファルコン,雪暴猎鹰,Blizzard Falcon
43694650,1,未界域のジャッカロープ,未界域的鹿角兔,Danger!? Jackalope?
43697559,1,ジェット・ロイド,喷气机人,Jetroid
43698897,2,デストーイ・ファクトリー,魔玩具工厂,Frightfur Factory
43708041,3,陽炎光輪,阳炎光轮,Hazy Glory
43708640,1,ミノケンサテュロス,牛马林神,Minoan Centaur
43709490,1,被検体ミュートリアＧＢ－８８,被检体 秘异三变体GB-88,Myutant GB-88
43711255,2,禁止令,禁止令,Prohibition
43714890,1,人投げトロール,投人的巨魔,Man-Thro' Tro'
43716289,1,ポイズンマミー,剧毒木乃伊,Poison Mummy
43722862,1,ＷＷ－アイス・ベル,风魔女-冰铃,Windwitch - Ice Bell
43730887,1,ホールディング・アームズ,拘束臂,Holding Arms
43735670,1,海晶乙女ブルースラッグ,海晶少女 青高海牛,Marincess Blue Slug
43739056,1,天孔邪鬼,天孔邪鬼,Amanokujaki
43748308,1,微炎星－リュウシシン,微炎星-龙史进,Brotherhood of the Fire Fist - Dragon
43751755,1,Ｃ・パンテール,茧状体·小黑豹,Chrysalis Pantail
43785278,1,フーコーの魔砲石,傅科魔炮石,Foucault's Cannon
43791861,1,鳳王獣ガイルーダ,凤王兽 铠楼罗,Phoenix Beast Gairuda
43793530,1,ギガ・ガガギゴ,歧蜥·魔蜥义豪,Giga Gagagigo
43797906,1,アトランティスの戦士,亚特兰蒂斯的战士,Warrior of Atlantis
43803845,1,ダックドロッパー,假威鸭,Duck Dummy
43813459,3,反射光子流,反射光子流,Photon Current
43839002,2,サイバネット・バックドア,电脑网后门,Cynet Backdoor
43841694,2,魔導書の奇跡,魔导书的奇迹,Spellbook of Miracles
43845801,2,アルティメット・バースト,究极爆风弹,Neutron Blast
43857222,1,ライブラの魔法秤,利布拉魔法秤,Magicalibra
43863925,1,エクソシスター・ステラ,救祓少女·斯特拉,Exosister Stella
43886072,1,プランキッズ・バウワウ,调皮宝贝汪汪狗,Prank-Kids Bow-Wow-Bark
43889633,3,忘却の海底神殿,忘却的海底神殿,Forgotten Temple of the Deep
43892408,1,竜騎士ブラック・マジシャン・ガール,龙骑士 黑魔术少女,Dark Magician Girl the Dragon Knight
43898403,2,ツインツイスター,双龙卷,Twin Twisters
43905751,1,魔人銃,魔人铳,Madjinn Gunn
43906884,3,ＢＦ－マイン,黑羽-地雷,Blackwing - Boobytrap
43912676,2,異層空間,异层空间,Celestia
43925870,1,ウィンドファーム・ジェネクス,次世代风能人,Windmill Genex
43930492,1,マジックアブソーバー,吸收魔术师,Magical Something
43932460,1,ナチュル・ランドオルス,自然地龟,Naturia Landoise
43940008,2,決闘塔アルカトラズ,决斗塔 阿尔卡特拉斯,Duel Tower
43944080,1,ネムレリアの夢守り－クエット,妮穆蕾莉娅的梦守卫-小被子,Nemleria Dream Defender - Couette
43959432,3,メタモル・クレイ・フォートレス,变形黏土要塞,Metamorphortress
43973174,2,ドラゴンを呼ぶ笛,呼龙笛,The Flute of Summoning Dragon
43986064,3,巨星墜とし,巨星坠,Giant Starfall
43994202,3,素早きは三文の徳,迅疾三分利,Subsurface Stage Divers
44009443,1,影星軌道兵器ハイドランダー,影星轨道兵器 着陆九头蛇,Orbital Hydralander
44026393,1,幻獣機ライテン,幻兽机 雷电貂,Mecha Phantom Beast Raiten
44028461,3,ブラック・バック,黑翼回归,Blackback
44035031,1,グラヴィティ・ウォリアー,重力战士,Gravity Warrior
44046281,3,ディメンション・ゲート,次元之门,Dimension Gate
44052074,2,古代の機械射出機,古代的机械射出机,Ancient Gear Catapult
44072894,1,物資調達員,物资调达员,Supply
44073668,1,タクリミノス,塔库利米诺斯,Takriminos
44088292,1,進化合獣ダイオーキシン,进化合兽 二氧鬼神,Poly-Chemicritter Dioxogre
44092304,2,夢迷枕パラソムニア,梦迷枕 异睡貘,Parasomnia Pillow
44094981,1,地縛戒隷 ジオグリフォン,地缚戒隶 地画狮鹫,Earthbound Servant Geo Gryphon
44095762,3,聖なるバリア －ミラーフォース－,神圣防护罩 -反射镜力-,Mirror Force
44097050,1,幻獣機アウローラドン,幻兽机 曙光女神百头龙,Mecha Phantom Beast Auroradon
44125452,1,薔薇の妖精,蔷薇妖精,Rose Fairy
44133040,2,セレンの呪眼,太阴之咒眼,Evil Eye of Selene
44139064,2,メガロイド都市,巨机人都市,Megaroid City
44146295,1,氷剣竜ミラジェイド,冰剑龙 幻冰龙,Mirrorjade the Iceblade Dragon
44155002,1,魔轟神獣ユニコール,魔轰神兽 尤尼科,The Fabled Unicore
44161893,1,転生炎獣ゼブロイドＸ,转生炎兽 杂交斑马X,Salamangreat Zebroid X
44163252,1,ワルキューレ・セクスト,女武神六女,Valkyrie Sechste
44175358,1,分裂するプラナリア,分裂的涡虫,Splitting Planarian
44178886,1,ライトロード・モンク エイリン,光道武僧 艾琳,"Ehren, Lightsworn Monk"
44179224,1,魔界劇団－カーテン・ライザー,魔界剧团 启幕人,Abyss Actor - Curtain Raiser
44182827,2,輪廻転生,轮回转生,Samsara
44186624,1,ＤＤＤ制覇王カイゼル,DDD 制霸王 皇帝,D/D/D Supreme King Kaiser
44190146,1,デメット爺さん,德梅特爷爷,Grandpa Demetto
44201739,1,ミラァと燐寸之仔,米乐与磷寸之仔,Mira Match
44203504,1,機械軍曹,机械军曹,Robotic Knight
44209392,3,城壁,城壁,Castle Walls
44221928,2,褒誉の息吹,褒誉之息吹,Breath of Acclamation
44223284,1,深海王デビルシャーク,深海王 恶魔鲨,Abyssal Kingshark
44227727,2,海造賊－進水式,海造贼-进水式,Plunder Patroll Shipshape Ships Shipping
44236692,1,ネクロ・リンカー,死灵连接者,Necro Linker
44241999,1,百鬼羅刹 グリアーレ三傑,百鬼罗刹 格里亚雷三杰,Goblin Biker Troika Griare
44250812,1,ガガガクラーク,我我我书记,Gagaga Clerk
44256816,2,独奏の第１楽章,独奏的第1乐章,1st Movement Solo
44265115,1,ブレインコントローラー,洗脑者,Brain Controller
44273680,1,光天使ブックス,光天使 天书,Star Seraph Sage
44287299,1,伝説の剣豪 ＭＡＳＡＫＩ,传说的剑豪 正树,Masaki the Legendary Swordsman
44297127,2,奇跡の穿孔,奇迹之穿孔,Miracle Rupture
44308317,1,氷結界の依巫,冰结界的依巫,Speaker for the Ice Barriers
44311445,1,マドルチェ・プディンセス・ショコ・ア・ラ・モード,魔偶甜点·布丁公主 巧克力布丁拼盘,Madolche Puddingcess Chocolat-a-la-Mode
44330098,1,冥府の使者ゴーズ,冥府之使者 格斯,Gorz the Emissary of Darkness
44335251,1,魂喰いオヴィラプター,食魂窃蛋龙,Souleating Oviraptor
44341034,1,ダーク・バグ,暗虫,Dark Bug
44352516,2,サイバーダーク・インフェルノ,电子暗黑业火,Cyberdark Inferno
44362883,2,烙印融合,烙印融合,Branded Fusion
44364077,1,ＥＭヘイタイガー,娱乐伙伴 士兵虎,Performapal Salutiger
44364207,1,ジェイドナイト,翡翠骑士,Jade Knight
44373896,1,デストロイ・ドラゴン,破坏龙,Destruction Dragon
44394295,2,影依融合,影依融合,Shaddoll Fusion
44397496,3,レッドアイズ・スピリッツ,真红眼之魂,Red-Eyes Spirit
44405066,1,真紅眼の鋼炎竜,真红眼钢炎龙,Red-Eyes Flare Metal Dragon
44413654,3,Ｄ・インパクトリターン,变形斗士·冲击归还,Morphtronic Impact Return
44424095,2,Ｄ・スピードユニット,变形斗士·加速装置,Morphtronic Accelerator
44430454,1,六武衆の侍従,六武众的侍从,Chamberlain of the Six Samurai
44436472,1,ダブルコストン,双价体,Double Coston
44440058,1,ネメシス・キーストーン,星义关键兽,Nemeses Keystone
44451698,1,妖精弓士イングナル,妖精弓士 因古纳尔,Fairy Archer Ingunar
44455560,1,炎王妃 ウルカニクス,炎王妃 火神不死鸟,Fire King Courtier Ulcanix
44466810,3,ロード・オブ・ザ・タキオンギャラクシー,时空银河支配者,Lord of the Tachyon Galaxy
44472639,3,ソーラーレイ,太阳射线,Solar Ray
44478599,1,聖天樹の灰樹精,圣天树之灰树精,Sunavalon Melias
44481227,1,ＥＭラクダウン,娱乐伙伴 降落驼,Performapal Camelump
44482554,1,星辰竜パーン,星辰龙 摩羯龙,Dracotail Pan
44487250,3,エクシーズ・ブロック,超量阻挡,Xyz Block
44505297,1,甲虫装機 エクサビートル,甲虫装机 艾可萨甲虫,Inzektor Exa-Beetle
44508094,1,スターダスト・ドラゴン,星尘龙,Stardust Dragon
44509529,1,プランキッズ・ウェザー,调皮宝贝气象机,Prank-Kids Weather Washer
44509898,3,ピンポイント・ガード,精确防御,Pinpoint Guard
44519536,1,封印されし者の左足,被封印者的左足,Left Leg of the Forbidden One
44536921,3,捕食計画,捕食计划,Predaplanning
44553392,3,識無辺世壊,识无边世坏,"A Shattered, Colorless Realm"
44584775,3,ダメージ＝レプトル,伤害=爬虫,Damage = Reptile
44586426,1,太陽電池メン,太阳电池人,Batteryman Solar
44595286,3,裁きの光,裁决之光,Light of Judgment
44612603,3,生存境界,生存境界,Survival's End
44632120,1,クリバー,栗子丸,Kuribah
44635489,1,セイクリッド・シェアト,星圣·羽林军二十六,Constellar Siat
44640691,1,ローグ・オブ・エンディミオン,恩底弥翁的盗贼,Rogue of Endymion
44644529,3,双天の転身,双天的转身,Dual Avatar Ascendance
44649322,2,伝承の大御巫,传承的大御巫,The Great Mikanko Ceremony
44656450,1,失楽の魔女,失乐之魔女,Condemned Witch
44656491,2,平和の使者,和平使者,Messenger of Peace
44663232,1,異怪の妖精 エルフォビア,异怪之妖精 艾尔佛彼娅,Ghost Fairy Elfobia
44665365,1,神光の宣告者,神光之宣告者,Herald of Perfection
44676200,3,ヒーローバリア,英雄障壁,Hero Barrier
44680819,1,ランリュウ,岚龙,Ranryu
44682448,1,ガーベージ・ロード,垃圾王,Garbage Lord
44686185,1,影六武衆－ハツメ,影六武众-初芽,Secret Six Samurai - Hatsume
44689688,1,ジュラック・スピノス,朱罗纪棘龙,Jurrac Spinos
44698398,1,神影金龍ドラッグルクシオン,神影金龙 光速子龙,Divine Golden Shadow Dragon Dragluxion
44702857,1,バイトロン,咬噬龙,Bitelon
44708154,1,Ｕｋ－Ｐ.Ｕ.Ｎ.Ｋ.アメイジング・ドラゴン,浮世绘朋克 惊龙,Ukiyoe-P.U.N.K. Amazing Dragon
44710391,2,地縛地上絵,地缚地上绘,Earthbound Geoglyph
44716890,3,通行増税,通行增税,Toll Hike
44717069,1,スターフィッシュ,海星,Starfish
44728989,2,再生の海,再生之海,Ocean of Regeneration
44729197,1,スチームロイド,蒸汽机人,Steamroid
44760562,1,マナドゥム・ミーク,末那愚子族·小温顺,Mannadium Meek
44762290,2,光学迷彩アーマー,光学迷彩铠甲,Opti-Camouflage Armor
44763025,2,いたずら好きな双子悪魔,爱恶作剧的双子恶魔,Delinquent Duo
44763696,3,Ｓｉｎ Ｔｕｎｅ,罪 调整,Malefic Tune
44771289,2,旅人の結彼岸,旅人之结彼岸,The Terminus of the Burning Abyss
44789585,1,ナチュル・ビーンズ,自然豆一族,Naturia Beans
44790889,1,ハンマーラッシュ・バウンサー,重锤突击保镖,Hammer Bounzer
44792253,1,Ｄ.Ｄ.デストロイヤー,D.D.破坏王,D.D. Destroyer
44800181,1,コンボマスター,连击大师,Combo Master
44811425,1,ワーム・リンクス,林克斯异虫,Worm Linx
44822037,3,碑像の天使－アズルーン,碑像天使-亚兹卢恩死月弓碑,Angel Statue - Azurune
44843954,2,寝姫の甘い夢,寝姬的甜美梦,"Sweet Dreams, Nemleria"
44852429,1,ＤＤＤ呪血王サイフリート,DDD 咒血王 赛弗里德,D/D/D Cursed King Siegfried
44860890,1,捷炎星－セイヴン,捷炎星-清鸦,Brotherhood of the Fire Fist - Raven
44865098,1,機械の兵隊,机械士兵,Cyber Soldier
44874522,1,古代の機械熱核竜,古代的机械热核龙,Ancient Gear Reactor Dragon
44877690,1,氷結界の神精霊,冰结界的神精灵,Sacred Spirit of the Ice Barrier
44883600,2,ダブル・ディフェンダー,二重防御者,Double Defender
44883830,2,死の合唱,死之合唱,Des Croaking
44887817,2,増草剤,增草剂,Miracle Fertilizer
44889144,3,リブロマンサー・インターフェア,书灵师介入,Libromancer Intervention
44891812,1,超重武者オタス－Ｋ,超重武者 御助-K,Superheavy Samurai Helper
44901281,3,セイバー・ホール,剑之落穴,Saber Hole
44910027,1,ヴィクトリー・ドラゴン,胜利龙,Victory Dragon
44913552,1,タイム・イーター,时间吞噬者,Timeater
44920699,3,炎舞－「天璇」,炎舞-「天璇」,Fire Formation - Tensen
44928016,1,にん人,胡萝卜人,World Carrotweight Champion
44932065,1,捕食植物ビブリスプ,捕食植物 腺毛草胡蜂,Predaplant Byblisp
44935634,1,レフティ・ドライバー,左起子,Lefty Driver
44944304,1,ＥＭラフメイカー,娱乐伙伴 逗乐家,Performapal Laugh Maker
44947065,2,強者の苦痛,强者的苦痛,Burden of the Mighty
44954628,1,巨大戦艦 テトラン,巨大战舰 四腕,B.E.S. Tetran
44956694,1,ＲＯＭクラウディア,ROM云雌羊,ROM Cloudia
44968459,2,サイレント・バーニング,沉默魔爆破,Silent Burning
44968687,1,伝説のフィッシャーマン三世,传说的渔人三世,The Legendary Fisherman III
45001322,1,リブロマンサー・ファイアスターター,书灵师·炽火燃点侠,Libromancer Firestarter
45002991,1,アークロード・パラディオン,大君主之圣像骑士,Crusadia Equimax
45005708,1,深淵の獣アルベル,深渊之兽 阿鲁伯,The Bystial Aluber
45010690,1,フラボット,鲜花机器人,Flowerbot
45014450,1,覇王紫竜オッドアイズ・ヴェノム・ドラゴン,霸王紫龙 异色眼猛毒龙,Odd-Eyes Venom Dragon
45023678,1,ライトニングパニッシャー,闪电处刑人,Lightning Punisher
45025640,1,ボイコットン,拒绝棉羊,Boycotton
45033006,1,Ａ・Ｏ・Ｊ エネミー・キャッチャー,正义盟军 擒敌乌贼,Ally of Justice Enemy Catcher
45037489,1,フルール・ド・シュヴァリエ,鲜花骑士,Chevalier de Fleur
45041488,1,コアキメイル・ガーディアン,核成守护者,Koa'ki Meiru Guardian
45042329,1,地雷獣,地雷兽,Tripwire Beast
45045866,1,オーシャンズ・オーパー,海洋怪鱼卫士,Ocean's Keeper
45064756,3,輪廻独断,轮回独断,Rebirth Judgment
45065541,2,伍世壊摘心,伍世坏摘心,Mannadium Abscission
45072394,2,鉄の檻,铁笼子,Iron Cage
45078193,1,サイバー・ダーク・カノン,电子暗黑火炮,Cyberdark Cannon
45082499,1,ＺＷ－雷神猛虎剣,异热同心武器-雷神猛虎剑,ZW - Lightning Blade
45103815,1,召喚師ライズベルト,召唤师 莱斯贝尔特,Risebell the Summoner
45112597,1,世海龍ジーランティス,世海龙 西兰提斯,Worldsea Dragon Zealantis
45115956,2,戦華史略－矯詔之叛,战华史略-矫诏之叛,Ancient Warriors Saga - Deception and Betrayal
45118716,1,マジック・リサイクラー,魔法回收士,Spell Recycler
45121025,1,黒い影の鬼王,黑影之鬼王,Ogre of the Black Shadow
45133463,3,死神の呼び声,死神的呼声,Call of the Reaper
45141013,2,大熱波,大热波,Heat Wave
45141844,1,執念深き老魔術師,执着的老魔术师,Old Vindictive Magician
45148985,1,メタファイズ・エグゼキューター,玄化执行神,Metaphys Executor
45154513,1,アルグールマゼラ,巨食尸鬼 魔杰拉,Alghoul Mazera
45159319,1,モアイ迎撃砲,石像迎击炮,Moai Interceptor Cannons
45170821,1,Ｖ・ＨＥＲＯ アドレイション,幻影英雄 崇拜人,Vision HERO Adoration
45178472,3,フルハウス,满堂红,Full House
45184165,1,ＲＲ－スカル・イーグル,急袭猛禽-骷髅雕,Raidraptor - Skull Eagle
45195443,1,Ｅ・ＨＥＲＯ ソリッドマン,元素英雄 固态侠,Elemental HERO Solid Soldier
45206713,1,ＤＤスワラル・スライム,DD 螺涡史莱姆,D/D Swirl Slime
45215225,1,ファーニマル・エンジェル,毛绒动物天使,Fluffal Angel
45215453,1,ヴァイロン・デルタ,德尔塔大日,Vylon Delta
45221020,1,トレジャー・パンダー,寻宝熊猫,Treasure Panda
45222299,1,イビリチュア・ガストクラーケ,邪遗式幽风乌贼怪,Evigishki Gustkraken
45231177,1,炎の剣士,炎之剑士,Flame Swordsman
45236142,1,Ａ宝玉獣 コバルト・イーグル,高等宝玉兽 钴尖晶鹰,Advanced Crystal Beast Cobalt Eagle
45247637,2,薔薇の刻印,蔷薇刻印,Mark of the Rose
45282603,1,召喚師セームベル,召唤师 塞姆贝尔,Saambell the Summoner
45283341,3,エターナル・ボンド,永恒结合,Eternal Bond
45286019,1,ギアギアーノ Ｍｋ－ＩＩＩ,齿轮齿轮人 Mk-3,Geargiano Mk-III
45298492,1,スカー・ウォリアー,伤痕战士,Scarred Warrior
45305419,2,継承の印,继承之印,Symbol of Heritage
45311864,2,盗人ゴブリン,哥布林盗贼,Goblin Thief
45313724,3,煉獄の釜,炼狱之釜,Void Cauldron
45313993,1,レッド・ウルフ,红莲狼,Red Warg
45337544,2,ヒロイック・エンヴォイ,英豪使者,Heroic Envoy
45349196,1,悪魔竜ブラック・デーモンズ・ドラゴン,恶魔龙 暗黑魔龙,Archfiend Black Skull Dragon
45354718,2,ＬＬ－バード・コール,抒情歌鸲-鸟鸣呼唤,Lyrilusc - Bird Call
45358284,1,ミラー・レディバグ,镜瓢虫,Mirror Ladybug
45379225,1,サイコ・ヘルストランサー,念力通灵保健师,Psychic Lifetrancer
45383307,2,トラミッド・クルーザー,三形金字塔·巡航机,Triamid Cruiser
45410988,2,レッドアイズ・トランスマイグレーション,真红眼转生,Red-Eyes Transmigration
45420955,1,迅雷の暴君 グローザー,迅雷之暴君 格罗扎,"Groza, Tyrant of Thunder"
45425051,1,妖精王オベロン,妖精王 奥布朗,Fairy King Truesdale
45439263,1,ラヴァル・コアトル,熔岩风神翼龙,Laval Coatl
45445571,1,死霊公爵,死灵公爵,The Duke of Demise
45450218,1,Ａ・Ｏ・Ｊ リーサル・ウェポン,正义盟军 致命武器,Ally of Justice Omni-Weapon
45452224,1,金華猫,金华猫,Kinka-byo
45458027,1,ネジマキシキガミ,上弦式神,Gearspring Spirit
45462149,1,コード・トーカー・インヴァート,码语者·翻转,Code Talker Inverted
45462639,1,闇紅の魔導師,暗红之魔导师,Dark Red Enchanter
45464587,1,ＧＰ－アニヒレーター,黄金荣耀-灭杀者,Gold Pride - Eradicator
45467446,1,白き霊龍,白色灵龙,Dragon Spirit of White
45483489,1,深海のセントリー,深海哨兵,Deep Sea Sentry
45484331,1,スプリガンズ・キット,护宝炮妖·姬特,Springans Kitt
45488703,1,ＮＴ８０００－ＳＩＲＩＵＳ,NT8000-天狼星,NT8000 - SIRIUS
45496268,1,ＳＤロボ・エレファン,超级防卫机器人·象斗士,Super Defense Robot Elephan
45500495,1,ヘル・ブランブル,地狱荆棘,Queen of Thorns
45531624,1,エルフの聖剣士,精灵圣剑士,Celtic Guard of Noble Arms
45533023,1,ＲＲ－ブレイズ・ファルコン,急袭猛禽-烈焰猎鹰,Raidraptor - Blaze Falcon
45547649,1,バード・フェイス,鸟面人,Birdface
45584727,2,ワルキューレの抱擁,女武神的拥抱,Valkyrie's Embrace
45586855,1,Ａ・Ｏ・Ｊ サイクロン・クリエイター,正义盟军 造风鸟,Ally of Justice Cyclone Creator
45591967,1,ＥＭエクストラ・シューター,娱乐伙伴 额外射手,Performapal Extra Slinger
45593005,1,Ｄ・マグネンＩ,变形斗士·磁铁I,Morphtronic Magnen Bar
45593826,1,彼岸の悪鬼 ドラゴネル,彼岸的恶鬼 德拉基尼亚佐,"Draghig, Malebranche of the Burning Abyss"
45620686,1,騒々虫,骚骚虫,Noisy Gnat
45627618,1,覇王黒竜オッドアイズ・リベリオン・ドラゴン,霸王黑龙 异色眼叛逆龙,Odd-Eyes Rebellion Dragon
45627619,1,覇王黒竜オッドアイズ・リベリオン・ドラゴン,霸王黑龙 异色眼叛逆龙,Odd-Eyes Rebellion Dragon
45644898,1,青き眼の祭司,青色眼睛的祭司,Master with Eyes of Blue
45651298,1,ミミミック,似耳怪,Mimimic
45653036,3,暴風雨,暴风雨,Rain Storm
45655875,1,魔鍵召獣－アンシャラボラス,魔键召兽-安希亚拉波斯,Magikey Beast - Ansyalabolas
45659520,1,Ｅ－ＨＥＲＯ シニスター・ネクロム,邪心英雄 凶灵尸魔,Evil HERO Sinister Necrom
45662855,1,ジェムナイト・アイオーラ,宝石骑士·堇青,Gem-Knight Iolite
45663742,1,スネークアイ・オーク,蛇眼橡树灵,Snake-Eye Oak
45666710,2,星義の執行者,星义的执行者,Nemeses Adrastea
45667991,1,降竜の魔術師,降龙之魔术师,Dragoncaller Magician
45674286,1,マシンナーズ・アンクラスペア,机甲未分类备用兵,Machina Unclaspare
45675980,3,烙印の即凶劇,烙印的即凶剧,Etude of the Branded
45688586,1,カラクリ蜘蛛,机巧蜘蛛,Karakuri Spider
45702014,1,エレメントセイバー・モーレフ,元素灵剑士·幽暮,Elementsaber Molehu
45702357,1,リバーシブル・ビートル,双面可逆甲虫,Reversible Beetle
45705025,1,紋章獣ユニコーン,纹章兽 独角兽,Heraldic Beast Unicorn
45710945,1,銀河眼の時源竜,银河眼时源龙,Galaxy-Eyes Tachyon Primal
45711266,1,ジュラック・プティラ,朱罗纪翼龙,Jurrac Ptera
45716579,1,地縛戒隷 ジオクラーケン,地缚戒隶 地画乌贼,Earthbound Servant Geo Kraken
45725480,2,七星の宝刀,七星宝刀,Sacred Sword of Seven Stars
45730592,3,魔救共振撃,魔救共振击,Adamancipator Resonance
45742626,1,巡死神リーパー,巡死神 收割者,Pilgrim Reaper
45778242,1,クラインアント,克莱因客户端蚁,Cliant
45778932,2,デザートストーム,沙漠风暴,Rising Air Current
45792753,3,ゴーティス・チェイン,魊影之链,Ghoti Chain
45796834,1,光天のマハー・ヴァイロ,光天之摩诃毗卢,"Maha Vailo, Light of the Heavens"
45801022,1,エレキツネザル,电气狐猴,Wattlemur
45803070,1,ティオの蟲惑魔,蒂奥之虫惑魔,Traptrix Dionaea
45809008,2,デステニー・ドロー,命运抽卡,Destiny Draw
45812361,1,カードカー・Ｄ,卡片汽车·D,Cardcar D
45815891,1,スクラップ・デスデーモン,废铁死亡恶魔,Scrap Archfiend
45819647,1,神聖魔皇后セレーネ,神圣魔皇后 塞勒涅,"Selene, Queen of the Master Magicians"
45836982,1,地縛超神官,地缚超神官,Earthbound Greater Linewalker
45852939,1,蝕の双仔,食之双仔,Eclipse Twins
45869829,2,速攻魔力増幅器,速攻魔力增幅器,Quick Booster
45871897,1,ロストガーディアン,失落守护者,Lost Guardian
45877457,1,魔鍵砲－ガレスヴェート,魔键炮-加雷斯维特,Magikey Mechmortar - Garesglasser
45883110,1,導きの聖女クエム,引导的圣女 奎姆,"Guiding Quem, the Virtuous"
45885288,1,ネオ・カイザー・グライダー,新帝王翔风龙,Neo Kaiser Glider
45894482,1,俊足のギラザウルス,骏足之迅猛龙,Gilasaurus
45895206,2,闇をかき消す光,消除黑暗的光,Dark-Piercing Light
45898858,2,ボンディング－Ｈ２Ｏ,化学结合-H2O,Bonding - H2O
45906428,2,ミラクル・フュージョン,奇迹融合,Miracle Fusion
45909477,1,月の使者,月之使者,Moon Envoy
45935145,1,死祖の隷竜ウォロー,死祖之隶龙 沃洛,"Wollow, Founder of the Drudge Dragons"
45939611,1,リトル・フェアリー,小妖精,Little Fairy
45939841,2,ツイスター,龙卷,Twister
45943123,2,エアー・トルピード,空中鱼雷,Torpedo Takedown
45943516,2,ザ・ロック・オブ・ウォークライ,战吼的奇岩,War Rock Mountain
45945685,1,サイクロイド,单车机人,Cycroid
45948430,2,超戦士の萌芽,超战士的萌芽,Super Soldier Synthesis
45950291,2,ＲＵＭ－アストラル・フォース,升阶魔法-星光之力,Rank-Up-Magic Astral Force
45955628,1,呪眼の眷属 カトブレパス,咒眼之眷属 卡托布莱帕斯,"Catoblepas, Familiar of the Evil Eye"
45960523,1,メタファイズ・ダイダロス,玄化泰达路斯,Metaphys Daedalus
45974017,2,闇魔界の契約書,暗魔界的契约书,Dark Contract with the Yamimakai
45985838,1,プロミネンス・ドラゴン,日珥龙,Solar Flare Dragon
45986603,2,強奪,强夺,Snatch Steal
46005939,2,ペンデュラム・エクシーズ,灵摆超量,Pendulum Xyz
46008667,2,聖剣 ＥＸ－カリバーン,圣剑 断钢湖中剑,Noble Arms - Excaliburn
46009906,2,猛獣の歯,猛兽之齿,Beast Fangs
46014517,1,百鬼羅刹唯我独尊,百鬼罗刹唯我独尊,Goblin Bikers Gone Bonkers
46031686,3,ダメージ・ポラリライザー,伤害偏光盾,Damage Polarizer
46033517,1,マシンナーズ・ルインフォース,机甲部队·毁灭武装力量,Machina Ruinforce
46035545,1,ＤＤ魔導賢者ニコラ,DD 魔导贤者 尼古拉,D/D Savant Nikola
46037213,1,ガーディアン・トライス,守护者·特莱斯,Guardian Tryce
46037983,1,ゴーティスの灯ペイシス,魊影之灯 佩西斯,"Paces, Light of the Ghoti"
46044841,1,ガスタ・ファルコ,薰风隼,Gusto Falco
46052429,2,高等儀式術,高等仪式术,Advanced Ritual Art
46057733,1,燐廻の三弦猫,磷回之三弦猫,Shamisen Samsara Sorrowcat
46060017,2,十二獣の会局,十二兽的会局,Zoodiac Barrage
46066477,2,エンタメ・バンド・ハリケーン,娱乐乐队飓风,Performance Hurricane
46083111,1,クローラー・デンドライト,机怪虫·树突虫,Krawler Dendrite
46083380,2,攻通規制,攻通规制,Attraffic Control
46089249,2,コアキリング,核杀轮,Koa'ki Ring
46104361,1,サイバース・ホワイトハット,电子界白帽客,Cyberse White Hat
46123974,1,リブロマンサー・Ｇボーイ,书灵师·极客少年,Libromancer Geek Boy
46128076,1,黒魔導師クラン,黑魔导师 库兰,Ebon Magician Curran
46130346,2,ファイヤー・ボール,火球,Hinotama
46132282,1,甲化鎧骨格,甲化铠骨骼,Powered Inzektron
46136942,1,ＥＭオッドアイズ・ディゾルヴァー,娱乐伙伴 异色眼融解者,Performapal Odd-Eyes Dissolver
46145256,1,閃光の結界像,闪光之结界像,Barrier Statue of the Heavens
46159582,2,リチュアの儀水鏡,遗式的仪水镜,Gishki Aquamirror
46169154,1,ウォークライ・オーピス,战吼斗士·奥菲斯,War Rock Orpis
46173679,2,終焉の焔,终焉之焰,Fires of Doomsday
46174776,1,殺戮聖徒レジーナ,杀戮圣徒 魇女王鸦,Azamina Moa Regina
46181000,2,前線基地,前线基地,Frontline Base
46186135,1,神光の龍,神光之龙,Enlightenment Dragon
46195773,1,ターボ・ウォリアー,涡轮战士,Turbo Warrior
46232525,2,ヘルモスの爪,赫谟之爪,The Claw of Hermos
46237548,1,紅蓮魔闘士,红莲魔斗士,Knight of the Red Lotus
46239604,1,魔知ガエル,魔知青蛙,Dupe Frog
46241344,1,炎星仙－ワシンジン,炎星仙-鹫真人,Brotherhood of the Fire Fist - Eagle
46247282,1,鉄騎龍ティアマトン,铁骑龙 创世母神机,Iron Dragon Tiamaton
46247516,1,陰陽師 タオ,阴阳师 道,Tao the Chanter
46253216,3,フレンドリーファイア,友方误射,Bad Aim
46259438,3,契約洗浄,契约洗净,Contract Laundering
46261704,1,ギャラクリボー,银河栗子球,Galactikuriboh
46263076,1,地縛神 Ｃｃａｐａｃ Ａｐｕ,地缚神 卡帕克·阿普,Earthbound Immortal Ccapac Apu
46271408,2,閃刀術式－シザーズクロス,闪刀术式-剪斗交刃,Sky Striker Maneuver - Scissors Cross
46272804,1,ランス・リンドブルム,长枪鳞虫,Lancer Lindwurm
46290741,1,城塞クジラ,城塞鲸,Citadel Whale
46291010,1,サイキック・ビースト,念动力兽,Psi-Beast
46294982,1,ヘクサ・トルーデ,女巫特露德,Hexe Trude
46303688,1,ルーレットボマー,轮盘炸弹,Roulette Barrel
46337945,3,儀水鏡の瞑想術,仪水镜的瞑想术,Aquamirror Meditation
46354113,1,ロケット・ヘルモス・キャノン,火箭赫谟炮,Rocket Hermos Cannon
46358784,1,Ａ宝玉獣 エメラルド・タートル,高等宝玉兽 翠玉龟,Advanced Crystal Beast Emerald Tortoise
46363422,1,熟練の白魔導師,熟练的白魔导师,Skilled White Magician
46372010,2,地獄門の契約書,地狱门的契约书,Dark Contract with the Gate
46382143,2,ヌメロン・クリエイション,源数创造,Numeron Creation
46384403,1,素早いマンタ,迅捷蝠鲼,Nimble Manta
46384672,1,アームド・ドラゴン ＬＶ５,武装龙 LV5,Armed Dragon LV5
46396218,1,背信聖徒シルヴィア,背信圣徒 森恶狼母,Azamina Ilia Silvia
46404281,1,ラヴァルのマグマ砲兵,熔岩人岩浆炮兵,Laval Magma Cannoneer
46411259,2,突然変異,突然变异,Metamorphosis
46412900,1,ヴォルカニック・エンペラー,火山帝皇,Volcanic Emperor
46425662,1,エレメントセイバー・ナル,元素灵剑士·波涛,Elementsaber Nalu
46427957,1,破滅の女神ルイン,破灭之女神 露茵,"Ruin, Queen of Oblivion"
46435376,1,インフェルニティ・セイジ,永火贤者,Infernity Sage
46448938,2,魔導書の神判,魔导书的神判,Spellbook of Judgment
46457856,1,トモザウルス,友伴恐龙,Tomozaurus
46461247,1,トラップ・マスター,陷阱大师,Trap Master
46474915,1,マジカル・ゴースト,魔法幽灵,Magical Ghost
46480475,3,不協和音,不协和音,Discord
46485778,1,ポワソニエル・ド・ヌーベルズ,新式魔厨的鱼料理天使,Poissonniere de Nouvelles
46497537,2,トン＝トン,吨锤猪打出头桩,Pig Iron vs. Pen Peg
46500985,2,メタモルＦ,炼成阵·构成,Metamorformation
46502013,3,ガリトラップ－ピクシーの輪－,妖精轮,Pixie Ring
46502744,1,応戦するＧ,应战的G,"Retaliating ""C"""
46508640,1,龍脈に棲む者,龙脉栖息者,Dweller in the Depths
46518210,1,溟界神－ネフェルアビス,溟界神-涅斐尔阿比斯,"Nephilabyss, the Ogdoadic Overlord"
46533533,1,ピティ,皮蒂,Dipity
46534755,1,ファイヤー・クラーケン,火焰乌贼,Fire Kraken
46552140,2,アダマシア・ラピュタイト,魔救之勒皮他晶石,Adamancipator Laputite
46565218,1,サタンクロース,撒旦老人,Santa Claws
46570372,2,鎮魂の決闘,镇魂的决斗,Battle of Sleeping Spirits
46571052,1,ブラッド・オーキス,血兰,Vampiric Orchis
46572756,1,レアル・ジェネクス・ウルティマム,真次世代终极人,R-Genex Ultimum
46576366,1,ＬＬ－セレスト・ワグテイル,抒情歌鸲-天青石鹡鸰,Lyrilusc - Celestine Wagtail
46589034,1,ＲＲ－ペイン・レイニアス,急袭猛禽-痛苦伯劳,Raidraptor - Pain Lanius
46593546,1,ＤＤＤ赦俿王デス・マキナ,DDD 赦俿王 死亡机降神,D/D/D Deviser King Deus Machinex
46606977,1,ネメシス・アンブレラ,星义伞护兽,Nemeses Umbrella
46609443,1,カオスエンドマスター,混沌终结王,Chaos-End Master
46613515,1,クリアクリボー,洁净栗子球,Clear Kuriboh
46640168,1,刻まれし魔ラクリモーサ,刻魔 落泪之日,Fiendsmith's Lacrima
46647144,1,星遺物－『星槍』,星遗物-『星枪』,"World Legacy - ""World Lance"""
46652477,3,転生の予言,转生的预言,The Transmigration Prophecy
46656406,3,呪言の鏡,咒言之镜,Mirror of Oaths
46657337,1,ムカムカ,姆卡姆卡,Muka Muka
46659709,1,銀河戦士,银河战士,Galaxy Soldier
46660187,3,ウォークライ・ビッグブロウ,战吼大打击,War Rock Big Blow
46668237,1,森の番人グリーン・バブーン,森之番人 绿狒狒,"Green Baboon, Defender of the Forest"
46696593,1,紅陽鳥,红阳鸟,Crimson Sunbird
46700124,1,機械王,机械王,Machine King
46701379,1,ワルキューレ・フュンフト,女武神五女,Valkyrie Funfte
46710683,1,ＢＦ－銀盾のミストラル,黑羽-银盾之密史脱拉,Blackwing - Mistral the Silver Shield
46718686,1,ヒトデンチャク,海星葵,Hitodenchak
46724542,1,サイバー・ドラゴン・ズィーガー,电子龙·凯旋,Cyber Dragon Sieger
46759931,1,Ｖ・ＨＥＲＯ トリニティー,幻影英雄 三一人,Vision HERO Trinity
46772449,1,励輝士 ヴェルズビュート,励辉士 入魔蝇王,Evilswarm Exciton Knight
46789706,1,機雷化するクリボー,机雷化的栗子球,Detonating Kuriboh
46796664,1,ＤＤ魔導賢者コペルニクス,DD 魔导贤者 哥白尼,D/D Savant Copernicus
46804536,1,ＢＫ キング・デンプシー,燃烧拳击手 轮摆式移位拳王,Battlin' Boxer King Dempsey
46809548,1,機巧牙－御神尊真神,机巧牙-御神尊真神,"Gizmek Makami, the Ferocious Fanged Fortress"
46815301,1,ゴーティスの双角アスカーン,魊影的双角 阿斯坎,"Askaan, the Bicorned Ghoti"
46820049,1,地獄将軍・メフィスト,地狱将军·墨非斯特,Mefist the Infernal General
46821314,1,ヒューマノイド・スライム,人形史莱姆,Humanoid Slime
46833854,1,魔轟神トピー,魔轰神 托比,Fabled Topi
46848859,1,ネイビィロイド,航空母舰机人,Carrierroid
46864967,1,岩の戦士,岩之战士,Minomushi Warrior
46871387,1,Ｎｏ.５５ ゴゴゴゴライアス,No.55 隆隆隆巨无霸,Number 55: Gogogo Goliath
46874015,3,六武衆推参！,六武众推参！,Return of the Six Samurai
46877100,1,スケアクロー・アクロア,恐吓爪牙族·高处恐惧兽,Scareclaw Acro
46895036,1,ゴーストリック・デュラハン,鬼计无头骑士,Ghostrick Dullahan
46897277,1,エレキツネ,电气狐,Wattfox
46898368,2,逆巻く炎の宝札,逆卷之炎的宝札,Burning Draw
46910446,2,ヘル・アライアンス,地狱联盟,Chthonian Alliance
46918794,2,火炎地獄,火炎地狱,Tremendous Fire
46924949,1,縄張恐竜,领地恐龙,Beatraptor
46925518,1,ゴーストリックの人形,鬼计人偶,Ghostrick Doll
46935289,1,虚光の宣告者,虚光之宣告者,Herald of Mirage Lights
46939151,1,地縛囚人 グランド・キーパー,地缚囚人 土地看守者,Earthbound Prisoner Ground Keeper
46947713,1,トランスコード・トーカー,转码语者,Transcode Talker
46955770,1,墓守の異端者,守墓的异端者,Gravekeeper's Heretic
46956301,1,白闘気砂滑,白斗气江豚,White Aura Porpoise
46961802,2,クロス・アタック,交叉攻击,Cross Attack
46967601,2,呪いのお札,诅咒纸符,Cursed Bill
46984349,3,救魔の奇石,救魔之奇石,Dwimmered Glimmer
46986414,1,ブラック・マジシャン,黑魔术师,Dark Magician
46999905,1,絆醒師セームベル,绊醒师 塞姆贝尔,Saambell the Star Bonder
47013502,1,アボイド・ドラゴン,躲避龙,Dodger Dragon
47017574,1,ＣＮｏ.９２ 偽骸虚龍 Ｈｅａｒｔ－ｅａｒｔＨ Ｃｈａｏｓ Ｄｒａｇｏｎ,混沌No.92 伪骸虚龙 心地心混沌龙,Number C92: Heart-eartH Chaos Dragon
47021196,1,Ｕ.Ａ.プレイングマネージャー,超级运动员 球员兼领队,U.A. Player Manager
47025270,1,白兵戦型お手伝いロボ,白兵战型援助机器人,Helping Robo for Combat
47027714,1,ＴＧ ハルバード・キャノン／バスター,科技属 戟炮手/爆裂体,T.G. Halberd Cannon/Assault Mode
47028805,1,Ｌマジマージ,小合并法师,L Magi Mergy
47030842,1,ギアギアクセル,齿轮齿轮加速人,Geargiaccelerator
47051709,1,フォトン・デルタ・ウィング,光子三角翼飞机,Photon Delta Wing
47060154,1,バーサーカー,狂战士,Mystic Clown
47060347,3,女神の加護,女神的加护,Aegis of Gaia
47075569,1,ＥＭペンデュラム・マジシャン,娱乐伙伴 灵摆魔术家,Performapal Pendulum Sorcerer
47077318,1,森羅の蜜柑子 シトラ,森罗的蜜柑子 柑橘,Sylvan Mikorange
47077697,1,呪念の化身ウルボヌス,咒念的化身 衔尾蛇,"Urubonus, the Avatar of Malice"
47084486,1,虚無魔人,虚无魔人,Vanity's Fiend
47106439,1,ヴィジョン・リチュア,幻影遗式术师,Gishki Vision
47111934,1,ワーム・ヤガン,亚冈异虫,Worm Yagan
47120245,1,聖騎士ボールス,圣骑士 鲍斯,Noble Knight Borz
47121070,3,宝玉の双璧,宝玉的双璧,Crystal Pair
47126872,1,スペースタイムポリス,时空警察,Space-Time Police
47128571,2,報復の隠し歯,报复的隐齿,Hidden Fangs of Revenge
47132793,1,征覇竜－ブレイズ,征霸龙-烈龙,"Blaze, Supreme Ruler of all Dragons"
47149093,3,宝玉の玲瓏,宝玉的玲珑,Crystal Brilliance
47150851,1,ガーディアン・グラール,守护者·格拉尔,Guardian Grarl
47158777,1,破壊剣士の守護絆竜,破坏剑士的守护绊龙,Protector Whelp of the Destruction Swordsman
47163170,1,鉄獣戦線 塊撃のベアブルム,铁兽战线 块击之蓝辉熊,Tri-Brigade Bearbrumm the Rampant Rampager
47171541,3,オルフェゴール・リリース,自奏圣乐的释音,Orcustrated Release
47172959,1,ユベル－Ｄａｓ Ｅｗｉｇ Ｌｉｅｂｅ Ｗäｃｈｔｅｒ,于贝尔-永远之爱的守护者,Yubel - The Loving Defender Forever
47185546,2,光虫信号,光虫信号,Bug Signal
47195442,1,四獣層ウォンキー,四兽层 摇晃乐师,Wonky Quartet
47198668,1,ＤＤＤ死偉王ヘル・アーマゲドン,DDD 死伟王 地狱终末神,D/D/D Doom King Armageddon
47217354,1,魔轟神レイヴン,魔轰神 雷文,Fabled Raven
47219274,1,神碑の牙フレーキ,神碑之牙 弗利基,Freki the Runick Fangs
47222536,2,黒の魔導陣,黑魔导阵,Dark Magical Circle
47226949,1,ライドロン,骑狮机兽,Leotron
47228077,1,ヴァイロン・ペンタクロ,大日五胞体,Vylon Pentachloro
47233801,2,黒蛇病,黑蛇病,Dark Snake Syndrome
47247413,3,差し戻し,退回,Return
47264717,3,シューティング・スター,流星,Shooting Star
47274077,2,ネオス・フォース,新宇之力,Neos Force
47292920,2,ディメンジョン・ダイス,次元解骰,Dimension Dice
47295267,2,サイバネティック・ゾーン,电子科技区,Cybernetic Zone
47297616,1,光と闇の竜,光与暗之龙,Light and Darkness Dragon
47319141,1,ウイング・イーグル,飞鹰,Wing Eagle
47325505,2,化石調査,化石调查,Fossil Dig
47330808,1,ホルスの先導－ハーピ,荷鲁斯的先导-哈碧,"Hapi, Guidance of Horus"
47346782,1,寝ガエル,寝青蛙,Centerfrog
47346845,1,電池メン－単四型,电池人-单四型,Batteryman AAA
47349116,1,星刻の魔術師,星刻之魔术师,Timestar Magician
47349310,1,スカイオニヒトクイエイ,天鬼食人蝠鲼,Skystarray
47355498,2,王家の眠る谷－ネクロバレー,王家长眠之谷,Necrovalley
47360060,3,反射の聖刻印,反射之圣刻印,Hieratic Seal of Reflection
47363932,1,スクラップ・ワイバーン,废铁翼龙,Scrap Wyvern
47372349,1,アクロバットモンキー,杂技猴,Acrobat Monkey
47387961,1,Ｎｏ.８ 紋章王ゲノム・ヘリター,No.8 纹章王 基因组继承者,Number 8: Heraldic King Genom-Heritage
47393199,3,崩界の守護竜,崩界的守护龙,Guardragon Cataclysm
47395382,1,魔轟神レイジオン,魔轰神 雷吉恩,Fabled Ragin
47404795,1,魔界劇団－スーパー・プロデューサー,魔界剧团-超级制作人,Abyss Actor - Super Producer
47408488,2,宝玉の樹,宝玉之树,Crystal Tree
47415292,1,漆黒の闘龍,漆黑的斗龙,Pitch-Dark Dragon
47421985,1,ハイドロ・ジェネクス,次世代水能人,Hydro Genex
47432275,1,クリボン,缎带栗子,Kuribon
47435107,2,原初の叫喚,原初的叫唤,Primal Cry
47436247,2,紫炎の道場,紫炎的道场,Shien's Dojo
47439573,3,無情なはたき落とし,无情的打落,Heartless Drop Off
47453433,2,振り出し,振出,Back to Square One
47457347,3,魔法名－「大いなる獣」,魔法名-「大兽」,Omega Summon
47459126,1,チューンド・マジシャン,调整魔术师,Tuned Magician
47474172,1,魔筒覗ベイオネーター,魔筒覗 刺刀鬼,"Bayonater, the Baneful Barrel"
47475363,3,波紋のバリア －ウェーブ・フォース－,波纹防护罩 -波浪之力-,Drowning Mirror Force
47480070,1,アマゾネスの聖戦士,亚马逊圣战士,Amazoness Paladin
47482043,3,古代の機械蘇生,古代的机械苏生,Ancient Gear Reborn
47484352,1,アナザー・バース・ドラゴン,异宇宙龙,Anotherverse Dragon
47504322,1,ウォークライ・ウェント,战吼斗士·温托,War Rock Wento
47506081,1,グレンザウルス,红莲恐龙,Grenosaurus
47507260,1,ミスティック・ソードマン ＬＶ２,谜之剑士 LV2,Mystic Swordsman LV2
47529357,2,ミスト・ボディ,雾状躯体,Mist Body
47556396,1,サブテラーマリス・エルガウスト,地中族邪界兽·埃琴磁魔神,Subterror Behemoth Speleogeist
47558785,1,マイルド・ターキー,温火鸡,Mild Turkey
47579719,1,セイクリッド・ヒアデス,星圣·毕星团,Constellar Hyades
47594192,3,スリーカード,三条,Three of a Kind
47594939,3,召喚制限－ディスコードセクター,召唤限制-不协和扇区,And the Band Played On
47596607,2,摩天楼２－ヒーローシティ,摩天楼2-英雄都市,Skyscraper 2 - Hero City
47598941,3,アモルファージ・ライシス,无形噬体溶解,Amorphage Lysis
47606319,1,ギガンテス,基冈提斯,Gigantes
47611119,1,ジェムナイトレディ・ラピスラズリ,宝石骑士女郎·琉璃,Gem-Knight Lady Lapis Lazuli
47643326,1,スペース・オマジナイ・ウサギ,太空咒语兔,Space Omajinai Usagi
47658964,2,紅蓮の炎壁,红莲之炎壁,Searing Fire Wall
47660516,2,ＲＵＭ－バリアンズ・フォース,升阶魔法-异晶人的魔力,Rank-Up-Magic Barian's Force
47664723,1,堕天使エデ・アーラエ,堕天使 埃地·阿拉耶,Darklord Edeh Arae
47674738,1,魔救の奇跡－レオナイト,魔救之奇迹-狮子晶石,Adamancipator Risen - Leonite
47679935,2,暴走魔法陣,暴走魔法阵,Magical Meltdown
47687766,1,ギアギアングラー,齿轮齿轮钻地人,Geargiauger
47693640,1,ゾンビタイガー,僵尸虎,Zombie Tiger
47695416,1,運命のろうそく,命运之蜡烛,Candle of Fate
47699948,2,シンクロ・ディレンマ,同调两难,Synchro Dilemma
47705572,1,月光狼,月光狼,Lunalight Wolf
47710198,1,相剣大邪－七星龍淵,相剑大邪-七星龙渊,Swordsoul Sinister Sovereign - Qixing Longyuan
47728740,1,彼岸の悪鬼 アリキーノ,彼岸的恶鬼 阿利基诺,"Alich, Malebranche of the Burning Abyss"
47731128,1,結界術師 メイコウ,结界术师 明孔,"Mei-Kou, Master of Barriers"
47736165,1,水晶機巧－エレスケルタス,水晶机巧-圣天骸晶,Crystron Eleskeletus
47737087,1,Ｅ・ＨＥＲＯ ランパートガンナー,元素英雄 铁壁炮手,Elemental HERO Rampart Blaster
47741109,1,森羅の隠蜜 スナッフ,森罗的隐蜜 金鱼草,Sylvan Snapdrassinagon
47754278,1,ヘル・ドラゴン,地狱龙,Infernal Dragon
47759571,1,ピットナイト・アーリィ,维修区骑士·阿莉,Pitknight Earlie
47766694,3,荒野の大竜巻,荒野的大龙卷,Wild Tornado
47778083,3,ボーン・テンプル・ブロック,骨木鱼,Bone Temple Block
47795344,1,ナチュル・ハイドランジー,自然绣球花,Naturia Hydrangea
47805931,1,Ｎｏ.２０ 蟻岩土ブリリアント,No.20 蚁岩土 辉蚁,Number 20: Giga-Brilliant
47810543,3,魔弾－ブラッディ・クラウン,魔弹-血色之冠,Magical Musket - Crooked Crown
47819246,3,超量機神剣－マグナスレイヤー,超级量子机神剑-炎磁光层剑,Super Quantal Mech Sword - Magnaslayer
47826112,1,海皇龍 ポセイドラ,海皇龙 波塞德拉,"Poseidra, the Atlantean Dragon"
47829960,1,カオスライダー グスタフ,混沌骑手 古斯塔夫,Chaosrider Gustaph
47840168,1,レフトハンド・シャーク,左手鲨,Left-Hand Shark
47852924,2,天使の生き血,天使的鲜血,Soul of the Pure
47863787,1,アーティファクト－ラブリュス,古遗物-双刃斧,Artifact Labrys
47870325,2,スマイル・アクション,笑容动作,Smile Action
47873397,3,トーテムポール,图腾柱,Totem Pole
47879985,1,王室前のガーディアン,王室前的守护者,Guardian of the Throne Room
47882565,2,ＲＵＭ－光波昇華,升阶魔法-光波升华,Rank-Up-Magic Cipher Ascension
47882774,2,ウォークライ・ディグニティ,战吼威严,War Rock Dignity
47894537,1,ジョングルグールの幻術師,街头眼艺幻术师,Jongleur-Ghoul Illusionist
47897376,1,魔救の奇石－レオナイト,魔救之奇石-狮子晶石,Adamancipator Crystal - Leonite
47910940,1,海晶乙女グレート・バブル・リーフ,海晶少女 大泡堡礁,Marincess Great Bubble Reef
47921178,1,ＢＫ チーフセコンド,燃烧拳击手 第一助手,Battlin' Boxer Chief Second
47922711,1,シーホース,海马兽,Tatsunootoshigo
47929865,1,マジドッグ,魔法犬,Magidog
47942531,1,偉大魔獣 ガーゼット,伟大魔兽 加泽特,Great Maju Garzett
47946130,1,剛鬼ザ・ジャイアント・オーガ,刚鬼 大巨人食人魔,Gouki The Giant Ogre
47961342,3,転轍地点,转辙地点,Switch Point
47961808,1,業火の結界像,业火之结界像,Barrier Statue of the Inferno
47963370,1,マジシャン・オブ・カオス,混沌之魔术师,Magician of Chaos
47985614,1,ガジェット・アームズ,工具抓手,Gadget Arms
47986555,1,千年ゴーレム,千年石人,Millennium Golem
48009503,1,Ｈ－Ｃ ガーンデーヴァ,英豪冠军 英弓王,Heroic Champion - Gandiva
48015771,2,サモンオーバー,召唤过度,Summon Over
48017189,1,ＥＭ：Ｐグレニャード,EM：P猫型手雷,EM:P Meowmine
48017809,2,蜃気楼の筒,蜃气楼之筒,Mirage Tube
48032131,3,Ｄ－タクティクス,D-战术,D - Tactics
48048590,1,竜魔導の守護者,龙魔导守护者,Keeper of Dragon Magic
48049769,1,サンダー・シーホース,雷海马,Thunder Sea Horse
48063985,1,聖霊獣騎 カンナホーク,圣灵兽骑 雷鹰,Ritual Beast Ulti-Cannahawk
48068378,1,リンク・ディヴォーティー,连接信徒,Link Devotee
48086335,1,アーティファクト－フェイルノート,古遗物-百中弓,Artifact Failnaught
48092532,1,異次元の生還者,异次元的生还者,D.D. Survivor
48094997,1,バトルフットボーラー,战斗橄榄球员,Battle Footballer
48109103,1,復讐のカッパ,复仇的河童,Kappa Avenger
48115277,1,ブロックマン,积木人,Blockman
48130397,2,超融合,超融合,Super Polymerization
48135190,3,砂利ケーン,砂石飓风,Gravelstorm
48144509,2,オッドアイズ・フュージョン,异色眼融合,Odd-Eyes Fusion
48144778,1,インフェルニティ・コンジュラー,永火咒法师,Infernity Conjurer
48148828,1,異次元の狂獣,异次元的狂兽,D.D. Crazy Beast
48150362,1,Ｄ－ＨＥＲＯ ドローガイ,命运英雄 拔枪人,Destiny HERO - Drawhand
48152161,3,神属の堕天使,神属的堕天使,The Sanctified Darklord
48156348,1,剣闘獣ガイザレス,剑斗兽 凯撒,Gladiator Beast Gyzarus
48179391,2,オレイカルコスの結界,山铜结界,The Seal of Orichalcos
48183890,1,アティプスの蟲惑魔,阿蒂普丝之虫惑魔,Traptrix Atypus
48202661,1,アイツ,彼者,Aitsu
48206762,2,契約の履行,契约履行,Fulfillment of the Contract
48210156,1,ＤＤナイト・ハウリング,DD 夜吼怪,D/D Nighthowl
48214588,2,新風の空牙団,新风之空牙团,Rookie Fur Hire
48216773,3,強制退出装置,强制退出装置,Compulsory Escape Device
48228390,1,黄鉄の愚騎士,黄铁之愚骑士,Pyrite Knight
48229808,1,ホルスの黒炎竜 ＬＶ８,荷鲁斯之黑炎龙 LV8,Horus the Black Flame Dragon LV8
48252330,1,マドルチェ・バトラスク,魔偶甜点·面包干管家,Madolche Butlerusk
48276469,3,連鎖炸薬,连锁炸药,Chain Burst
48285768,1,スプリガンズ・メリーメイカー,护宝炮妖欢乐制造机,Springans Merrymaker
48305365,1,アックス・レイダー,巨斧袭击者,Axe Raider
48308134,2,幻煌龍の螺旋突,幻煌龙的螺旋突,Phantasm Spiral Crash
48310593,2,無念の手札,无念的手札,Finite Cards
48333324,2,ＲＵＭ－ヌメロン・フォース,升阶魔法-源数之力,Rank-Up-Magic Numeron Force
48343627,1,グレイブ・スクワーマー,墓场蠕动者,Grave Squirmer
48348921,1,ＣＮｏ.６２ 超銀河眼の光子龍皇,混沌No.62 超银河眼光子龙皇,Number C62: Neo Galaxy-Eyes Prime Photon Dragon
48355999,1,ヴァレット・シンクロン,弹丸同调士,Rokket Synchron
48356796,2,閃光の宝札,闪光之宝札,Mystical Cards of Light
48357738,3,暴君の暴飲暴食,暴君的暴饮暴食,Tyrant's Tummyache
48365709,1,アサシン,暗杀者,Ansatsu
48370501,1,ヴァイロン・シグマ,西格马大日,Vylon Sigma
48372950,1,ダイナレスラー・エスクリマメンチ,恐龙摔跤手·斯库利玛马门溪龙,Dinowrestler Eskrimamenchi
48381268,1,Ｄ・ボードン,变形斗士·滑板,Morphtronic Boarden
48386462,1,鳴いて時鳥,欲闻其鸣杜鹃,The Cuckoo Commanded to Croon
48411996,1,ジュラック・スタウリコ,朱罗纪南十字龙,Jurrac Stauriko
48421595,1,ネクロ・シンクロン,死灵同调士,Necro Synchron
48422921,2,猪突猛進,猪突猛进,Super Rush Headlong
48424886,1,エルシャドール・エグリスタ,神影依·神子晶,El Shaddoll Grysta
48427163,1,月光紫蝶,月光紫蝶,Lunalight Purple Butterfly
48439321,3,マドルチェ・ワルツ,魔偶甜点圆舞,Madolche Waltz
48444114,2,月光香,月华香,Luna Light Perfume
48445393,2,スクラップ・スコール,废铁阵雨,Scrapstorm
48447192,2,剣の煌き,剑之辉煌,Sword of Sparkles
48452496,1,蛇眼の炎龍,蛇眼炎龙,Snake-Eyes Flamberge Dragon
48453776,1,天魔神 ノーレラス,天魔神 诺雷拉斯,Sky Scourge Norleras
48461764,1,紫毒の魔術師,紫毒之魔术师,Purple Poison Magician
48468330,1,魔神童,魔神童,Terrifying Toddler of Torment
48486809,1,ハネクリボー ＬＶ６,羽翼栗子球 LV6,Winged Kuriboh LV6
48497555,3,くず鉄の像,废铁像,Scrap-Iron Statue
48505422,1,真六武衆－シナイ,真六武众-竹刀,Legendary Six Samurai - Shinai
48519867,1,魔救の追求者,魔救之追求者,Adamancipator Seeker
48531733,1,ボルト・ペンギン,电击企鹅,Bolt Penguin
48539234,3,便乗,便乘,Appropriate
48546368,1,崇光なる宣告者,崇光之宣告者,Herald of Ultimateness
48568432,1,トライゴン,三角火龙,Trigon
48576971,2,与奪の首飾り,与夺之首饰,Necklace of Command
48579379,1,究極完全態・グレート・モス,究极完全态大飞蛾,Perfectly Ultimate Great Moth
48582558,3,バウンサー・ガード,保镖防御,Bounzer Guard
48588176,1,ダニポン,壁虱宝宝,Danipon
48589580,1,天空神騎士ロードパーシアス,天空神骑士 罗德珀耳修斯,Celestial Knightlord Parshath
48596760,1,闇の精霊 ルーナ,暗之精灵 卢娜,Luna the Dark Spirit
48605591,2,端末世界ＮＥＸＴ,终端世界二代,Terminal World NEXT
48608796,1,ＬＬ－アセンブリー・ナイチンゲール,抒情歌鸲-聚集夜莺,Lyrilusc - Assembled Nightingale
48626373,1,クシャトリラ・アライズハート,俱舍怒威族·阿莱斯哈特,Kashtira Arise-Heart
48633301,1,ＴＧ ブースター・ラプトル,科技属 推进盗龙,T.G. Booster Raptor
48636108,3,Ｕ.Ａ.マン・オブ・ザ・マッチ,超级运动员最佳球员,U.A. Man of the Match
48642904,2,催眠術,催眠术,Mesmeric Control
48649353,1,牛鬼,牛鬼,Ushi Oni
48653261,2,ガードペナルティ,防守罚则,Guard Penalty
48654267,1,覇王龍ズァーク－シンクロ・ユニバース,霸王龙 扎克-同调宇宙,Supreme King Z-ARC - Synchro Universe
48654323,1,凶導の白聖骸,凶导的白圣骸,White Relic of Dogmatika
48658295,1,ドラゴンメイド・ラティス,半龙女仆·贴身龙女,Lady's Dragonmaid
48659020,1,魂を呼ぶ者,呼魂者,Spirit Caller
48675364,1,ジェネラルデーモン,将军恶魔,Archfiend General
48680970,3,永遠の魂,永远之魂,Eternal Soul
48686504,1,ローンファイア・ブロッサム,孤火花,Lonefire Blossom
48700891,1,記憶破壊者,记忆破坏者,Memory Crusher
48705086,1,玲瓏竜クンツァイド,玲珑龙 紫锂辉石龙,Dragolithia Kunzite
48712195,2,カードトレーダー,卡片商人,Card Trader
48716139,2,草薙剣,草薙剑,Sword of Kusanagi
48716527,3,帝王の溶撃,帝王的熔击,The Monarchs Erupt
48736598,1,コードブレイカー・ウイルスバーサーカー,代码破坏者·病毒狂战士,Codebreaker Virus Berserker
48737767,1,切り盛り隊長,妥善料理的队长,Marmiting Captain
48739166,1,Ｎｏ.１０１ Ｓ・Ｈ・Ａｒｋ Ｋｎｉｇｈｔ,No.101 寂静荣誉方舟骑士,Number 101: Silent Honor ARK
48739627,2,無垢なる予幻視,无垢的预幻视,Theorealize
48742406,1,フェアリー・アーチャー,妖精弓手,Fairy Archer
48745395,1,白銀の城の魔神像,白银之城的魔神像,Labrynth Archfiend
48766543,1,サイバティック・ワイバーン,电子科技翼龙,Cyber-Tech Alligator
48768179,1,黒蠍－強力のゴーグ,黑蝎-强力的高戈,Dark Scorpion - Gorg the Strong
48770333,1,雷撃壊獣サンダー・ザ・キング,雷击坏兽 雷鸣龙王,"Thunder King, the Lightningstrike Kaiju"
48783998,1,コーリング・ノヴァ,神召新星,Nova Summoner
48784854,2,光の継承,光之继承,Heritage of the Light
48791583,1,召喚獣メガラニカ,召唤兽 墨瓦腊泥加,Invoked Magellanica
48800175,2,ドラゴン・目覚めの旋律,龙觉醒旋律,The Melody of Awakening Dragon
48805472,2,蟲惑の誘い,虫惑的引诱,Traptantalizing Tune
48806195,1,セリオンズ“エンプレス”アラシア,兽带斗神“女帝”阿拉西亚星,"Therion ""Empress"" Alasia"
48814566,3,魔獣の大餌,魔兽的大饵,Banquet of Millions
48815792,1,灼熱の火霊使いヒータ,灼热之火灵使 希塔,"Hiita the Fire Charmer, Ablaze"
48829461,1,Ｓｉｎ パラドクスギア,罪 矛盾齿轮,Malefic Paradox Gear
48832775,1,ダイノルフィア・ケントレギナ,恐啡肽狂龙·钉状龙女王,Dinomorphia Kentregina
48835607,1,オルフェゴール・ガラテアｉ,自奏圣乐·伽拉忒亚i,"Galatea-I, the Orcust Automaton"
48868994,1,Ｄ・クリーナン,变形斗士·吸尘器,Morphtronic Vacuumen
48891960,1,ドラグニティナイト－アスカロン,龙骑兵团骑士-屠枪龙骑士,Dragunity Knight - Ascalon
48905153,1,十二獣ドランシア,十二兽 龙枪,Zoodiac Drident
48928529,1,Ｎｏ.８３ ギャラクシー・クィーン,No.83 银河女王,Number 83: Galaxy Queen
48934760,2,終焉の地,终焉之地,Demise of the Land
48940337,1,ランスフォリンクス,枪头喙嘴龙,Lancephorhynchus
48948935,1,仮面魔獣デス・ガーディウス,假面魔兽 死亡护法师,Masked Beast Des Gardius
48958757,1,剣闘獣クラウディウス,剑斗兽 克劳狄乌斯,Gladiator Beast Claudius
48964966,1,アテナ,雅典娜,Athena
48976825,2,異次元からの埋葬,来自异次元的埋葬,Burial from a Different Dimension
48995978,1,Ｎｏ.８８ ギミック・パペット－デステニー・レオ,No.88 机关傀儡-命运狮子,Number 88: Gimmick Puppet of Leo
48996569,1,Ｅ・ＨＥＲＯ グラン・ネオス,元素英雄 大地新宇侠,Elemental HERO Grand Neos
49003308,1,ガガギゴ,魔蜥义豪,Gagagigo
49003716,1,ＢＦ－黒槍のブラスト,黑羽-黑枪之布拉斯特,Blackwing - Bora the Spear
49010598,3,天罰,天罚,Divine Wrath
49027020,1,プティカの蟲惑魔,普蒂卡之虫惑魔,Traptrix Pudica
49032236,1,Ｎｏ.８１ 超弩級砲塔列車スペリオル・ドーラ,No.81 超重型炮塔列车 优越多拉炮,Number 81: Superdreadnought Rail Cannon Super Dora
49033797,2,禁断のトラペゾヘドロン,禁断的偏方面体,Forbidden Trapezohedron
49036338,1,ＰＳＹフレーム・ドライバー,PSY骨架驱动者,PSY-Frame Driver
49064413,1,仮面魔獣マスクド・ヘルレイザー,假面魔兽 鬼面修道士,The Masked Beast
49080532,1,インフェルニティ・ビートル,永火甲虫,Infernity Beetle
49082032,3,リサーガム・エクシーズ,再起超量,Resurgam Xyz
49088914,1,電脳堺媛－瑞々,电脑堺媛-瑞瑞,Virtual World Mai-Hime - Lulu
49094491,1,転生炎獣フェネック,转生炎兽 阔耳狐,Salamangreat Fennec
49105782,1,死翼のフレスヴェイス,死翼之虎钳巨鹰,"Hraesvelgr, the Desperate Doom Eagle"
49109013,1,魔星のウルカ,魔星之忧流迦天狗,Doomstar Ulka
49121795,1,重装甲列車アイアン・ヴォルフ,重装甲列车 铁狼,Heavy Armored Train Ironwolf
49127943,1,人喰い植物,食人植物,Man-Eating Plant
49131917,1,ヴァリアンツの巫女－東雲,群豪之巫女-东云,Shinonome the Vaylantz Priestess
49139666,1,異星戦隊 ビッグ・バン,异星战队 大爆炎,E Stranger Big Bang
49140998,2,鳳凰神の羽根,凤凰神的羽毛,A Feather of the Phoenix
49144107,1,デス・ウサギ,死亡兔,Creepy Coney
49154689,2,スタンド・イン,替身演员,Stand In
49158617,2,双天の調伏,双天的调伏,Dual Avatar Defeating Evil
49161188,1,鋼鉄の魔導騎士－ギルティギア・フリード,钢铁魔导骑士-基尔提基亚·弗里德,Gilti-Gearfried the Magical Steel Knight
49191560,1,魔導剣士 シャリオ,魔导剑士 沙里奥,Charioteer of Prophecy
49195710,1,ＣＮｏ.６５ 裁断魔王ジャッジ・デビル,混沌No.65 裁断魔王,Number C65: King Overfiend
49202162,1,混沌の戦士 カオス・ソルジャー,混沌之战士 混沌战士,Black Luster Soldier - Soldier of Chaos
49202331,1,ＣＸ 超巨大空中要塞バビロン,混沌超量 超巨大空中要塞 宝比伦号,CXyz Skypalace Babylon
49204190,3,奇策,奇策,Nitwit Outwit
49217579,1,幻影の騎士－ミラージュ・ナイト－,幻影之骑士,Mirage Knight
49218300,1,デス・ソーサラー,死亡巫师,Sorcerer of the Doomed
49221191,1,ＣＮｏ.３２ 海咬龍シャーク・ドレイク・バイス,混沌No.32 海咬龙 鲨龙兽·白煞,Number C32: Shark Drake Veiss
49238328,2,強欲で金満な壺,强欲而金满之壶,Pot of Extravagance
49249907,1,妖仙獣 凶旋嵐,妖仙兽 凶旋岚,Yosenju Magat
49251811,3,魔法探査の石版,魔法探查石板,Mystic Probe
49258578,1,ヘルゲート・ディーグ,地狱之门,Gate Deeg
49267971,2,死角からの一撃,来自死角的一击,Blind Spot Strike
49275969,1,氷の王 ニードヘッグ,冰界王战 尼德霍格王,"Nidhogg, Generaider Boss of Ice"
49296203,1,カラクリ法師 九七六参,机巧法师 九七六三,"Karakuri Bonze mdl 9763 ""Kunamzan"""
49299410,3,嗤う黒山羊,嗤笑的黑山羊,The Black Goat Laughs
49306994,2,白のヴェール,白之衣,White Veil
49328340,2,螺旋槍殺,螺旋枪杀,Spiral Spear Strike
49352945,1,Ｅ・ＨＥＲＯ ストーム・ネオス,元素英雄 风暴新宇侠,Elemental HERO Storm Neos
49366157,2,マジェスペクター・サイクロン,威风妖怪旋风,Majespecter Cyclone
49370016,2,Ｐ.Ｕ.Ｎ.Ｋ.ＪＡＭエクストリーム・セッション,朋克即兴极端演奏会,P.U.N.K. JAM Extreme Session
49370026,1,ジャグラー,戏法师,Genin
49374988,1,マドルチェ・メェプル,魔偶甜点·枫糖浆绵羊,Madolche Baaple
49375719,1,サイバー・チュチュ,电子化芭蕾裙,Cyber Tutu
49389190,1,夢魔鏡の乙女－イケロス,梦魔镜的少女-伊刻罗斯,"Ikelos, the Dream Mirror Sprite"
49389523,1,ライトニング・トライコーン,闪电三角兽,Lightning Tricorn
49394035,1,ヴェンデット・コア,复仇死者之核,Vendread Core
49398568,2,連続魔法,连续魔法,Serial Spell
49407319,1,スター・マイン,速射连发烟花,Star Mine
49417509,1,オオカミ,狼,Wolf
49430782,2,真竜の継承,真龙的继承,True Draco Heritage
49441499,1,アルティメット・インセクト ＬＶ１,究极昆虫 LV1,Ultimate Insect LV1
49451215,1,うかのみつねのおなり,宇迦御狐之御稻成,Ukanomitsune-no-Onari
49456901,1,ＣＮｏ.１０４ 仮面魔踏士アンブラル,混沌No.104 假面魔蹈士 阴影,Number C104: Umbral Horror Masquerade
49460512,1,ＢＦ－流離いのコガラシ,黑羽-流离之木枯,Blackwing - Kogarashi the Wanderer
49469105,2,融合破棄,融合破弃,Revoke Fusion
49477180,1,ヴェンデット・ストリゲス,复仇死者·斯特里克斯,Vendread Striges
49479374,2,急速充電器,急速充电器,Quick Charger
49511705,3,銃砲撃,铳炮击,Proton Blast
49513164,1,召喚獣ライディーン,召唤兽 雷电,Invoked Raidjin
49514333,3,ソウル・オブ・スタチュー,灵魂之像,Tiki Soul
49522489,1,悪魔ガエル,恶魔青蛙,Beelze Frog
49551909,3,ヒロイック・リベンジ・ソード,英豪复仇剑,Heroic Retribution Sword
49563947,1,ネオアクア・マドール,新水魔道士,Neo Aqua Madoor
49565413,1,カオス・ビースト－混沌の魔獣－,混沌之魔兽,Chaos Beast
49568943,2,ＶＶ－真羅万象,群豪世界-真罗万象,Vaylantz World - Shinra Bansho
49575521,1,ドラゴンメイド・フルス,半龙女仆·苍河龙女,Dragonmaid Nudyarl
49587034,3,光の封札剣,光之封札剑,Lightforce Sword
49587396,1,アイアン・ハート,钢铁之心,Ancient Tool
49597193,1,ジェムナイト・パーズ,宝石骑士·黄玉,Gem-Knight Topaz
49600724,3,異次元への隙間,通向异次元的缝隙,Crevice Into the Different Dimension
49633574,1,魔轟神オルトロ,魔轰神 欧特罗,Fabled Oltro
49645921,1,セイバー・ビートル,剑角甲虫,Saber Beetle
49655592,1,Ｆ.Ａ.ウィップクロッサー,方程式运动员 甩尾越野骑手,F.A. Whip Crosser
49658464,2,無千ジャミング,无千干扰,Digit Jamming
49669730,2,ウォーターハザード,水障,Water Hazard
49674183,1,魔天使ローズ・ソーサラー,魔天使 蔷薇之巫师,Fallen Angel of Roses
49678559,1,Ｎｏ.１０２ 光天使グローリアス・ヘイロー,No.102 光天使 辉环,Number 102: Star Seraph Sentry
49680980,1,コアキメイル・サンドマン,核成沙人,Koa'ki Meiru Sandman
49681811,1,無敗将軍 フリード,无败将军 弗里德,Freed the Matchless General
49684352,1,虹彩の魔術師,虹彩之魔术师,Double Iris Magician
49689480,1,クイーンマドルチェ・ティアラフレース,魔偶甜点后·后冠草莓提拉米苏,Madolche Queen Tiarafraise
49702428,2,黒・魔・導・爆・裂・破,黑·魔·导·爆·裂·破,Dark Burning Attack
49721904,1,真六武衆－キザン,真六武众-辉斩,Legendary Six Samurai - Kizan
49725936,1,スリーバーストショット・ドラゴン,三发点射龙,Triple Burst Dragon
49729312,1,礫岩の霊長－コングレード,砾岩灵长-巨大砾岩金刚,Primineral Kongreat
49752795,3,双天の再来,双天的再来,Dual Avatar Return
49771608,1,吸収天児,吸收天儿,Absorbing Kid from the Sky
49776811,1,ピースリア,拼图友爱天使,Shining Piecephilia
49785720,1,機炎星－ゴヨウテ,机炎星-吴郊狼,Brotherhood of the Fire Fist - Coyote
49791927,1,タイガー・アックス,老虎斧战士,Tiger Axe
49808196,1,メタボ・サッカー,代谢吸食怪,Metabo Globster
49814180,1,マスターモンク,武僧大师,Master Monk
49816630,1,甲纏竜ガイアーム,甲缠龙 地铠古龙,Gaiarmor Dragonshell
49820233,1,ＥＭガトリングール,娱乐伙伴 机炮食尸鬼,Performapal Gatlinghoul
49823708,1,破壊剣士の伴竜,破坏剑士的伴龙,Buster Whelp of the Destruction Swordsman
49826746,1,黒翼の魔術師,黑翼的魔术师,Night Wing Sorceress
49833312,3,Ｄ・スクランブル,变形斗士·紧急迎击,"Morphtronics, Scramble!"
49838105,3,森羅の滝滑り,森罗的泷滑,Sylvan Waterslide
49847524,1,フレイム・アドミニスター,炎上框架管理员,Flame Administrator
49858495,1,パワプロ・レディ三姉妹,力量棒球女郎三姐妹,Power Pro Lady Sisters
49867899,1,刻まれし魔の大聖棺,刻魔的大圣棺,Fiendsmith's Sequence
49868263,1,ドラゴン・ウォリアー,龙战士,Ryu Senshi
49879995,1,ファントム・ドラゴン,幻龙,Phantom Dragon
49881766,1,デーモン・ソルジャー,恶魔士兵,Archfiend Soldier
49885567,1,精霊獣 カンナホーク,精灵兽 雷鹰,Spiritual Beast Cannahawk
49888191,1,ガーネシア・エレファンティス,甘尼许巨象,Garnecia Elefantis
49905576,1,天空聖者メルティウス,天空圣者 莫提乌斯,"Meltiel, Sage of the Sky"
49919798,1,音響戦士サイザス,音响战士 合成器,Symphonic Warrior Synthess
49922726,1,弓神レライエ,弓神 勒莱耶,Leraje the God of Archery
49928686,1,スプライト・ピクシーズ,卫星闪灵·皮克精队,Spright Pixies
49930315,1,白棘鱏,白棘魟,White Stingray
49936169,2,Ｕ.Ａ.ロッカールーム,超级运动员更衣室,U.A. Locker Room
49941059,2,奇跡のマジック・ゲート,奇迹之魔术门,Magic Gate of Miracles
49959355,1,ユニゾンビ,齐唱僵尸,Uni-Zombie
49964567,1,ステイセイラ・ロマリン,支索帆水手·航海迷迭香,Staysailor Romarin
49966326,1,電脳堺麟－麟々,电脑堺麟-麟麟,Virtual World Kirin - Lili
49966595,3,グレイドル・パラサイト,灰篮寄生体,Graydle Parasite
49980185,3,超能力治療,超能力治疗,Supernatural Regeneration
49998907,3,コザッキーの研究成果,平庸鬼的研究成果,Fruits of Kozaky's Studies
50005218,2,閃刀空域－エリアゼロ,闪刀空域-零区,Sky Striker Airspace - Area Zero
50005633,1,復讐のソード・ストーカー,复仇的潜行剑士,Swordstalker
50032342,1,氷結界の軍師,冰结界的军师,Strategist of the Ice Barrier
50042011,1,メメント・スリーピィ,莫忘催眠羊,Mementotlan Shleepy
50045299,3,ドラゴン族・封印の壺,龙族封印之壶,Dragon Capture Jar
50056656,3,スカーレッド・ゾーン,真红莲区域,Red Zone
50065971,1,超重忍者シノビ－Ａ・Ｃ,超重忍者 忍足-A·C,Superheavy Samurai Stealth Ninja
50074392,1,霊水鳥シレーヌ・オルカ,灵水鸟 鲸鸟海妖,Sirenorca
50074522,1,電磁蚊,电磁蚊,Magnetic Mosquito
50078320,1,刻印の調停者,刻印之调停者,Engraver of the Mark
50078509,3,デモンズ・チェーン,魔族之链,Fiendish Chain
50088247,1,氷結界の伝道師,冰结界的传道师,Prior of the Ice Barrier
50091196,1,フォーミュラ・シンクロン,方程式同调士,Formula Synchron
50122883,1,朱い靴,红靴子,Bite Shoes
50134646,2,目白圧し,熙攘攒动绣眼鸟,Flock Together
50139096,1,破滅の天使ルイン,破灭之天使 露茵,"Ruin, Angel of Oblivion"
50140163,1,魅惑の女王 ＬＶ７,魅惑的女王 LV7,Allure Queen LV7
50152549,2,しびれ薬,麻药,Paralyzing Potion
50155385,1,スピリチューアル・ウィスパー,耳语灵仪鸟,Spiritual Whisper
50164989,1,ダーク・ヴァージャー,暗绿芽,Dark Verger
50176820,1,サイボーグ・バス,电子鱼,Mech Bass
50179591,2,魔界台本「火竜の住処」,魔界台本「火龙的住处」,Abyss Script - Fire Dragon's Lair
50185950,1,サクリボー,牲祭栗子球,Relinkuriboh
50186558,2,守護竜の結界,守护龙的结界,Guardragon Shield
50213848,2,取捨蘇生,取舍苏生,Monster Reborn Reborn
50215517,2,クリムゾン・ヘル・セキュア,深红狱防术,Scarlet Security
50237654,1,超魔導師－ブラック・マジシャンズ,超魔导师-黑魔术师徒,The Dark Magicians
50243722,3,バースト・リバース,爆裂埋伏,Burst Rebirth
50259460,1,破壊神 ヴァサーゴ,破坏神 瓦沙克,Versago the Destroyer
50260683,1,Ｎｏ.３６ 先史遺産－超機関フォーク＝ヒューク,No.36 先史遗产-超机关 叉丘,Number 36: Chronomaly Chateau Huyuk
50263751,1,グリード・クエーサー,贪婪类星体,Greed Quasar
50275295,2,電脳堺門－青龍,电脑堺门-青龙,Virtual World Gate - Qinglong
50277355,1,クロシープ,交织绵羊,Cross-Sheep
50277973,3,鏡像のスワンプマン,镜像沼泽人,Swamp Mirrorer
50278554,1,スクラップ・ツイン・ドラゴン,废铁双生龙,Scrap Twin Dragon
50281477,1,ティスティナの瘴神,提斯蒂娜之瘴神,Tainted of the Tistina
50282757,1,Ｅ－ＨＥＲＯ ヘル・スナイパー,邪心英雄 地狱狙魔,Evil HERO Infernal Sniper
50287060,1,暗黒魔族ギルファー・デーモン,暗黑魔族 基尔法恶魔,Archfiend of Gilfer
50292967,3,パスト・イメージ,过去的影像,Past Image
50304345,1,Ｅ－ＨＥＲＯ ヘル・ブラット,邪心英雄 地狱小魔,Evil HERO Infernal Prodigy
50311058,3,百鬼羅刹大暴走,百鬼罗刹大暴走,Goblin Biker Grand Stampede
50319138,1,バグマンＺ,漏洞人Z,Crashbug Z
50321796,1,氷結界の龍 ブリューナク,冰结界之龙 光枪龙,"Brionac, Dragon of the Ice Barrier"
50323155,3,昇天の黒角笛,升天之黑角笛,Black Horn of Heaven
50354944,1,暗黒騎士ガイアオリジン,暗黑骑士 盖亚本源,Gaia the Fierce Knight Origin
50357013,2,十種神鏡陣,十种神镜阵,Tokusano Shinkyojin
50366775,1,フォーマッド・スキッパー,格式弹涂鱼,Formud Skipper
50371210,2,光の導き,光之引导,Beacon of White
50383626,1,闇黒の魔王ディアボロス,黯黑之魔王 迪亚波罗斯,"Darkest Diabolos, Lord of the Lair"
50400231,1,サテライト・キャノン,卫星加农炮,Satellite Cannon
50407691,1,イグナイト・ライオット,点火骑士·镇暴,Igknight Margrave
50412166,1,シャブティのお守り,沙布提俑护符,Charm of Shabti
50418970,2,スピリット・バーナー,灵魂火阵,Spirit Burner
50426119,1,デグレネード・バスター,退行手雷破坏者,Degrade Buster
50427388,2,暴走する魔力,暴走的魔力,That Wacky Magic!
50433147,2,極星の輝き,极星的光辉,The Nordic Lights
50449881,1,シャーク・フォートレス,鲨鱼要塞,Shark Fortress
50457953,1,幻木龍,幻木龙,Mythic Tree Dragon
50470982,3,運命の分かれ道,命运的分岔道,The Paths of Destiny
50474354,1,武神器－ヤサカニ,武神器-八尺琼,Bujingi Peacock
50482813,1,ＳＲ吹持童子,疾行机人 吹持童子,Speedroid Fuki-Modoshi Piper
50485594,1,レスキューラット,救援鼠,Rescue Hamster
50486289,1,アマゾネスの戦士長,亚马逊战士长,Amazoness War Chief
50491121,1,Ｈ・Ｃ スパルタス,英豪挑战者 斯巴达兵,Heroic Challenger - Spartan
50501121,3,背徳の堕天使,背德的堕天使,Darklord Rebellion
50527144,3,ゴーストリック・アウト,鬼计匿影,Ghostrick Vanish
50532786,1,ジョーズマン,鲛颚人,Jawsman
50546029,1,Ｇゴーレム・ディグニファイド・トリリトン,G石人·威严三巨石,G Golem Dignified Trilithon
50546208,1,月光黄鼬,月光黄鼬,Lunalight Yellow Marten
50548657,1,プロンプトホーン,提示符叉角羚,Prompthorn
50554729,2,アモルファージ・インフェクション,无形噬体感染,Amorphage Infection
50584941,3,レッド・スプレマシー,红莲霸权,Red Supremacy
50588353,1,水晶機巧－ハリファイバー,水晶机巧-继承玻纤,Crystron Halqifibrax
50593156,1,サンド・ギャンブラー,沙之赌徒,Sand Gambler
50596425,2,影霊衣の神魔鏡,影灵衣的神魔镜,Nekroz Divinemirror
50599453,1,枯鰈葉リプレース,枯鲽叶 替代鲽,Leafplace Plaice
50604950,1,Ｘ－セイバー ガラハド,X-剑士 加拉哈德,X-Saber Galahad
50608164,1,Ｍ・ＨＥＲＯ 光牙,假面英雄 光牙,Masked HERO Koga
50613779,1,ダメージ・メイジ,伤害法师,Damage Mage
50615578,1,カラクリ忍者 七七四九,机巧忍者 七七四九,"Karakuri Ninja mdl 7749 ""Nanashick"""
50619462,2,烏合無象,乌合无象,Cattle Call
50621530,1,パワード・チューナー,强化调整龙,Powered Tuner
50642380,1,Ｇａ－Ｐ.Ｕ.Ｎ.Ｋ.ワゴン,雅乐朋克 和琴,Gagaku-P.U.N.K. Wa Gon
50669347,1,守護神－ネフティス,守护神-奈芙提斯,"Nephthys, the Sacred Preserver"
50675040,3,獣王無塵,兽王无尘,Beast King Unleashed
50684552,3,ワンダーガレージ,神奇车库,Wonder Garage
50687050,1,針淵のヴァリアンツ－アルクトスＸＩＩ,针渊之群豪将士-阿耳克托斯12,Arktos XII - Chronochasm Vaylantz
50690129,1,キャシー・イヴＬ２,缓存猫娃L2,Catche Eve L2
50692511,2,ＲＲ－コール,急袭猛禽-呼唤,Raidraptor - Call
50696588,3,ＧＵＹダンス,粗人舞导,Dai Dance
50699850,1,悪魔嬢ロリス,恶魔娘 萝莉丝,"Loris, Lady of Lament"
50702124,1,シンクロ・マグネーター,同调磁铁头,Synchro Magnet
50705071,1,メタル・デビルゾア,钢铁恶魔兽灵,Metalzoa
50712728,1,墓守の呪術師,守墓的咒术师,Gravekeeper's Curse
50720316,1,Ｅ・ＨＥＲＯ シャドー・ミスト,元素英雄 影雾女郎,Elemental HERO Shadow Mist
50725996,1,ブラック・マジシャンズ・ナイト,黑魔术骑士,Dark Magician Knight
50727844,3,シンクロ・フォースバック,同调推回,Synchro Forceback
50732780,1,ヘル・セキュリティ,地狱治安警察,Stygian Security
50750868,1,ＴＧ トライデント・ランチャー,科技属 三叉戟投掷手,T.G. Trident Launcher
50756327,1,魔導原典 クロウリー,魔导原典 克劳利,"Crowley, the First Propheseer"
50766506,3,忍法 分身の術,忍法 分身之术,Ninjitsu Art of Duplication
50781944,1,エンシェント・クリムゾン・エイプ,古代深红猿,Ancient Crimson Ape
50785356,1,ハウリング・ウォリアー,啸叫战士,Feedback Warrior
50789693,1,アーマー・カッパー,铠甲河童,Armored Kappa
50793215,1,深海姫プリマドーナ,深海姬 首席女歌手,Deep Sea Prima Donna
50797682,3,先史遺産石紋,先史遗产石纹,Chronomaly Esperanza Glyph
50810455,1,鉄獣戦線 ケラス,铁兽战线 克拉斯,Tri-Brigade Kerass
50820852,1,雛神鳥シムルグ,雏神鸟 斯摩夫,"Simorgh, Bird of Beginning"
50823978,1,軍隊ピラニア,军队食人鱼,Piranha Army
50834074,1,ヘルカイトプテラ,地狱猛禽翼龙,Kaitoptera
50838440,3,三位一体,三位一体,Three in One
50847759,2,ネフティスの希望,奈芙提斯的希望,Last Hope of Nephthys
50855622,1,超騎甲虫アブソリュート・ヘラクレス,超骑甲虫 绝对大力独角仙,Ultra Beetrooper Absolute Hercules
50863093,1,マシンナーズ・ラディエーター,机甲放射兵,Machina Irradiator
50866755,1,鳳凰,凤凰,Fenghuang
50893987,1,剣闘獣ティゲル,剑斗兽 老虎,Gladiator Beast Tygerius
50896944,1,暗黒ブラキ,暗黑腕龙,Black Brachios
50901852,1,機巧菟－稻羽之淤岐素,机巧菟-稻羽之淤岐素,"Gizmek Inaba, the Hopping Hare of Hakuto"
50903514,1,蒼炎の剣士,苍炎之剑士,Blue Flame Swordsman
50907446,1,エルシャドール・アプカローネ,神影依·七贤巨鲲魔,El Shaddoll Apkallone
50913601,2,山,山,Mountain
50915474,1,表裏の女神,表里之女神,Goddess of the Two Sides
50916353,1,地獄戦士,地狱战士,Chthonian Soldier
50920465,1,ブリザード・サンダーバード,雪暴雷鸟,Blizzard Thunderbird
50930991,1,魔法剣士ネオ,魔法剑士 尼奥,Neo the Magic Swordsman
50933533,1,古代の機械巨竜,古代的机械巨龙,Ancient Gear Gadjiltron Dragon
50939127,1,異次元竜 トワイライトゾーンドラゴン,异次元龙,Different Dimension Dragon
50947142,3,くず鉄のシグナル,废铁信号灯,Scrap-Iron Signal
50951254,1,マグマッチョ・ドラゴン,岩浆猛汉龙,Magmacho Dragon
50951359,3,チューナー・キャプチャー,调整抓取,Tuner Capture
50954680,1,クリスタルウィング・シンクロ・ドラゴン,水晶翼同调龙,Crystal Wing Synchro Dragon
50957346,1,レイジアース,狂怒大地,Raging Earth
51011872,1,トリックスター・ブラッディマリー,淘气仙星·布拉蒂玛丽,Trickstar Crimson Heart
51020079,1,サイボーグドクター,电子人博士,Cyborg Doctor
51023024,1,影霊の翼 ウェンディ,影灵之翼 文蒂,Reeshaddoll Wendi
51028231,1,魔界劇団－サッシー・ルーキー,魔界剧团-莽撞新人,Abyss Actor - Sassy Rookie
51043053,1,防覇龍ヘリオスフィア,防霸龙 日球层龙,Heliosphere Dragon
51043243,1,ワーム・カルタロス,卡尔塔罗斯异虫,Worm Cartaros
51047350,1,カード・ブレイカー,卡片破坏者,Card Breaker
51053997,3,ＰＳＹフレーム・アクセラレーター,PSY骨架加速器,PSY-Frame Accelerator
51073802,1,マジェスペクター・ポーキュパイン,威风妖怪·山荒,Majespecter Porcupine - Yamarashi
51085303,1,Ｅ・ＨＥＲＯ ブルーメ,元素英雄 鲜花女郎,Elemental HERO Poison Rose
51091138,3,導爆線,导爆线,Fuse Line
51097887,2,鉄獣の凶襲,铁兽的凶袭,Tri-Brigade Airborne Assault
51099515,3,恐撃,恐击,Ghosts From the Past
51119924,1,パペット・プラント,傀儡植物,Puppet Plant
51124303,2,影霊衣の万華鏡,影灵衣的万华镜,Nekroz Kaleidoscope
51126152,1,深夜急行騎士ナイト・エクスプレス・ナイト,深夜急行骑士,Night Express Knight
51132012,1,大紅蓮魔闘士,大红莲魔斗士,Grand Knight of the Red Lotus
51192573,1,宇宙獣ガンギル,宇宙兽 冈吉尔,Cosmic Horror Gangi'el
51194046,1,クリフォート・アセンブラ,机壳汇编器 不安定,Qliphort Monolith
51196174,1,ザ・カリキュレーター,计算器人,The Calculator
51196805,1,ゴーストリック・スケルトン,鬼计骷髅,Ghostrick Skeleton
51205763,1,クローラー・グリア,机怪虫·神经胶质虫,Krawler Glial
51208046,2,トリックスター・ライブステージ,淘气仙星的现场演唱舞台,Trickstar Live Stage
51208877,3,運命の抱く爆弾,命运怀抱的爆弹,Blast Held by Destiny
51225407,2,魔妖壊劫,魔妖坏劫,Mayakashi Winter
51227866,2,閃刀機－シャークキャノン,闪刀机-虎鲨加农炮,Sky Striker Mecha - Shark Cannon
51228280,1,ダンジョン・ワーム,迷宫的蠕虫,Dungeon Worm
51232472,1,暗黒界の策士 グリン,暗黑界的策士 格林,"Gren, Tactician of Dark World"
51250293,2,マジェスペクター・ウィンド,威风妖怪之风,Majespecter Wind
51254277,1,ビッグ・ジョーズ,大颚鲛,Big Jaws
51254980,1,ナチュル・マンティス,自然螳螂,Naturia Mantis
51267887,2,体温の上昇,体温上升,Raise Body Heat
51275027,1,薄幸の美少女,不幸的美少女,The Unhappy Maiden
51282878,1,フィッシュボーグ－プランター,电子鱼人-栽培者,Fishborg Planter
51296484,1,粛声の竜賢姫サフィラ,肃声的龙贤姬 萨菲拉,"Saffira, Dragon Queen of the Voiceless Voice"
51303014,2,エレキック・ファイティング・ポーター,电气念力战斗传送士,Wattsychic Fighting Porter
51316684,1,インフェルノイド・ヴァエル,狱火机·巴力,Infernoid Seitsemas
51324455,3,魔製産卵床,魔制产卵床,Underworld Egg Clutch
51335426,2,バウンドリンク,出入连接,Link Bound
51339637,3,サラマングレイト・ロアー,转生炎兽的咆哮,Salamangreat Roar
51345461,1,ソードハンター,狩剑猎人,Sword Hunter
51351302,1,ウジャト眼を持つ男,有法眼的男人,A Man with Wdjat
51355346,1,爆炎集合体 ガイヤ・ソウル,爆炎集合体 地球之魂,Gaia Soul the Combustible Collective
51365514,2,超力の聖刻印,超力之圣刻印,Hieratic Seal of Supremacy
51369889,3,掃射特攻,扫射特攻,Barrage Blast
51371017,1,剣の女王,剑之女王,Princess of Tsurugi
51391183,1,魔界劇団－ワイルド・ホープ,魔界剧团-狂放新秀,Abyss Actor - Wild Hope
51394546,3,セメタリー・ボム,公墓炸弹,Cemetary Bomb
51402177,1,スフィンクス・テーレイア,斯芬克斯·迪蕾雅,Sphinx Teleia
51402908,1,Ｔｈｅ ｓｕｐｒｅｍａｃｙ ＳＵＮ,至尊太阳,The Supremacy Sun
51405049,2,ワンチャン！？,汪分之一机会！？,Where Arf Thou?
51409648,1,撃鉄竜リンドブルム,击铁龙 蓝迅龙,Rindbrumm the Striking Dragon
51412776,2,聖杯の継承,圣杯的继承,Heritage of the Chalice
51435705,1,先史遺産クリスタル・スカル,先史遗产 水晶头骨,Chronomaly Crystal Skull
51447164,1,ＴＧ ブレード・ガンナー,科技属 刃枪手,T.G. Blade Blaster
51449743,3,チェーン・ブラスト,连锁爆破,Chain Detonation
51452091,3,王宮のお触れ,王宫的通告,Royal Decree
51473858,1,百鬼羅刹 爆音クラッタ,百鬼罗刹 爆音克拉特,Goblin Biker Clatter Sploder
51474037,1,ヤモイモリ,壁虎蝾螈,Yamorimori
51476410,1,クロック・リザード,时钟蜥蜴,Clock Lizard
51481927,2,魔法吸収,魔法吸收,Spell Absorption
51482758,2,罠はずし,陷阱拆除,Remove Trap
51497409,1,ＤＤＤ磐石王ダリウス,DDD 磐石王 大流士,D/D/D Stone King Darius
51510279,3,繋がれし魔鍵,联结之魔键,Magikey Duo
51522296,1,凶導の白き天底,凶导的白天底,Dogmatika Alba Zoa
51531505,1,竜穴の魔術師,龙穴之魔术师,Dragonpit Magician
51534754,1,黄泉へ渡る船,通向黄泉的渡船,Yomi Ship
51543904,1,Ｎｏ.９９ 希望皇龍ホープドラグーン,No.99 希望皇龙 霍普德拉古恩,Number 99: Utopic Dragon
51549976,2,ファイナル・インゼクション,最终甲虫注射,Final Inzektion
51554871,1,灼熱工の巨匠カエン,灼热工的巨匠 火炎,"Kayenn, the Master Magma Blacksmith"
51555725,1,スクラップ・ブレイカー,废铁破坏者,Scrap Breaker
51562916,2,大波小波,大波小波,Big Wave Small Wave
51566770,1,インフェルニティ・ガーディアン,永火守护者,Infernity Guardian
51570882,1,グリーディー・ヴェノム・フュージョン・ドラゴン,强欲毒融合龙,Greedy Venom Fusion Dragon
51578214,1,騎甲虫アサルト・ローラー,骑甲虫 突击滚球兵,Beetrooper Assault Roller
51589188,2,フォトン・トライデント,光子三叉戟,Photon Trident
51606429,3,幻影騎士団トゥーム・シールド,幻影骑士团 墓盾,The Phantom Knights of Tomb Shield
51611041,1,模拘撮星人 エピゴネン,模拘摄星人 模仿者,"Epigonen, the Impersonation Invader"
51616747,1,ヌビアガード,努比亚的守卫,Nubian Guard
51617185,1,マシンナーズ・メガフォーム,机甲部队·超大变形,Machina Megaform
51618973,1,影霊衣の魔剣士 アバンス,影灵衣魔剑士 阿旺斯,"Avance, Swordsman of the Nekroz"
51630558,2,アドバンスドロー,上级抽卡,Advance Draw
51632798,1,可変機獣 ガンナードラゴン,可变机兽 炮手龙,"Fusilier Dragon, the Dual-Mode Beast"
51638941,1,Ｖ－タイガー・ジェット,V-喷气虎,V-Tiger Jet
51644030,1,ディアバウンド・カーネル,迪亚邦德之核,Diabound Kernel
51650038,3,マドルチェ・デセール,魔偶甜点餐后点心,Madolche Dessert
51670553,2,魂を吸う竹光,吸魂的竹光,Soul Devouring Bamboo Sword
51684157,2,天幻の龍輪,天幻之龙轮,Heavenly Dragon Circle
51686645,3,捲怒重来,卷怒重来,Revenge Rally
51697825,2,ジャック・イン・ザ・ハンド,吓人手中盒,Jack-In-The-Hand
51701885,1,テレポンＤ.Ｄ.,瞬移宝宝D.D.,D.D. Telepon
51706604,2,ブリザード,雪暴,Blizzard
51717541,3,インフェルニティ・ブレイク,永火雷破,Infernity Break
51728779,1,堕天使アムドゥシアス,堕天使 安度西亚斯,Darklord Amdusc
51735257,1,Ｎｏ.５０ ブラック・コーン号,No.50 黑玉米号,Number 50: Blackship of Corn
51773900,2,カーム・マジック,宁神魔法,Calming Magic
51777272,1,月光舞猫姫,月光舞猫姬,Lunalight Cat Dancer
51779204,2,アブソリュート・パワーフォース,绝对权力强要,Absolute Powerforce
51782995,1,ネフティスの護り手,奈芙提斯之护卫者,Defender of Nephthys
51786039,1,星雲龍ネビュラ,星云龙 尼布拉龙,Nebula Dragon
51788412,1,古代の機械混沌巨人,古代的机械混沌巨人,Chaos Ancient Gear Giant
51790181,2,無欲な壺,无欲之壶,Pot of Benevolence
51808422,1,ＸＸ－セイバー フォルトロール,XX-剑士 福特罗尔,XX-Saber Faultroll
51814159,1,ＲＲ－ネクロ・ヴァルチャー,急袭猛禽-死灵秃鹫,Raidraptor - Necro Vulture
51822687,1,エクスピュアリィ・ハピネス,历练纯爱妖精·幸福妖精,Expurrely Happiness
51827737,1,リサイクル・ジェネクス,次世代再生品,Genex Recycled
51828629,1,魔導騎士ギルティア,魔导骑士 基尔提亚,Giltia the D. Knight
51831560,1,ジェムナイト・ネピリム,宝石骑士·拿非琉,Gem-Knight Nepyrim
51838385,1,ナイトメアテーベ,底比斯的梦魇,Theban Nightmare
51849216,3,ドラグニティ・ヴォイド,龙骑兵团虚梦狱,Dragunity Oubliette
51849482,1,屍界塔フィニステラ,尸界塔 菲尼斯特拉,"Finis Terrae, Tower of the Necroworld"
51852507,1,薔薇の聖弓手,蔷薇之圣弓手,Rose Archer
51855378,1,ジャンク・ブレーダー,废品剑士,Junk Blader
51858200,3,捕食惑星,捕食惑星,Predaplanet
51858306,1,エクリプス・ワイバーン,日食翼龙,Eclipse Wyvern
51865604,1,ＺＳ－幻影賢者,异热同心从者-幻影贤者,ZS - Vanish Sage
51912531,1,幻妖種ミトラ,幻妖种 密多罗,Mystic Macrocarpa Seed
51916032,1,人造人間－サイコ・ジャッカー,人造人-念力插孔者,Jinzo - Jector
51916853,1,マジカル・ハウンド,魔力猎犬,Magical Hound
51925772,1,ドレッド・ドラゴン,惧龙,Dread Dragon
51933043,1,ＲＲ－ヒール・イーグル,急袭猛禽-反派雕,Raidraptor - Heel Eagle
51934376,1,大くしゃみのカバザウルス,打大喷嚏的河马龙,Kabazauls
51945556,1,雷帝ザボルグ,雷帝 扎博尔格,Zaborg the Thunder Monarch
51960178,1,フェアリー・チア・ガール,妖精啦啦队少女,Fairy Cheer Girl
51962254,1,ハンター・アウル,猎手猫头鹰,Hunter Owl
51976476,3,姑息な落とし穴,卑鄙的落穴,Double Trap Hole
51987571,1,ロックストーン・ウォリアー,岩石战士,Rockstone Warrior
51993760,1,抹殺の邪悪霊,抹杀之邪恶灵,Dark Spirit of Banishment
52020510,3,ダイノルフィア・アラート,恐啡肽狂龙警报,Dinomorphia Alert
52022648,1,妖精伝姫－シンデレラ,妖精传姬-辛德瑞拉,Fairy Tail - Rella
52031567,1,Ｅ・ＨＥＲＯ マッドボールマン,元素英雄 泥球侠,Elemental HERO Mudballman
52035300,1,不死武士,不死武士,The Immortal Bushi
52038272,1,インフェルノイド・ルキフグス,狱火机·路西弗格,Infernoid Harmadik
52038441,1,朔夜しぐれ,朔夜时雨,Ghost Mourner & Moonlit Chill
52040216,1,ハーピィズペット竜,鹰身女妖的宠物龙,Harpie's Pet Dragon
52068432,1,トリシューラの影霊衣,三叉龙之影灵衣,Nekroz of Trishula
52077741,1,翻弄するエルフの剣士,翻弄敌人的精灵剑士,Obnoxious Celtic Guard
52083044,1,クロノダイバー・テンプホエーラー,时间潜行者摆轮救生艇,Time Thief Temporwhal
52085072,1,絶望神アンチホープ,绝望神 安提霍普,Dystopia the Despondent
52090844,1,ボーガニアン,弩弓手,Bowganian
52097679,2,右手に盾を左手に剣を,右手持盾左手持剑,Shield & Sword
52098461,2,ラス・オブ・ネオス,新宇之怒,Wrath of Neos
52101615,1,融合呪印生物－闇,融合咒印生物-暗,The Dark - Hex-Sealed Fusion
52105192,2,アームズ・ホール,武器洞,Hidden Armory
52112003,2,カード・アドバンス,卡片上移,Card Advance
52119435,1,転晶のコーディネラル,转晶之矿物协调者,Geonator Transverser
52121290,1,スフィラスレディ,蛇女郎,Spherous Lady
52126602,1,虎菱之玄,虎菱之玄,Gen the Diamond Tiger
52128900,2,シンクロ・ギフト,同调礼物,Synchro Gift
52140003,3,爆弾ウニ－ボム・アーチン－,爆弹海胆,Explosive Urchin
52145422,1,グレイドル・ドラゴン,灰篮龙,Graydle Dragon
52155219,2,転生炎獣の炎陣,转生炎兽的炎阵,Salamangreat Circle
52158283,1,先史遺産コロッサル・ヘッド,先史遗产 巨石人头像,Chronomaly Colossal Head
52159691,1,レイダーズ・ウィング,袭击队飞翼,Raider's Wing
52176579,3,クリストロン・エントリー,水晶机巧入舱,Crystron Entry
52182715,1,グリーン・ダストン,绿尘妖,Green Duston
52198054,3,ブレイズ・キャノン・マガジン,烈焰加农炮弹匣,Blaze Accelerator Reload
52222372,1,タービン・ジェネクス,次世代涡轮机,Genex Turbine
52228131,3,パリィ,格挡,Parry
52240819,1,魔界劇団－デビル・ヒール,魔界剧团-恶魔反派,Abyss Actor - Evil Heel
52248570,1,プリズンクインデーモン,幽狱王后恶魔,Imprisoned Queen Archfiend
52253888,1,ライトローミディアム,光之法理灵媒,Light Law Medium
52254878,1,次元同異体ヴァリス,次元同异体 多变人,Dimensional Allotrope Varis
52263685,2,盗み見ゴブリン,哥布林偷窥者,Peeking Goblin
52265835,1,Ａ・Ｏ・Ｊ ルドラ,正义盟军 风哮怪,Ally of Justice Rudra
52277807,1,転生炎獣スピニー,转生炎兽 犰狳蜥,Salamangreat Spinny
52286175,1,トラップ・リアクター・ＲＲ,陷阱反应机·空式,Trap Reactor ・Y FI
52296675,1,アンカモフライト,迷彩光书签,Anchamoufrite
52319752,1,暗黒ヴェロキ,暗黑迅猛龙,Black Veloci
52323207,1,番兵ゴーレム,番兵石人,Golem Sentry
52323874,1,ＲＲ－デビル・イーグル,急袭猛禽-恶魔雕,Raidraptor - Fiend Eagle
52331012,1,鉄獣戦線 銀弾のルガル,铁兽战线 银弹之卢加鲁,Tri-Brigade Rugal the Silver Sheller
52339733,1,竜胆ブルーム,龙胆花鳞虫,Lindbloom
52340274,2,ギャラクシー・クィーンズ・ライト,银河女王之光,Galaxy Queen's Light
52340444,2,閃刀機－ホーネットビット,闪刀机-大黄蜂浮游单元,Sky Striker Mecha - Hornet Drones
52346240,1,ロックキャット,锁猫,Lock Cat
52350806,1,未界域のモスマン,未界域的天蛾人,Danger! Mothman!
52352005,1,ＸＸ－セイバー ガトムズ,XX-剑士 加特姆士,XX-Saber Gottoms
52354896,1,斬機マルチプライヤー,斩机 乘武,Mathmech Multiplication
52367652,1,命を食する者,食命者,That Which Feeds on Life
52370835,1,Ｈ・Ｃ ソード・シールド,英豪挑战者 剑盾兵,Heroic Challenger - Swordshield
52382379,1,ネムレリアの夢喰い－レヴェイユ,妮穆蕾莉娅的梦食者-小闹钟,Nemleria Dream Devourer - Reveil
52394047,3,剣闘海戦,剑斗海战,Gladiator Naumachia
52404456,1,マドルチェ・メッセンジェラート,魔偶甜点·胶凝冰糕邮递员,Madolche Messengelato
52417194,3,大暴落,大暴落,Heavy Slump
52430902,1,サイコジャンパー,念力跳跃者,Psychic Jumper
52445243,1,トライエッジ・マスター,三刃大师,Tri-Edge Master
52467217,1,牛頭鬼,牛头鬼,Gozuki
52472775,2,粛声なる祈り,肃声之祈祷,Prayers of the Voiceless Voice
52481437,1,弾丸特急バレット・ライナー,弹丸特急 子弹快车,Super Express Bullet Train
52495649,1,バラムニエル・ド・ヌーベルズ,新式魔厨的黄油香煎巴拉姆,Balameuniere de Nouvelles
52496105,2,剣闘獣の闘器マニカ,剑斗兽的斗器 护臂,Gladiator Beast's Battle Manica
52497105,2,蛮勇鱗粉,蛮勇鳞粉,Berserk Scales
52502677,1,剣闘獣アトリクス,剑斗兽 女斗,Gladiator Beast Attorix
52503575,3,最終突撃命令,最终突击命令,Final Attack Orders
52512994,1,火車,火车,Kasha
52518793,2,剣闘獣の檻－コロッセウム,剑斗兽之槛-圆形斗技场,Colosseum - Cage of the Gladiator Beasts
52534264,3,第弐次未界域探険隊,第二次未界域探险队,Second Expedition into Danger!
52543404,1,蕾禍ノ鎧石竜,蕾祸之铠石龙,Ragnaraika Armored Lizard
52550973,1,ファラオのしもべ,法老的仆人,Pharaoh's Servant
52551211,1,シャドール・ハウンド,影依猎犬,Shaddoll Hound
52553102,1,ジュラック・アステロ,朱罗纪小行星兽,Jurrac Astero
52553471,2,融合超渦,融合超涡,Over Fusion
52558805,1,太鼓魔人テンテンテンポ,太鼓魔人 咚咚拍子,Temtempo the Percussion Djinn
52566270,1,磁石の戦士ε,磁石战士ε,Epsilon The Magnet Warrior
52571838,1,忍び寄るデビルマンタ,偷偷靠近的恶魔蝠鲼,Creeping Doom Manta
52575195,1,ビビット騎士,机灵兔骑士,Vivid Knight
52584282,1,ヘラクレス・ビートル,大力独角仙,Hercules Beetle
52589809,1,風来王 ワイルド・ワインド,风来王 野风,Wandering King Wildwind
52596406,1,白曼波,白曼波,White Sunfish
52601736,1,甲虫装機 ホッパー,甲虫装机 蝗虫,Inzektor Hopper
52607696,3,幻惑のバリア －ミラージュフォース－,幻惑防护罩 -幻象之力-,Mirage Mirror Force
52615248,1,プログレオ,逐行狮,Progleo
52624755,1,闇・道化師のペーテン,暗道化师 彼得,Peten the Dark Clown
52628687,2,ネクロの魔導書,死灵之魔导书,Spellbook of Life
52639377,1,魔界闘士 バルムンク,魔界斗士 屠龙之剑,Underworld Fighter Balmung
52644170,1,メンタルクロス・デーモン,精神交错恶魔,Thought Cross Archfiend
52645235,1,エピュアリィ・ハピネス,亲历纯爱妖精·幸福妖精,Epurrely Happiness
52648457,3,ゴーゴンの眼,戈耳工之眼,Gorgon's Eye
52653092,1,ＳＮｏ.０ ホープ・ゼアル,闪光No.0 霍普·异热同心,Number S0: Utopic ZEXAL
52665542,2,ライトロードの神域,光道的神域,Lightsworn Sanctuary
52675689,1,暗黒の眠りを誘うルシファー,诱发暗黑长眠的路西法,Invitation to a Dark Sleep
52684508,2,黒炎弾,黑炎弹,Inferno Fire Blast
52687916,1,氷結界の龍 トリシューラ,冰结界之龙 三叉龙,"Trishula, Dragon of the Ice Barrier"
52698008,1,サイバース・ウィキッド,电子界小男巫,Cyberse Wicckid
52702748,1,異次元への案内人,异次元的案内人,D.D. Guide
52707042,1,リブロマンサー・ミスティガール,书灵师·秘法少女,Libromancer Mystigirl
52709508,1,Ａ・ジェネクス・トライフォース,盟军·次世代三力人,Genex Ally Triforce
52711246,1,妖神－不知火,妖神-不知火,Shiranui Squiresaga
52714670,3,メタファイズ・ディメンション,玄化次元,Metaphys Dimension
52738610,1,影霊衣の舞姫,影灵衣舞姬,Dance Princess of the Nekroz
52768103,1,ＫＡ－２ デス・シザース,KA-2 死亡钳,KA-2 Des Scissors
52786469,1,ラヴァル・ウォリアー,熔岩战士,Laval Warrior
52792430,1,捕食植物スピノ・ディオネア,捕食植物 捕蝇草棘龙,Predaplant Spinodionaea
52800428,1,死者の腕,死者之腕,Fiend's Hand
52807032,3,ダイノルフィア・ソニック,恐啡肽狂龙音速,Dinomorphia Sonic
52817046,2,記憶抹消,记忆抹消,Mind Wipe
52823314,1,魔界発現世行きバス,由魔界到现世的巴士,Tour Bus From the Underworld
52824910,1,カイザー・グライダー,帝王翔风龙,Kaiser Glider
52833089,3,ブラック・サンダー,黑翼雷电,Black Thunder
52834429,3,オーロラの天気模様,极光之天气模样,The Weather Auroral Canvas
52838896,2,一斉蜂起,一齐蜂起,Summoning Swarm
52840267,1,堕天使イシュタム,堕天使 伊希塔布,Darklord Ixchel
52840598,1,ブライ・シンクロン,无赖同调士,Bri Synchron
52843699,1,絶神鳥シムルグ,绝神鸟 斯摩夫,"Simorgh, Bird of Perfection"
52846880,1,カタストルの影霊衣,灾亡虫之影灵衣,Nekroz of Catastor
52854600,1,天威龍－スールヤ,天威龙-太阳蟠龙,Tenyi Spirit - Suruya
52860176,1,憑依するブラッド・ソウル,凭依的血魂,Possessed Dark Soul
52869807,1,ＢＦ－逆風のガスト,黑羽-逆风之加斯特,Blackwing - Gust the Backblast
52875873,2,エヴォリューション・バースト,进化光焰,Evolution Burst
52900000,1,霊魂鳥神－彦孔雀,灵魂鸟神-彦孔雀,Shinobaron Peacock
52900379,1,ＢＦ－追い風のアリゼ,黑羽-追风之艾莉婕,Blackwing - Brisote the Tailwind
52904476,1,ネフティスの悟り手,奈芙提斯之悟道者,Matriarch of Nephthys
52913738,2,破滅の儀式,破灭的仪式,Ritual of Destruction
52918032,1,メメント・ウラモン,莫忘阁楼怪,Mementotlan Ghattic
52927340,1,オルターガイスト・クンティエリ,幻变骚灵·查询昆提兰那克,Altergeist Kunquery
52945066,3,海晶乙女波動,海晶少女波动,Marincess Wave
52947044,2,フュージョン・デステニー,融合命运,Fusion Destiny
52962804,2,ドラグニティ・ドラフト,龙骑兵团征兵,Dragunity Draft
52963531,1,ＥＭマンモスプラッシュ,娱乐伙伴 洒水猛犸,Performapal Splashmammoth
52971673,2,トークン復活祭,衍生物复活祭,Token Sundae
52971944,3,火遁封印式,火遁封印式,Sealing Ceremony of Katon
52977572,1,ドラグニティ－ピルム,龙骑兵团-重标枪龙,Dragunity Pilum
53008933,1,デーモンの光来,恶魔光来,Archfiend's Advent
53025096,1,オッドアイズ・ドラゴン,异色眼龙,Odd-Eyes Dragon
53027855,1,風霊神ウィンドローズ,风灵神 温德罗斯,Windrose the Elemental Lord
53039326,2,鋼核合成獣研究所,钢核合成兽研究所,Iron Core Specimen Lab
53046408,2,非常食,非常食,Emergency Provisions
53054164,1,わくわくメルフィーズ,兴奋童话动物家族,Joyous Melffys
53054833,1,ＳＲダブルヨーヨー,疾行机人 双球悠悠,Speedroid Double Yoyo
53063039,3,Ｓｉｎ Ｃｌａｗ Ｓｔｒｅａｍ,罪 爪流,Malefic Claw Stream
53077251,3,単一化,单一化,Universal Adapter
53085623,1,水精鱗の深影隊,水精鳞的深影队,Mermail Shadow Squad
53087962,1,ベアルクティ－セプテン＝トリオン,北极天熊-北斗七星,Ursarctic Septentrion
53090623,1,黄血鬼,黄血鬼,Yellow-Bellied Oni
53094821,3,トゥーン・テラー,卡通叙述者,Toon Terror
53100061,1,Ｘ－セイバー アクセル,X-剑士 阿克塞尔,X-Saber Axel
53112492,3,対抗魔術,对抗魔术,Anti-Spell
53116300,1,インヴェルズを呼ぶ者,侵入魔鬼的呼唤者,Steelswarm Caller
53119267,3,魔力の棘,魔力之棘,Magical Thorn
53129443,2,ブラック・ホール,黑洞,Dark Hole
53134520,1,幻魔の召喚神,幻魔之召唤神,Phantasmal Summoning Beast
53136004,1,魔導皇士 アンプール,魔导皇士 安普尔,Emperor of Prophecy
53143898,1,オルターガイスト・マリオネッター,幻变骚灵·网络傀儡师,Altergeist Marionetter
53152590,1,Ｃ・コイル,链·线圈人,Iron Chain Coil
53153481,1,アーメイル,铠甲剑尾战士,Armaill
53154400,1,サイコ・ローヴァー,念力流浪者,Psychic Rover
53162898,1,アマゾネスの賢者,亚马逊贤者,Amazoness Sage
53167658,2,遮攻カーテン,遮攻幕帘,Blockout Curtain
53174748,3,御巫かみかくし,御巫神隐,Mikanko Spiritwalk
53180020,1,影霊衣の戦士 エグザ,影灵衣战士 艾可萨龙,"Exa, Enforcer of the Nekroz"
53183600,1,ブルーアイズ・トゥーン・ドラゴン,青眼卡通龙,Blue-Eyes Toon Dragon
53184342,1,ドラグニティアームズ－グラム,龙骑兵团武器-神怒剑,Dragunity Arma Gram
53193261,2,エレキー,电气钥匙,Wattkey
53194323,2,ダーク・エレメント,暗元素,Dark Element
53199020,1,魔轟神ディアネイラ,魔轰神 狄阿尼拉,Fabled Dianaira
53208660,2,ペンデュラム・コール,灵摆呼唤,Pendulum Call
53212882,1,ふわんだりぃず×すのーる,随风旅鸟×雪猫头鹰,Floowandereeze & Snowl
53239672,3,スピリットバリア,灵魂障壁,Spirit Barrier
53241226,2,クロス・オーバー,跨界交融,Cross Over
53244294,1,Ｎｏ.５７ 奮迅竜トレスラグーン,No.57 奋迅龙 三头龙,Number 57: Tri-Head Dust Dragon
53246495,1,インフェルニティ・クイーン,永火王后,Infernity Queen
53251824,1,ＲＲ－バニシング・レイニアス,急袭猛禽-驱逐伯劳,Raidraptor - Vanishing Lanius
53257892,1,ギガプラント,巨型植物,Gigaplant
53262004,1,オッドアイズ・ボルテックス・ドラゴン,异色眼风雷龙,Odd-Eyes Vortex Dragon
53265336,2,ドレミコード・スケール,七音服的音阶,Solfachord Scale
53266486,1,アネスヴァレット・ドラゴン,麻醉弹丸龙,Anesthrokket Dragon
53270092,1,キュウドウ魂 ＨＡＮ－ＳＨＩ,弓道魂 范士,Han-Shi Kyudo Spirit
53274132,1,Ｃ・リペアラー,链·修理工,Iron Chain Repairman
53276089,3,ライゼオル・マスドライバー,雷火沸动质量驱动器,Ryzeal Mass Driver
53286626,2,聖蔓の播種,圣蔓的播种,Sunvine Sowing
53291093,2,トライアングル・エリア,三角区,Mysterious Triangle
53293545,1,火炎草,火炎草,Firegrass
53303460,1,魔神儀－キャンドール,魔神仪-蜡烛人偶,Impcantation Candoll
53309998,1,シーアーカイバー,存档海马,Sea Archiver
53315891,1,合神竜ティマイオス,合神龙 蒂迈欧,Timaeus the Knight of Destiny
53318263,1,光の天穿バハルティヤ,光之天穿 巴哈路蒂亚,"Bahalutiya, the Grand Radiance"
53323475,3,傀儡流儀－パペット・シャーク,傀儡流仪-傀儡鲨,Puppet Shark
53325667,1,ガーデン・ローズ・メイデン,花园蔷薇少女,Garden Rose Maiden
53329234,3,微睡の罪宝－モーリアン,微睡之罪宝-魇鸦,Sinful Spoils of Slumber - Morrian
53330789,3,ＶＳ トリニティ・バースト,征服斗魂 三一爆发,Vanquish Soul Trinity Burst
53334471,3,御前試合,御前试合,Gozen Match
53334641,1,ゴーストリックの駄天使,鬼计惰天使,Ghostrick Angel of Mischief
53341729,3,閃光を吸い込むマジック・ミラー,吸入闪光的魔镜,Light-Imprisoning Mirror
53347303,1,青眼の光龍,青眼光龙,Blue-Eyes Shining Dragon
53363708,2,ラプテノスの超魔剣,拉普提诺斯之超魔剑,Supermagic Sword of Raptinus
53375573,1,深淵の冥王,深渊的冥王,Dark King of the Abyss
53388413,1,総剣司令 ガトムズ,总剑司令 加特姆士,"Commander Gottoms, Swordmaster"
53389254,1,Ａ ＢＦ－五月雨のソハヤ,强袭黑羽-五月雨之骚速刀鸟,Assault Blackwing - Sohaya the Rain Storm
53404966,1,焔聖騎士－リッチャルデット,焰圣骑士-里恰尔代托,Infernoble Knight Ricciardetto
53408006,1,ジェム・マーチャント,宝石商人,Gem-Merchant
53413628,1,コード・トーカー,码语者,Code Talker
53416326,1,円喚師フェアリ,圆唤师 仙女,Fairyant the Circular Sorcerer
53417695,3,破械唱導,破械唱导,Escape of the Unchained
53442500,3,走魔灯,走魔灯,End of the Line
53451824,1,幻獣機コンコルーダ,幻兽机 协和金翅鸟,Mecha Phantom Beast Concoruda
53461122,1,ガイアフレーム,地构体,Earth Effigy
53466722,1,始祖の竜王,始祖之龙王,First of the Dragonlords
53466826,2,ヒロイック・チャンス,英豪机会,Heroic Chance
53485634,1,真紅眼の遡刻竜,真红眼溯刻龙,Red-Eyes Retro Dragon
53490455,1,転生炎獣ラクーン,转生炎兽 貉子,Salamangreat Raccoon
53493204,1,心眼の女神,心眼之女神,Goddess with the Third Eye
53503015,2,冷薔薇の抱香,冷蔷薇的抱香,Frozen Rose
53519297,3,ブラック・ブースト,黑翼推进,Blackboost
53527835,2,ダーク・シティ,暗黑都市,Dark City
53530069,1,そよ風の精霊,微风之精灵,Spirit of the Breeze
53535814,1,氷結界の浄玻璃,冰结界的净玻璃,Judge of the Ice Barrier
53539634,1,クリッチー,三眼小巫师,Sanwitch
53540729,1,ゼンマイウォリアー,发条战士,Wind-Up Warrior
53541822,3,古代の機械競闘,古代的机械竞斗,Ancient Gear Duel
53545926,2,共闘闘君,共斗斗君,Token Support
53550467,1,聖騎士トリスタン,圣骑士 崔斯坦,Noble Knight Drystan
53567095,3,ゴッドバードアタック,神鸟攻击,Icarus Attack
53569894,3,光のピラミッド,光之金字塔,Pyramid of Light
53573406,1,カメンレオン,假面变色龙,Masked Chameleon
53577438,1,斬機ナブラ,斩机 纳布拉,Mathmech Nabla
53581214,1,ファイヤー・デビル,火焰恶魔,Fire Reaper
53582587,3,激流葬,激流葬,Torrential Tribute
53586134,2,バブル・ショット,水泡发射器,Bubble Blaster
53589300,1,創獄神ネルヴァ,创狱神 涅瓦,Nerva the Imprisoned Deity of Creation
53606874,1,ビック・アント,巨大蚂蚁,Big Insect
53610653,2,バウンド・ワンド,咒缚魔杖,Bound Wand
53618197,1,コンフィラス・ド・ヌーベルズ,新式魔厨的油封佛拉斯,Confiras de Nouvelles
53618293,1,聖蔓の乙女,圣蔓之少女,Sunvine Maiden
53620899,1,雀姉妹,雀姐妹,Mahjong Munia Maidens
53623827,1,トップ・ランナー,领跑者,Top Runner
53624265,1,破械童子ラキア,破械童子 罗鬼刹,Unchained Twins - Rakea
53639887,2,蛇眼神殿スネークアイ,蛇眼神殿,Divine Temple of the Snake-Eye
53656677,3,パワー・フレーム,力量框架,Power Frame
53666449,1,天空賢者ミネルヴァ,天空贤者 密涅瓦,"Minerva, Scholar of the Sky"
53670497,3,復活の聖刻印,复活之圣刻印,Hieratic Seal From the Ashes
53678698,1,武神－ミカヅチ,武神-御雷,Bujin Mikazuchi
53693416,1,イーグル・アイ,鹰眼,Eagle Eye
53701259,3,覚醒の三幻魔,觉醒的三幻魔,Awakening of the Sacred Beasts
53701457,1,Ｎｏ.２８ タイタニック・モス,No.28 巨神蛾,Number 28: Titanic Moth
53713014,1,クレイジー・フィッシュ,狂鱼,Crazy Fish
53714009,1,フレムベル・ウルキサス,炎狱魔神,Flamvell Uruquizas
53724621,1,ＥＭギタートル,娱乐伙伴 吉他海龟,Performapal Guitartle
53742162,3,氷水浸蝕,冰水浸蚀,Icejade Erosion
53753697,1,悪魔獣デビルゾア,恶魔兽 恶魔兽灵,Zoa the Fiendish Beast
53754104,1,ガード・マンティス,守卫螳螂,Guard Mantis
53765052,1,原罪のディアベルゼ,原罪之迪亚贝尔泽,Diabellze the Original Sinkeeper
53776525,1,ギゴバイト,义豪灵蜥,Gigobyte
53776969,1,スケアクロー・ライトハート,恐吓爪牙族·莱特哈特,Scareclaw Light-Heart
53778229,2,墓地封印,墓地封印,Silent Graveyard
53782828,1,Ｓ－Ｆｏｒｃｅ レトロアクティヴ,治安战警队 追溯者,S-Force Retroactive
53792930,2,Ｋ９－ＥＸ強制解除,K9-EX强制解除,K9 - EX Forced Liberation
53797637,1,炎征竜－バーナー,炎征龙-燃龙,"Burner, Dragon Ruler of Sparks"
53804307,1,焔征竜－ブラスター,焰征龙-爆龙,"Blaster, Dragon Ruler of Infernos"
53819028,1,捕食植物セラセニアント,捕食植物 瓶子草蚁,Predaplant Sarraceniant
53819808,2,六武院,六武院,Temple of the Six
53828396,1,瞬着ボマー,瞬着炸弹,Adhesive Explosive
53829412,1,グリフォール,狮鹫兽卫,Griffore
53829527,3,クリストロン・クラスター,水晶机巧晶簇,Crystron Cluster
53830602,1,魔界植物,魔界植物,Fungi of the Musk
53832650,1,バビロン,巴比伦,Meotoko
53839837,1,ヴァンパイア・ロード,吸血鬼领主,Vampire Lord
53842431,1,魔導獣 マスターケルベロス,魔导兽 刻耳柏洛斯尊主,Mythical Beast Master Cerberus
53855409,1,ドッペル・ウォリアー,二重身战士,Doppelwarrior
53860621,2,グローウィング・ボウガン,炫翼弩,Glowing Crossbow
53865474,2,ベアルクティ・スライダー,北极天熊滑行,Ursarctic Slider
53871273,1,混沌のヴァルキリア,混沌女武神,Chaos Valkyria
53890795,1,ロケット・ジャンパー,火箭弹跳手,Rocket Jumper
53921056,1,氷結界の虎将 ガンターラ,冰结界的虎将 健陀罗,General Gantala of the Ice Barrier
53923690,3,オメガの裁き,欧米伽的裁决,Omega Judgment
53927679,1,ファイヤー・トルーパー,火焰骑兵,Fire Trooper
53932291,1,ＳＲタケトンボーグ,疾行机人 竹蜻蜓电子人,Speedroid Taketomborg
53936268,3,パーソナル・スプーフィング,个人欺骗攻击,Personal Spoofing
53944920,1,ジェネクス・ヒート,次世代热炉人,Genex Furnace
53950487,1,Ｂ・Ｆ－突撃のヴォウジェ,蜂军-突击之钩镰枪蜂,Battlewasp - Halberd the Charge
53956001,2,曇りの天気模様,阴之天气模样,The Weather Cloudy Canvas
53971455,1,赫聖の妖騎士,赫圣之妖骑士,Despian Luluwalilith
53981499,1,マイティ・ウォリアー,强劲战士,Mighty Warrior
53982768,1,冥界の魔王 ハ・デス,冥界的魔王 哈·迪斯,Dark Ruler Ha Des
53989821,3,ＳＰＹＲＡＬ ＧＥＡＲ－マルチワイヤー,秘旋谍装备-多用钩绳,SPYRAL GEAR - Utility Wire
54031490,2,紫炎の狼煙,紫炎的狼烟,Shien's Smoke Signal
54040221,1,炎帝近衛兵,炎帝近卫兵,Royal Firestorm Guards
54040484,1,カオス・コア,混沌核心,Chaos Core
54048462,1,魔轟神ヴァルキュルス,魔轰神 瓦尔基鲁斯,Fabled Valkyrus
54059040,3,アイスバーン,滑冰场,Eisbahn
54082269,1,ＢＦ－フルアーマード・ウィング,黑羽-重装铠翼鸦,Blackwing Full Armor Master
54088068,1,剛鬼ヘッドバット,刚鬼 头锤蝙蝠,Gouki Headbatt
54092240,1,テセア聖霊器,忒塞亚圣灵器,Celestial Apparatus Tesea
54094821,3,リチュアルバスター,仪式破势,Ritual Buster
54098121,1,謎の傀儡師,谜之傀儡师,Mysterious Puppeteer
54100561,1,ファドレミコード・ファンシア,发之七音服·凡西娅,FaSolfachord Fancia
54109233,3,メサイアの蟻地獄,救世主之蚁地狱,Infinite Dismissal
54112932,1,ポテト＆チップス,薯薯与片片,Potato & Chips
54120521,2,Ｔｈｅ Ｌｅｇｅｎｄ ｏｆ Ｔｉｃｋｅｔｓ,传说之票,The Legend of Tickets
54126514,1,オルターガイスト・ペリネトレータ,幻变骚灵·渗透佩里,Altergeist Peritrator
54135423,1,花札衛－柳－,花札卫-柳-,Flower Cardian Willow
54149433,1,炎王獣 ガルドニクス,炎王兽 大鹏不死鸟,Fire King Avatar Garunix
54161401,1,ナチュル・ロック,自然岩,Naturia Rock
54175023,3,ディメンション・ガーディアン,次元守护者,Dimension Guardian
54178050,3,竜の逆鱗,龙之逆鳞,Dragon's Rage
54178659,1,虹天気アルシエル,虹天气 彩虹,The Weather Painter Rainbow
54185227,1,Ｖ・ＨＥＲＯ グラビート,幻影英雄 引力人,Vision HERO Gravito
54191698,1,Ｎｏ.２９ マネキンキャット,No.29 招财猫人偶,Number 29: Mannequin Cat
54199839,3,メタファイズ・アセンション,玄化升天,Metaphys Ascension
54207171,1,メメント・カクタス,莫忘卡库塔斯,Mementotlan Akihiron
54239282,2,オールド・マインド,抽鬼心,Old Mind
54241725,3,真源の帝王,真源的帝王,The Prime Monarch
54248491,1,サクリファイス・スパイダー,牲祭蜘蛛,Relinquished Spider
54250060,2,召魔装着,召魔装着,Empowerment
54257392,1,Ｌｉｖｅ☆Ｔｗｉｎ キスキル・フロスト,直播☆双子 姬丝基勒·霜精,Live☆Twin Ki-sikil Frost
54261514,2,超獸の咆哮,超兽的咆哮,Final Bringer of the End Times
54266211,1,エヴォルダー・ウルカノドン,进化龙·火山齿龙,Evolsaur Vulcano
54283059,2,平行世界融合,平行世界融合,Parallel World Fusion
54289683,2,パワーカプセル,能量胶囊,Power Capsule
54297661,3,ディメンション・リフレクター,次元反射镜,Dimension Reflector
54306223,2,ヴェノム・スワンプ,蛇毒沼泽,Venom Swamp
54320860,1,インフェルニティ・ビショップ,永火主教,Infernity Patriarch
54326448,1,フレムベル・アーチャー,炎狱弓手,Flamvell Archer
54332792,1,ネオ・カイザー・シーホース,新帝王海马,Neo Kaiser Sea Horse
54334420,1,ふわんだりぃず×いぐるん,随风旅鸟×白头鹰,Floowandereeze & Eglen
54338958,1,インヴェルズの魔細胞,侵入魔鬼的魔细胞,Steelswarm Cell
54340229,3,聖天樹の開花,圣天树的开花,Sunavalon Bloom
54343893,1,バイス・ドラゴン,恶龙,Vice Dragon
54351224,2,リチュアル・ウェポン,仪式武器,Ritual Weapon
54358015,1,銀河影竜,银河影龙,Galaxy Stealth Dragon
54359696,1,魔導術士 ラパンデ,魔导术士 拉潘迪,Stoic of Prophecy
54360049,1,カトブレパスと運命の魔女,卡托布莱帕斯与命运之魔女,Catoblepas and the Witch of Fate
54366836,1,Ｎｏ.５４ 反骨の闘士ライオンハート,No.54 反骨斗士 狮心,Number 54: Lion Heart
54374642,3,Ａｉ－ＳＨＯＷ,冤家作秀-喜与“艾”,A.I.'s Show
54387923,1,シドレミコード・ビューティア,西之七音服·比蒂娅,TiSolfachord Beautia
54401832,1,メタルフォーゼ・カーディナル,炼装勇士·绯金红巨甲,Metalfoes Crimsonite
54407825,2,驚天動地,惊天动地,Earthshattering Event
54408264,2,魔鍵闘争,魔键斗争,Magikey Battle
54423935,3,Ｒ・Ｒ・Ｒ,急袭猛禽复制品,Raidraptor Replica
54446813,1,ダイナレスラー・マーシャルアンペロ,恐龙摔跤手·武术葡萄园龙,Dinowrestler Martial Ampelo
54447022,2,ソウル・チャージ,灵魂补充,Soul Charge
54451023,3,植物連鎖,植物链,Plant Food Chain
54455435,1,ガスタの巫女 ウィンダ,薰风的巫女 薇茵妲,"Winda, Priestess of Gusto"
54455664,1,ドラグニティ－ブランディストック,龙骑兵团-叉龙,Dragunity Brandistock
54458867,2,スクイブ・ドロー,爆竹弹抽卡,Squib Draw
54475145,1,心宿りし青眼竜,宿心的青眼龙,Heart of the Blue-Eyes
54484652,1,超戦士カオス・ソルジャー,超战士 混沌战士,Black Luster Soldier - Super Soldier
54485355,1,昇華騎士－エクスパラディン,升华骑士,Sublimation Knight
54490275,1,ゴーストリックの雪女,鬼计雪女,Ghostrick Yuki-onna
54493213,1,原始太陽ヘリオス,原始太阳 赫利俄斯,Helios - The Primordial Sun
54497620,1,ガジェット・ドライバー,工具起子,Gadget Driver
54498517,1,ギガンティック・スプライト,巨大喷流卫星闪灵,Gigantic Spright
54507222,1,ギャラクシー・ワーム,银河蠕虫,Galaxy Worm
54512827,1,ゴーストリック・ランタン,鬼计南瓜灯,Ghostrick Lantern
54514594,1,ヴォルカニック・ハンマー,火山重锤,Volcanic Hammerer
54520292,1,コアキメイル・アイス,核成冰人,Koa'ki Meiru Ice
54525057,1,星辰のパラディオン,星辰之圣像骑士,Crusadia Draco
54527349,3,叛逆の堕天使,叛逆的堕天使,Darklord Uprising
54529134,2,転生炎獣の超転生,转生炎兽的超转生,Salamangreat Transcendence
54537489,1,タツノオトシオヤ,龙落亲,Mare Mare
54539105,2,ライオンの儀式,狮子的仪式,War-Lion Ritual
54541900,1,カルボナーラ戦士,炭烧战士,Karbonala Warrior
54550967,1,メメント・エンウィッチ,莫忘天魔女,Mementotlan Angwitch
54562327,2,Ｓｔａｋｅ Ｙｏｕｒ Ｓｏｕｌ！,赌上你的灵魂！,Stake your Soul!
54563536,1,マシンナーズ・リザーブレイク,机甲破坏预备兵,Machina Resavenger
54564198,3,死者所生,死者所生,Monster Rebirth
54569495,1,海晶乙女クラウンテイル,海晶少女 冠尾斗鱼,Marincess Crown Tail
54573517,2,ＴＧ－オールクリア,科技属-全部通过,T.G. All Clear
54578613,1,ドラグニティ－レギオン,龙骑兵团-军团,Dragunity Legionnaire
54579801,1,満ち潮のマーマン,满潮鱼人,High Tide Gyojin
54582424,1,幻蝶の刺客オオルリ,幻蝶刺客 英雄翠凤蝶,Blue Mountain Butterspy
54591086,3,魔法除去細菌兵器,魔法除去细菌兵器,Virus Cannon
54594017,1,ＢＦ－下弦のサルンガ,黑羽-下弦之光弓鸟,Blackwing - Sharnga the Waning Moon
54611591,1,イタズラの大精霊ハロ,淘气大精灵 哈洛,"Hallo, the Spirit of Tricks"
54615781,1,風の精霊,风之精灵,Spirit of the Winds
54620698,1,ジェムナイト・ルマリン,宝石骑士·黄碧,Gem-Knight Tourmaline
54622031,1,金色の魔象,金色的魔象,Great Mammoth of Goldfine
54629413,1,ゲリラカイト,游击风筝,Guerilla Kite
54631665,2,ＳＰＹＲＡＬ ＲＥＳＯＲＴ,秘旋谍的秘密胜地,SPYRAL Resort
54631834,2,端末世界,终端世界,Terminal World
54635100,1,リンクルベル,叮当铃连接星,Linkerbell
54635862,1,ジェントルーパー,美西螈绅士,Gentlemander
54652250,1,人喰い虫,食人虫,Man-Eater Bug
54656181,1,Ｃ戦場の指揮官 コロネル,C战场的指挥官 上校,Colonel on C-String
54658815,3,リモート・リボーン,远程苏生,Remote Rebirth
54670997,2,ＧＰ－ベター・ラック,黄金荣耀-下次好运,Gold Pride - Better Luck Next Time!
54693926,2,冥王結界波,冥王结界波,Dark Ruler No More
54700519,1,ベアルクティ－メガタナス,北极天熊-大黑熊,Ursarctic Megatanus
54701958,1,月光舞獅子神姫,月光舞狮子神姬,Lunalight Liger Dancer
54702678,1,極戦機王ヴァルバロイド,极战机王 战神机人,"Barbaroid, the Ultimate Battle Machine"
54704216,3,拷問車輪,拷问车轮,Nightmare Wheel
54706054,1,ザ・キャリブレーター,测量器人,The Calibrator
54719828,1,Ｎｏ.１６ 色の支配者ショック・ルーラー,No.16 色之支配者,Number 16: Shock Master
54734082,2,マグネット・インダクション,磁力诱导,Magnet Induction
54747648,1,玄武の召喚士,玄武召唤士,Green Turtle Summoner
54749427,1,Ｄ－ＨＥＲＯ ディフェンドガイ,命运英雄 防御人,Destiny HERO - Defender
54752875,1,双頭の雷龍,双头雷龙,Twin-Headed Thunder Dragon
54757758,1,沼地のドロゴン,沼地的泥龙王,Mudragon of the Swamp
54762426,3,埋蔵金の地図,埋藏金的地图,Treasure Map
54766667,1,ホーリーフレーム,圣构体,Light Effigy
54772065,1,Ｂ・Ｆ－連撃のツインボウ,蜂军-连击之双弩蜂,Battlewasp - Twinbow the Attacker
54773234,2,禁じられた聖典,禁忌的圣典,Forbidden Scripture
54807656,2,破械神の慟哭,破械神的恸哭,Wailing of the Unchained Souls
54813225,1,ダックファイター,野鸭战斗机,Duck Fighter
54828837,2,失楽の霹靂,失乐之霹雳,Cerulean Skyfire
54844990,1,デス・ストーカー,死亡潜行者,Skull Stalker
54851325,2,世壊賛歌,世坏赞歌,Realm Eulogy
54860010,1,ワーム・プリンス,异虫王子,Worm Prince
54862960,1,鏡の御巫ニニ,镜之御巫 迩迩,Ni-Ni the Mirror Mikanko
54878498,1,ケルベク,凯尔柏克,Kelbek
54878729,1,クロニクル・ソーサレス,年代记女巫,Chronicle Sorceress
54880296,2,妖仙獣の風祀り,妖仙兽的风祀,Yosenju Wind Worship
54895237,1,晴天気ベンガーラ,晴天气 锈红,The Weather Painter Sun
54903668,3,妖仙獣の秘技,妖仙兽的秘技,Yosenjus' Secret Move
54912977,1,マジック・ランプ,魔法神灯,Ancient Lamp
54913680,2,六武ノ書,六武之书,Six Scrolls of the Samurai
54919528,1,Ｋ９－ØØ号 “Ｈｏｕｎｄ”,K9-ØØ号 “猎犬”,"K9 - #ØØ ""Hound"""
54927180,3,福悲喜,福悲喜,Fukubiki
54936498,1,インフルーエンス・ドラゴン,影响龙,Influence Dragon
54941203,1,調律の魔術師,调律之魔术师,Tuning Magician
54959865,1,Ｎ・エア・ハミングバード,新空间侠·天空蜂鸟,Neo-Spacian Air Hummingbird
54965929,1,魔導獣 メデューサ,魔导兽 美杜莎水母,Mythical Beast Medusa
54974237,3,闇のデッキ破壊ウイルス,暗之卡组破坏病毒,Eradicator Epidemic Virus
54976796,3,レベル制限Ａ地区,等级限制A地区,Level Limit - Area A
54977057,2,天空の宝札,天空的宝札,Cards from the Sky
55001420,1,深緑の魔弓使い,深绿之魔弓使,Arcane Archer of the Forest
55008284,3,同姓同名同盟,同姓同名同盟,The League of Uniform Nomenclature
55010259,1,ゴールド・ガジェット,金色零件,Gold Gadget
55013285,1,軍隊竜,军队龙,Troop Dragon
55014050,1,ウォーター・ガール,水之少女,Water Girl
55031170,1,Ｋ９－６６ｂ号 ランタン,K9-66b号 灯鬼,K9 - #66b Lantern
55034079,3,リンク・デス・ターレット,连接死亡炮塔,Link Turret
55046718,2,ヴァイロン・コンポーネント,大日元件,Vylon Component
55049722,3,Ｓ－Ｆｏｒｃｅ チェイス,治安战警队追缉,S-Force Chase
55051920,3,オルフェゴール・コア,自奏圣乐的延音,Orcustrated Core
55063681,1,パワー・サプライヤー,力量供给者,Power Supplier
55063751,1,海亀壊獣ガメシエル,海龟坏兽 加美西耶勒,"Gameciel, the Sea Turtle Kaiju"
55067058,1,Ｎｏ.１９ フリーザードン,No.19 冷冻龙,Number 19: Freezadon
55072170,3,ウィッチクラフト・マスターピース,魔女术的杰作,Witchcrafter Masterpiece
55099248,1,ナチュル・ストロベリー,自然草莓,Naturia Strawberry
55100740,1,化合獣ハイドロン・ホーク,化合兽 氢素鹰,Chemicritter Hydron Hawk
55106249,1,ブンボーグ００６,文具电子人006,Deskbot 006
55117418,3,能力吸収コア,能力吸收核心,Nega-Ton Corepanel
55119278,1,Ｄ・ラジオン,变形斗士·无线电,Morphtronic Radion
55125728,1,春化精の女神 ヴェーラ,春化精的女神 春,Vera the Vernusylph Goddess
55136228,2,剣闘獣の底力,剑斗兽的底力,Indomitable Gladiator Beast
55144522,2,強欲な壺,强欲之壶,Pot of Greed
55151012,1,氷水のトレモラ,冰水之透闪石精,Icejade Tremora
55154048,2,極星宝ドラウプニル,极星宝 德罗普尼尔,Nordic Relic Draupnir
55154344,2,登竜華幻朧門,登龙华幻胧门,Ryu-Ge Realm - Wyrm Winds
55168550,1,銀河剣聖,银河剑圣,Galaxy Brave
55171412,1,Ｅ・ＨＥＲＯ アクア・ネオス,元素英雄 水波新宇侠,Elemental HERO Aqua Neos
55204071,1,ギミック・パペット－ナイトメア,机关傀儡-梦魇,Gimmick Puppet Nightmare
55210709,1,サファイヤ・リサーク,青玉眼怪,Lisark
55226153,1,ドドレミコード・キューティア,多之七音服·丘蒂娅,DoSolfachord Cutia
55226821,2,稲妻の剣,闪电之剑,Lightning Blade
55241609,1,魔境のパラディオン,魔境之圣像骑士,Crusadia Reclusia
55256016,3,アヌビスの裁き,阿努比斯的裁决,Judgment of Anubis
55262310,3,Ａ・∀・ＲＲ,惊奇游乐设施·∀·疾速赛车,Amaze Attraction Rapid Racing
55271628,3,暴君の自暴自棄,暴君的自暴自弃,Tyrant's Throes
55272555,1,メメント・ホーン・ドラゴン,莫忘角魔龙,Mementotlan-Horned Dragon
55273560,1,白の聖女エクレシア,白之圣女 艾克莉西娅,"Incredible Ecclesia, the Virtuous"
55276522,2,登竜華転生紋,登龙华转生纹,Ryu-Ge War Zone
55277252,1,魔轟神獣ノズチ,魔轰神兽 野槌,The Fabled Nozoochee
55285840,1,クロノダイバー・リダン,时间潜行者·表盘修复师,Time Thief Redoer
55289183,1,享楽の堕天使,享乐之堕天使,Capricious Darklord
55291359,1,サキュバス・ナイト,女夜魔骑士,Succubus Knight
55312487,3,クルセイド・パラディオン,圣像骑士的圣战,Crusadia Vanguard
55320758,1,天上天下百鬼羅刹,天上天下百鬼罗刹,Goblin Bikers Gone Wild
55321970,2,突風の扇,突风之扇,Gust Fan
55326322,1,水晶機巧－ローズニクス,水晶机巧-红晶雀,Crystron Rosenix
55337339,1,転職の魔鏡,转职的魔镜,Job-Change Mirror
55343172,1,伝説の決闘場,传说的决斗场,Legendary Dueling Field
55343236,1,Ｓｉｎ 真紅眼の黒竜,罪 真红眼黑龙,Malefic Red-Eyes Black Dragon
55343303,2,氷水揺籃,冰水摇篮,Icejade Cradle
55348096,3,武器庫荒らし,武器库盗贼,Arsenal Robber
55349196,1,双頭竜キング・レックス,双头龙 恐龙王,Double-Headed Dino King Rex
55349375,1,海造賊－青髭の海技士,海造贼-蓝胡子海技士,"Bluebeard, the Plunder Patroll Shipwright"
55351724,2,犬賞金,犬赏金,Bownty
55375684,2,召喚雲,召唤云,Summon Cloud
55401221,1,電池メン－単一型,电池人-单一型,Batteryman D
55410871,1,ブルーアイズ・カオス・ＭＡＸ・ドラゴン,青眼混沌极龙,Blue-Eyes Chaos MAX Dragon
55415564,1,ＤＤイービル,DD 邪恶,D/D Evil
55416843,2,蛮族の狂宴ＬＶ５,蛮族的狂宴LV5,Feast of the Wild LV5
55423549,1,黒き魔族－レオ・ウィザード,黑色魔族-狮子男巫,"Leo Wizard, the Dark Mage"
55424270,1,魔導獣 ケルベロス,魔导兽 刻耳柏洛斯,Mythical Beast Cerberus
55428242,1,アトラの蟲惑魔,阿特拉之虫惑魔,Traptrix Atrax
55428811,2,ホープ・オブ・フィフス,第五幕之希望,Fifth Hope
55444629,1,レッサー・ドラゴン,下级龙,Lesser Dragon
55461064,1,Ｄ－ＨＥＲＯ ダガーガイ,命运英雄 匕首人,Destiny HERO - Blade Master
55461744,1,大翼のバフォメット,大翼之巴风特,Big-Winged Berfomet
55465441,3,ギブ＆テイク,平等交换,Give and Take
55470553,1,Ｎｏ.９８ 絶望皇ホープレス,No.98 绝望皇 霍普勒斯,Number 98: Antitopian
55484152,2,燦幻封炉,灿幻封炉,Sangen Furo
55488859,1,エヴォルド・ゲフィロス,进化虫·桥蜥,Evoltile Gephyro
55496220,2,光波干渉,光波干涉,Cipher Interference
55501446,1,ライト・サーペント,光蛇,Lightserpent
55521751,2,ふわんだりぃずと未知の風,随风旅鸟与未知之风,Floowandereeze and the Unexplored Winds
55538156,3,極炎舞－「辰斗」,极炎舞-「辰斗」,Ultimate Fire Formation - Sinto
55550921,1,格闘戦士アルティメーター,格斗战士 阿提米特,Battle Warrior
55553602,2,ＥＭドラマチックシアター,娱乐伙伴戏剧剧场,Performapal Dramatic Theater
55554175,1,ＥＭクラシックリボー,娱乐伙伴 古典栗子球,Performapal Classikuriboh
55557574,2,神速召喚,神速召唤,Thunderspeed Summon
55567161,1,ポット・ザ・トリック,戏法壶,Pot the Trick
55569674,2,女神の聖剣－エアトス,女神的圣剑-鹰灵,Celestial Sword - Eatos
55573346,3,誤爆,误爆,Oops!
55584558,2,ピュアリィ・デリシャスメモリー,纯爱妖精美味回忆,Purrely Delicious Memory
55586621,1,フォーチュンレディ・ダルキー,命运女郎·达琪,Fortune Lady Dark
55589254,1,氷炎の双竜,冰炎之双龙,Frost and Flame Dragon
55591586,1,雷劫龍－サンダー・ドラゴン,雷劫龙-雷龙,Thunder Dragonduo
55599882,2,武神決戦,武神决战,Bujintervention
55608151,3,グリフォンの翼,狮鹫之翼,Gryphon Wing
55610199,1,ジェムナイトレディ・ローズ・ダイヤ,宝石骑士女郎·玫钻,Gem-Knight Lady Rose Diamond
55610595,1,ＢＦ－上弦のピナーカ,黑羽-上弦之灭弓鸟,Blackwing - Pinaki the Waxing Moon
55615891,1,Ｅ・ＨＥＲＯ ワイルド・ウィングマン,元素英雄 荒野翼侠,Elemental HERO Wild Wingman
55623480,1,妖精伝姫－シラユキ,妖精传姬-白雪,Fairy Tail - Snow
55624610,1,スクラップ・ハンター,废铁猎人,Scrap Hunter
55673611,3,サイコ・トリガー,念力触发器,Psychic Trigger
55688914,1,ＶＳ プルトンＨＧ,征服斗魂 普鲁同HG,Vanquish Soul Pluton HG
55690251,1,堕天使ディザイア,堕天使 迪赛尔,Darklord Desire
55691901,1,グレード・ビル,大嘴,Great Bill
55696885,1,疫病狼,疫病狼,Plague Wolf
55697723,1,浮上するビッグ・ジョーズ,浮上的大颚鲛,Surfacing Big Jaws
55702233,1,生きる偲びのシルキィ,活回忆之羽衣精,Ret-time Reviver Emit-ter
55704856,2,サイバーロード・フュージョン,电子负载融合,Cyberload Fusion
55705473,1,バオバブーン,狒狒面包树,Baobaboon
55713623,2,収縮,收缩,Shrink
55725117,1,プランキッズ・ドロップ,调皮宝贝·水滴娃,Prank-Kids Dropsies
55727845,1,Ｎｏ.９６ ブラック・ミスト,No.96 黑雾,Number 96: Dark Mist
55735315,1,魂食神龍ドレイン・ドラゴン,魂食神龙 吸灵龙,Soul Drain Dragon
55737443,1,守護神エクゾード,守护神 艾克佐德,"Exxod, Master of The Guard"
55742055,2,円卓の聖騎士,圆桌的圣骑士,Noble Knights of the Round Table
55749927,3,オリファンの角笛,象牙角笛,Horn of Olifant
55758589,1,フォトン・ワイバーン,光子翼龙,Photon Wyvern
55761792,2,カオスの儀式,混沌的仪式,Black Luster Ritual
55762976,1,グッサリ＠イグニスター,刺刺妖@火灵天星,Gussari @Ignister
55763552,1,壺魔人,壶魔人,Dragon Piper
55766177,3,弑逆の魔轟神,弑逆的魔轰神,Fabled Treason
55773067,3,はたき落とし,打落,Drop Off
55784832,1,モリンフェン,莫林芬,Morinphen
55787576,1,星遺物－『星盾』,星遗物-『星盾』,"World Legacy - ""World Shield"""
55794644,1,マスター・ヒュペリオン,主宰者·许珀里翁,Master Hyperion
55795155,2,ペンデュラム・エボリューション,灵摆进化,Pendulum Evolution
55818463,1,死王リッチーロード,死王 巫妖大君,"Lich Lord, King of the Underworld"
55821894,1,アマゾネスの格闘戦士,亚马逊格斗战士,Amazoness Fighter
55824220,3,輝石融合,辉石融合,Pyroxene Fusion
55838342,3,クローラー・パラディオン,机怪虫之圣像骑士,Crusadia Krawler
55863245,1,たつのこ,龙子,Tatsunoko
55870497,2,燃え竹光,燃烧的竹光,Burning Bamboo Sword
55875323,1,でんきトカゲ,电蜥蜴,Electric Lizard
55878038,1,混源龍レヴィオニア,混源龙 巨涡始祖神,Chaos Dragon Levianeer
55885348,1,Ｋｏｚｍｏ－ダークシミター,星际仙踪-达克大弯刀号,Kozmo Dark Destroyer
55888045,1,ＣＮｏ.１０６ 溶岩掌ジャイアント・ハンド・レッド,混沌No.106 熔岩掌 巨手·红掌,Number C106: Giant Red Hand
55920742,1,Ｎｏ－Ｐ.Ｕ.Ｎ.Ｋ.フォクシー・チューン,能朋克 调狐,Noh-P.U.N.K. Foxy Tune
55935416,1,Ｎｏ.５６ ゴールドラット,No.56 金鼠,Number 56: Gold Rat
55936191,1,ベアルクティ－ミクタナス,北极天熊-小黑熊,Ursarctic Miktanus
55948544,3,ファラオの審判,法老的审判,Judgment of the Pharaoh
55969226,1,青竜の召喚士,青龙召唤士,Blue Dragon Summoner
55976207,2,契約の遂行,契约遂行,Execution of the Contract
55982698,1,Ａ・Ｏ・Ｊ リバース・ブレイク,正义盟军 破反车,Ally of Justice Reverse Break
55985014,3,ミラクル・キッズ,奇迹小子,Miracle Kids
55990317,1,神碑の翼フギン,神碑之翼 胡基,Hugin the Runick Wings
55991637,2,火竜の火炎弾,火龙的火炎弹,Dragon's Gunfire
55997110,1,ＥＭハンサムライガー,娱乐伙伴 俊侍狮虎,Performapal Handsamuraiger
55998462,1,メタル・フィッシュ,金属鱼,Metal Fish
56001930,3,怪蹴一色,怪蹴一色,The Return to the Normal
56003780,1,転生炎獣Ｊジャガー,转生炎兽 灯火美洲豹,Salamangreat Jack Jaguar
56043446,1,万力魔神バイサー・デス,万力魔神 死亡拷问机,Viser Des
56049970,1,水晶機巧－プラシレータ,水晶机巧-绿晶龟,Crystron Prasiortle
56051086,1,Ｎｏ.４３ 魂魄傀儡鬼ソウル・マリオネッター,No.43 魂魄傀儡鬼 灵魂傀儡师,Number 43: Manipulator of Souls
56051648,3,スパイダー・エッグ,蜘蛛卵,Spider Egg
56052205,1,貫ガエル,贯青蛙,Unifrog
56058749,3,ドレミコード・ムジカ,七音服的音乐,Solfachord Musica
56058888,3,王宮の陥落,王宫的陷落,Royal Surrender
56063182,2,肆世壊＝ライフォビア,肆世坏-恐惧世界,Primitive Planet Reichphobia
56074358,2,Ｄ・フィールド,变形斗士·场地,Morphtronic Map
56094445,1,古代の機械兵士,古代的机械士兵,Ancient Gear Soldier
56099748,1,ヴィサス＝スタフロスト,维萨斯-斯塔弗罗斯特,Visas Starfrost
56100345,1,サイバー・ダーク・ヴルム,电子暗黑亚龙,Cyberdark Wurm
56105047,1,ゴゴゴゴースト,隆隆隆幽灵,Gogogo Ghost
56111151,2,ＫＹＯＵＴＯＵウォーターフロント,京塔 海滨地区,Kyoutou Waterfront
56119752,3,プレゼントカード,礼物卡,Present Card
56120475,3,炸裂装甲,炸裂装甲,Sakuretsu Armor
56132807,1,アップル・マジシャン・ガール,苹果魔术少女,Apple Magician Girl
56146300,1,Ｂ・Ｆ－猛撃のレイピア,蜂军-猛击之细剑蜂,Battlewasp - Rapier the Onslaught
56161953,1,スクリプトン,隐藏脚本氪灯人,Scrypton
56166150,1,トワイライトロード・シャーマン ルミナス,暮光道萨满 露米娜丝,"Lumina, Twilightsworn Shaman"
56174248,1,魔導鬼士 ディアール,魔导鬼士 迪亚勒,Prophecy Destroyer
56196385,1,鉄獣戦線 キット,铁兽战线 姬特,Tri-Brigade Kitt
56198785,1,背護衛,背护卫,Guard Ghost
56208713,1,幻奏の音姫スペクタキュラー・バッハ,幻奏的音姬 壮丽之巴赫,Bacha the Melodious Maestra
56209279,1,インフェルニティ・ネクロマンサー,永火死灵师,Infernity Necromancer
56223084,1,ハリマンボウ,针弹翻车鱼,Needle Sunfish
56240989,1,エヴォルド・カシネリア,进化虫·奶酪湾蜥,Evoltile Casinerio
56246017,3,デーモンの雄叫び,恶魔的雄叫,Archfiend's Roar
56252810,2,Ｒｅ－ＢＵＳＴＥＲ,再爆裂,Assault Revival
56256517,2,予見通帳,预见存折,Ledger of Legerdemain
56260110,2,雷鳴,雷鸣,Raimei
56283725,1,蜘蛛男,蜘蛛男,Kumootoko
56286179,1,ドリル・シンクロン,钻头同调士,Drill Synchron
56292140,1,Ｎｏ.５１ 怪腕のフィニッシュ・ホールド,No.51 怪腕之必杀摔角手,Number 51: Finisher the Strong Arm
56294501,3,ジャンクスリープ,垃圾睡眠,Junk Sleep
56308388,1,クロノダイバー・リューズ,时间潜行者·表冠操作员,Time Thief Winder
56321639,2,魔導書廊エトワール,魔导书廊 埃图瓦勒,Spellbook Star Hall
56322832,1,転惺竜華－闇巴,转惺龙华-暗巴,Tensei Ryu-Ge Anva
56337500,1,サイバース・リマインダー,电子界提醒员,Cyberse Reminder
56339050,3,地縛神の咆哮,地缚神的咆哮,Roar of the Earthbound Immortal
56342351,1,マグネッツ１号,磁力战士1号,M-Warrior #1
56343672,1,レスキューフェレット,救援雪貂,Rescue Ferret
56346071,1,トーテム・ファイブ,图腾五星,Totem Five
56347375,1,竜剣士イグニスＰ,龙剑士 点火烈·凤凰,"Ignis Phoenix, the Dracoslayer"
56350972,1,竜姫神サフィラ,龙姬神 萨菲拉,"Saffira, Queen of Dragons"
56364287,1,サイバー・ドラゴン・ヘルツ,电子龙芯,Cyber Dragon Herz
56369281,1,ベイオウルフ,贝奥武夫狼,Wolf Axwielder
56387350,1,ヴァンパイア・ベビー,吸血鬼婴儿,Vampire Baby
56399890,1,魔轟神獣キャシー,魔轰神兽 凯希,The Fabled Catsith
56401775,1,メルフィー・ポニィ,童话动物·小马,Melffy Pony
56410040,1,ジャンク・フォアード,废品前锋,Junk Forward
56413937,1,戦場の死装束,战场的死装束,Warrior of Tradition
56421754,1,Ｕ.Ａ.マイティスラッガー,超级运动员 猛力强击手,U.A. Mighty Slugger
56427559,1,ギミック・パペット－ギア・チェンジャー,机关傀儡-齿轮变速者,Gimmick Puppet Gear Changer
56433456,2,天空の聖域,天空的圣域,The Sanctuary in the Sky
56460688,2,異次元隔離マシーン,异次元隔离机,Different Dimension Gate
56461575,3,螺旋蘇生,螺旋苏生,Spiral Reborn
56465981,2,龍相剣現,龙相剑现,Swordsoul Emergence
56495147,1,相剣師－泰阿,相剑师-泰阿,Swordsoul of Taia
56499179,1,幻朧竜華－霸巴,幻胧龙华-霸巴,Genro Ryu-Ge Hakva
56506740,2,原石の皇脈,原石的皇脉,Primite Lordly Lode
56510115,2,ドレミコード・シンフォニア,七音服的交响曲,Solfachord Symphony
56511382,1,Ａ・ジェネクス・ボルキャノン,盟军·次世代火炮兵,Genex Ally Volcannon
56514812,1,くノ一ウォリアー,女忍战士,Kunoichi
56518311,1,メタルフォーゼ・バニッシャー,炼装勇士·消灭,Metalfoes Vanisher
56524813,1,逆巻くエリア,逆卷之艾莉娅,Raging Eria
56526564,3,絶縁の落とし穴,绝缘的落穴,Break Off Trap Hole
56532353,1,真青眼の究極竜,真青眼究极龙,Neo Blue-Eyes Ultimate Dragon
56532632,3,威風堂々,威风堂堂,Chivalry
56535497,3,バーサーキング,狂怒,Berserking
56562619,1,黒竜の忍者,黑龙忍者,Black Dragon Ninja
56570271,1,Ｄ－ＨＥＲＯ ディスクガイ,命运英雄 圆盘人,Destiny HERO - Disk Commander
56574543,1,武神器－ツムガリ,武神器-都牟刈,Bujingi Sinyou
56577312,2,エレキカンシャ,电气机车,Wattrain
56585883,1,ハーピィ・ハーピスト,鹰身竖琴师,Harpie Harpist
56588755,3,ドラグマ・ジェネシス,教导的创成,Dogmatika Genesis
56594520,2,ガイアパワー,大地力量,Gaia Power
56597272,1,雲魔物－羊雲,云魔物-羊云,Cloudian - Sheep Cloud
56605802,1,幻影コオロギ,幻影蟋蟀,Phantom Cricket
56606928,2,永遠の渇水,永远的渴水,Eternal Drought
56611470,2,アーティファクトの解放,古遗物的解放,Artifacts Unleashed
56619314,1,ＤＤＤ覇龍王ペンドラゴン,DDD 霸龙王 潘德拉刚,D/D/D Dragon King Pendragon
56619778,2,ＬＬ－バード・ストライク,抒情歌鸲-鸟击,Lyrilusc - Bird Strike
56638325,1,星輝士 デルタテロス,星辉士 夏三角,Stellarknight Delteros
56641453,3,コクーン・ヴェール,茧状衣,Cocoon Veil
56647086,1,暗黒の侵略者,暗黑之侵略者,Invader of Darkness
56649609,1,幻煌龍 スパイラル,幻煌龙 螺旋,Phantasm Spiral Dragon
56655675,1,聖霊獣騎 ガイアペライオ,圣灵兽骑 地火狮,Ritual Beast Ulti-Gaiapelio
56673112,1,インペリアル・バウアー,最高皇牌,Imperial Bower
56673480,2,ドン・サウザンドの契約,上千主上的契约,Contract with Don Thousand
56675280,1,ＥＭインコーラス,娱乐伙伴 合唱鹦鹉,Performapal Parrotrio
56677752,1,ＥＭオッドアイズ・バトラー,娱乐伙伴 异色眼管家,Performapal Odd-Eyes Butler
56681873,1,魔装戦士 テライガー,魔装战士 地虎,"Terratiger, the Empowered Warrior"
56700100,2,ピュアリィ・マイフレンド,我的纯爱妖精朋友,My Friend Purrely
56704140,1,氷結界の風水師,冰结界的风水师,Geomancer of the Ice Barrier
56713174,1,雷電龍－サンダー・ドラゴン,雷电龙-雷龙,Thunder Dragondark
56713552,1,イビル・ラット,邪恶老鼠,Obese Marmot of Nefariousness
56727340,1,超重武者装留ガイア・ブースター,超重武者装留 地铠推进器,Superheavy Samurai Soulgaia Booster
56733747,1,Ｅ・ＨＥＲＯ シャイニング・ネオス・ウィングマン,元素英雄 闪光新宇翼侠,Elemental HERO Shining Neos Wingman
56741506,1,閃刀姫－アザレア・テンペランス,闪刀姬-阿泽莉娅·节制,Sky Striker Ace - Azalea Temperance
56746202,1,スクラップ・キマイラ,废铁奇美拉,Scrap Chimera
56747793,2,団結の力,团结之力,United We Stand
56768355,1,ヴァイロン・アルファ,阿尔法大日,Vylon Alpha
56769674,3,ＤＮＡ移植手術,DNA移植手术,DNA Transplant
56773577,3,ネクロバレーの神殿,王家长眠之谷的神殿,Necrovalley Temple
56784842,1,エンジェルＯ７,天使O7,Angel O7
56787189,2,開かれし大地,开放的大地,New Frontier
56789759,1,レッド・ドラゴン,鲜红之龙,Tyhone #2
56790702,1,異次元の強襲艦,异次元的强袭舰,D.D. Assault Carrier
56804361,1,魔装聖龍 イーサルウェポン,魔装圣龙 以太神兵龙,"Aether, the Empowering Dragon"
56809158,1,紅蓮の機界騎士,红莲之机界骑士,Mekk-Knight Red Moon
56818742,1,超越竜エグザラプトル,超越龙 艾可萨盗龙,Transcendosaurus Exaraptor
56818977,1,スプリガンズ・ピード,护宝炮妖·鱼雷,Springans Pedor
56824871,1,焔聖騎士－リナルド,焰圣骑士-里纳尔多,Infernoble Knight - Renaud
56827051,1,影霊衣の巫女 エリアル,影灵衣巫女 艾莉娅儿,"Ariel, Priestess of the Nekroz"
56830749,2,痛み分け,分担痛苦,Share the Pain
56832966,1,ＳＮｏ.３９ 希望皇ホープ・ザ・ライトニング,闪光No.39 希望皇 霍普·电光皇,Number S39: Utopia the Lightning
56839613,1,電池メン－ボタン型,电池人-纽扣型,Batteryman Micro-Cell
56840427,1,ＣＮｏ.３９ 希望皇ホープレイ,混沌No.39 希望皇 霍普雷,Number C39: Utopia Ray
56840658,1,引きガエル,抽卡青蛙,Poison Draw Frog
56856951,3,メテオ・プロミネンス,流星日珥,Meteor Flare
56863746,1,竜儀巧－メテオニス＝ＤＡＤ,龙仪巧-天龙流星DAD,Drytron Meteonis DA Draconids
56894757,2,ウィッチクラフト・ドレーピング,魔女术的裁剪,Witchcrafter Draping
56897896,1,モノ・シンクロン,一星同调士,Mono Synchron
56907389,1,音楽家の帝王,音乐家帝王,Musician King
56907986,1,Ｋｏｚｍｏ－フォルミート,星际仙踪-稻草人,Kozmo Strawman
56910167,1,超弩級砲塔列車グスタフ・マックス,超重型炮塔列车 古斯塔夫最大炮,Superdreadnought Rail Cannon Gustav Max
56916805,3,エナジー・ドレイン,能量吸收,Energy Drain
56920308,3,強靭！無敵！最強！,强韧！无敌！最强！,The Ultimate Creature of Destruction
56921677,1,紋章獣バシリスク,纹章兽 巴西利斯克,Heraldic Beast Basilisk
56931015,1,グラヴィティ・ベヒモス,重力巨兽,Gravity Behemoth
56948373,2,呪魂の仮面,咒魂之假面,Mask of the Accursed
56980148,1,ダイナレスラー・システゴ,恐龙摔跤手·西斯特玛剑龙,Dinowrestler Systegosaur
56981417,2,セフェルの魔導書,创造之魔导书,Spellbook of the Master
56984514,3,永久に輝けし黄金郷,永久辉煌的黄金乡,Golden Land Forever!
56993276,3,エレキャンセル,电气抵消,Wattcancel
56995655,3,不吉な占い,不吉的占卜,Ominous Fortunetelling
57006589,3,エネルギー吸収板,能量吸收板,Energy-Absorbing Monolith
57019473,1,ＯＮｅサンダー,雷电姐姐,Sishunder
57030525,1,アームド・ドラゴン・サンダー ＬＶ３,武装龙·雷电 LV3,Armed Dragon Thunder LV3
57031794,1,超量機獣マグナライガー,超级量子机兽 炎浆狮虎,Super Quantal Mech Beast Magnaliger
57036718,1,ズバババスター,刷拉拉破坏者,Zubaba Buster
57043117,1,鋼鉄の巨兵,钢铁巨兵,Giant Soldier of Steel
57043986,1,ブルーアイズ・ソリッド・ドラゴン,青眼立体龙,Blue-Eyes Solid Dragon
57046845,1,剣聖－ネイキッド・ギア・フリード,剑圣-赤膊的基亚·弗里德,Gearfried the Swordmaster
57047293,3,蒼焔の煉獄,苍焰之炼狱,Eye of the Void
57062206,1,ドイツ,何者,Doitsu
57069605,3,魂の氷結,魂之冰结,Frozen Soul
57093995,2,コンドーレンス・パペット,哀悼傀儡,Condolence Puppet
57103969,2,炎舞－「天璣」,炎舞-「天玑」,Fire Formation - Tenki
57108202,1,Ｄ・リモコン,变形斗士·遥控器,Morphtronic Remoten
57111330,1,セリオンズ“デューク”ユール,兽带斗神“公爵”竺域星,"Therion ""Duke"" Yul"
57111661,3,Ｍ∀ＬＩＣＥ＜Ｃ＞ＴＢ－１１,码丽丝<代码>TB-11,Maliss <C> TB-11
57115864,3,光子化,光子化,Lumenize
57116033,1,ハネクリボー,羽翼栗子球,Winged Kuriboh
57134592,1,転生炎獣レイジング・フェニックス,转生炎兽 烈火凤凰,Salamangreat Raging Phoenix
57135971,3,鎖付き真紅眼牙,附锁链的真红眼牙,Red-Eyes Fang with Chain
57139487,3,連鎖除外,连锁除外,Chain Disappearance
57143342,1,彼岸の悪鬼 ガトルホッグ,彼岸的恶鬼 齐里亚托,"Cir, Malebranche of the Burning Abyss"
57157964,1,古生代化石マシン スカルコンボイ,古生代化石机动车 骷髅大卡车,Fossil Machine Skull Convoy
57160136,2,サイバネット・マイニング,电脑网挖矿,Cynet Mining
57182235,2,トークン収穫祭,衍生物收获祭,Token Thanksgiving
57201737,2,ガオドレイクのタテガミ,狮面草的鬃毛,Leodrake's Mane
57238939,1,Ａ・ジェネクス・リモート,盟军·次世代遥控员,Genex Ally Remote
57246528,2,シンクロ・トランセンド,同调超越,Synchro Transcend
57261568,1,花札衛－牡丹に蝶－,花札卫-牡丹上蝴蝶-,Flower Cardian Peony with Butterfly
57270476,3,墓場からの誘い,来自墓场的引诱,Grave Lure
57272170,1,イビリチュア・ソウルオーガ,邪遗式灵魂食人魔,Evigishki Soul Ogre
57274196,3,未来王の予言,未来王的预言,Enlightenment
57281778,1,龍骨鬼,龙骨鬼,Ryu Kokki
57282724,1,星神器デミウルギア,星神器 造物主机构,World Gears of Theurlogical Demiurgy
57285770,2,セリオンズ・チャージ,兽带斗神突击,Therion Charge
57288064,1,刀神－不知火,刀神-不知火,Shiranui Samuraisaga
57288708,1,星遺物－『星杯』,星遗物-『星杯』,"World Legacy - ""World Chalice"""
57296396,3,ネムレリア・ルーヴ,妮穆蕾莉娅的起床,Nemleria Louve
57305373,1,二つの口を持つ闇の支配者,双口的暗之支配者,Two-Mouth Darkruler
57308711,1,アンサイクラー,单轮车人,Unicycular
57312333,2,アマゾネスの叫声,亚马逊的叫声,Amazoness Call
57314798,1,Ｎｏ.１００ ヌメロン・ドラゴン,No.100 源数龙,Number 100: Numeron Dragon
57319935,3,エクシーズ熱戦！！,超量热战！！,Xyz Xtreme !!
57329501,2,海晶乙女の潜逅,海晶少女的潜逅,Marincess Dive
57346400,1,ガード・ドッグ,看门狗,Guard Dog
57348141,3,トワイライト・イレイザー,黄昏之抹杀,Twilight Eraser
57354389,1,岩石の番兵,岩石番兵,Sentry Soldier of Stone
57355219,3,パラドックス・フュージョン,悖论融合,Paradox Fusion
57357130,1,転生炎獣ウィーゼル,转生炎兽 鼬鼠,Salamangreat Weasel
57384901,3,亜空間ジャンプ装置,亚空间跳跃装置,Interdimensional Warp
57405307,1,ワイバーン,翼龙,"Winged Dragon, Guardian of the Fortress #2"
57409948,1,爆弾かめ虫,爆弹椿象,Bombardment Beetle
57416183,3,ドラゴンメイドのお片付け,半龙女仆的整理,Dragonmaid Tidying
57420265,1,フィッシュボーグ－ハープナー,电子鱼人-鱼叉手,Fishborg Harpooner
57421866,1,レベル・スティーラー,等级偷窃虫,Level Eater
57425061,2,幻影融合,幻影融合,Vision Fusion
57433966,2,魅惑の未界域,魅惑的未界域,Danger! Excitement! Mystery!
57441100,2,金剛真力,金刚真力,Herculean Power
57448410,1,プリマ・マテリアクトル,第一原质炉,Prima Materiactor
57450198,1,超量機獣ラスターレックス,超级量子机兽 银辉霸王龙,Super Quantal Mech Beast Lusterrex
57458399,1,サテライト・シンクロン,卫星同调士,Satellite Synchron
57470761,3,タイラント・ウィング,暴君翼,Tyrant Wing
57473560,1,ワイトプリンス,白骨王子,Wightprince
57477163,1,デストーイ・チェーン・シープ,魔玩具·链绵羊,Frightfur Sheep
57482479,1,太陽の戦士,太阳之战士,Luminous Soldier
57496978,2,ぶつかり合う魂,相互碰撞的灵魂,Clashing Souls
57499304,3,七皇転生,七皇转生,Reincarnation of the Seventh Emperors
57511992,1,海神の依代,海神的依代,Yorishiro of the Aqua
57523313,1,メルフィー・フェニィ,童话动物·小阔耳狐,Melffy Fenny
57541158,1,海晶乙女スリーピーメイデン,海晶少女 沉睡处女拟态革鲀,Marincess Sleepy Maiden
57543573,1,ワーム・イリダン,伊利丹异虫,Worm Illidan
57549932,1,サンライズ・ガードナー,黎明守卫者,Dawnbreak Gardna
57554544,2,炎王の孤島,炎王的孤岛,Fire King Island
57568840,1,デルタフライ,三角蜻蜓龙,Delta Flyer
57579381,1,堕天使マリー,堕天使 玛丽,Darklord Marie
57585212,3,自爆スイッチ,自爆开关,Self-Destruct Button
57594700,1,幻奏の音姫マイスタリン・シューベルト,幻奏的音姬 巨匠之舒伯特,Schuberta the Melodious Maestra
57605303,3,武装竜の万雷,武装龙的万雷,Armed Dragon Thunderbolt
57610714,1,雲魔物－アイ・オブ・ザ・タイフーン,云魔物-台风眼,Cloudian - Eye of the Typhoon
57617178,1,ソニックバード,音速鸟,Sonic Bird
57624336,1,エキセントリック・デーモン,古怪恶魔,Archfiend Eccentrick
57630503,1,魔轟神マルコシア,魔轰神 马可西亚,Fabled Marcosia
57647597,1,レプティレス・ヒュドラ,爬虫妖女·许德拉,Reptilianne Lamia
57649113,1,退電のスティンガー,退电之刺卫,Stinger the Electric Expeller
57662975,1,ダークストーム・ドラゴン,暗黑暴风龙,Darkstorm Dragon
57666212,1,光帝クライス,光帝 克赖斯,Kuraz the Light Monarch
57690191,1,聖騎士の三兄弟,圣骑士三兄弟,Noble Knight Brothers
57707471,1,Ｎｏ.２１ 氷結のレディ・ジャスティス,No.21 冰结之正义女郎,Number 21: Frozen Lady Justice
57722593,1,木花咲弥,木花咲弥,Konohanasakuya
57728570,3,死のデッキ破壊ウイルス,死之卡组破坏病毒,Crush Card Virus
57731460,1,剣闘獣エクイテ,剑斗兽 骑斗,Gladiator Beast Equeste
57734012,2,ＲＵＭ－七皇の剣,升阶魔法-七皇之剑,Rank-Up-Magic - The Seventh One
57736667,2,御巫舞踊－迷わし鳥,御巫舞踊-迷惑鸟,Mikanko Dance - Mayowashidori
57753602,3,ジェムフラッシュエナジー,宝石闪耀能量,Gem Flash Energy
57761191,1,真竜機兵ダースメタトロン,真龙机兵 十二炼机圣,"Metaltron XII, the True Dracombatant"
57769391,1,オルターガイスト・ピクシール,幻变骚灵·像素妖精,Altergeist Pixiel
57774843,1,裁きの龍,裁决之龙,Judgment Dragon
57775790,2,魔轟神界の復活,魔轰神界的复活,Fabled Realm's Revival
57777714,1,英霊獣使い－セフィラムピリカ,英灵兽使-神数心皮莉佳,Ritual Beast Tamer Zeframpilica
57782164,2,ガガガウィンド,我我我之风,Gagagawind
57784563,1,闇魔界の戦士長 ダークソード,暗魔界的战士长 暗黑之剑,Dark Blade the Captain of the Evil World
57793869,1,邪神イレイザー,邪神 抹灭者,The Wicked Eraser
57815601,3,霊獣の騎襲,灵兽的骑袭,Ritual Beast Ambush
57823578,3,神鳥の烈戦,神鸟的烈战,Simorgh Sky Battle
57827484,1,シャドウ・ダイバー,暗影潜伏者,Shadow Delver
57831349,3,竜星の九支,龙星的九支,Nine Pillars of Yang Zing
57835716,1,オルフェゴール・ディヴェル,自奏圣乐·嬉游曲恶魔,Orcust Harp Horror
57836546,2,エクシーズ・ダブル・バック,超量双璧同归,Xyz Double Back
57839750,1,グリズリーマザー,母灰熊,Mother Grizzly
57844634,1,素早いムササビ,迅捷飞鼠,Nimble Musasabi
57869175,1,フォーチュンレディ・パスティー,命运女郎·帕丝蒂,Fortune Lady Past
57882509,3,弱体化の仮面,弱体化之假面,Mask of Weakness
57900671,2,サイバネット・ロールバック,电脑网回滚,Cynet Rollback
57902193,2,苦渋の転生,苦涩的转生,Painful Return
57902462,1,聖導騎士イシュザーク,圣导骑士 伊什扎克,Divine Knight Ishzark
57916305,2,ウィッチクラフト・クリエイション,魔女术的创造,Witchcrafter Creation
57935140,1,テンダネス,温柔天使,Tenderness
57940938,1,ファイアウォール・ファントム,防火幻影,Firewall Phantom
57946551,1,ロック・スケイル,岩鳞鱼,Rock Scales
57953380,2,生還の宝札,生还的宝札,Card of Safe Return
57962537,1,ゼンマイネズミ,发条鼠,Wind-Up Rat
57964143,3,白の仲裁,白之仲裁,Arbitration of White
57970721,2,星彩の竜輝巧,星彩之龙辉巧,Drytron Asterism
57985393,1,ブルーミー,扫帚精,Broomy
57995165,2,おろかな重葬,愚蠢的重葬,Extra-Foolish Burial
57996334,1,ドドドバスター,怒怒怒破坏者,Dododo Buster
58004362,1,Ｘ・ＨＥＲＯ クロスガイ,特异英雄 十字人,Xtra HERO Cross Crusader
58012107,1,エーリアン・サイコ,念力外星人,Alien Psychic
58012707,2,Ｇ・ボールパーク,巨强棒球场,Giant Ballpark
58015506,3,ピケルの読心術,绒儿的读心术,Pikeru's Second Sight
58016954,1,イェシャドール－セフィラナーガ,救影依-神数纳迦,Shaddoll Zefranaga
58019984,3,新世壊成劫,新世坏成劫,New World Formation
58036229,1,プロテクトコード・トーカー,保护码语者,Protectcode Talker
58053438,3,列王詩篇,列王诗篇,Songs of the Dominators
58054262,1,マシンナーズ・フォース,机甲部队·武装力量,Machina Force
58058134,1,シャイニート・マジシャン,内向尼特魔术师,Slacker Magician
58062306,1,ローズ・プリンセス,蔷薇之公主,Rose Princess
58066722,1,エーリアン・バスター,外星人破坏者,Alien Stealthbuster
58069384,1,サイバー・ドラゴン・ノヴァ,电子龙·新星,Cyber Dragon Nova
58071123,1,オキシゲドン,氧素龙,Oxygeddon
58071334,1,蛇眼の原罪龍,蛇眼原罪龙,Snake-Eyes Doomed Dragon
58074177,1,覇王白竜オッドアイズ・ウィング・ドラゴン,霸王白龙 异色眼辉翼龙,Odd-Eyes Wing Dragon
58074572,2,モウヤンのカレー,魔族的咖喱,Mooyan Curry
58092907,1,ＥＭ天空の魔術師,娱乐伙伴 天空之魔术师,Performapal Celestial Magician
58098303,1,フレイム・オーガ,火焰食人魔,Flame Ogre
58116537,2,戦華史略－孫劉同盟,战华史略-孙刘同盟,Ancient Warriors Saga - Sun-Liu Alliance
58120309,3,スターライト・ロード,星光大道,Starlight Road
58131925,1,ＢＦ－極夜のダマスカス,黑羽-极夜之大马士革刀鸟,Blackwing - Damascus the Polar Night
58132856,1,トイ・マジシャン,玩具魔术师,Toy Magician
58139128,1,墓守の祈祷師,守墓的祈祷师,Gravekeeper's Shaman
58139997,1,ウィッチクラフト・エーデル,魔女术工匠·宝石女巫,Witchcrafter Edel
58143766,3,ヴォルカニック・エミッション,火山喷出,Volcanic Emission
58143852,1,幻惑の見習い魔術師,幻惑之见习魔术师,Nightmare Apprentice
58147549,1,Ｍ・ＨＥＲＯ 剛火,假面英雄 刚火,Masked HERO Goka
58153103,1,アームド・ドラゴン・サンダー ＬＶ１０,武装龙·雷电 LV10,Armed Dragon Thunder LV10
58165765,1,赤竜の忍者,红龙忍者,Red Dragon Ninja
58169731,3,分断の壁,分断之壁,Wall of Disruption
58185394,1,Ｇ・コザッキー,巨大平庸鬼,Giant Kozaky
58192742,1,プチモス,幼虫宝宝,Petit Moth
58199906,2,サイバネティック・フュージョン・サポート,电子融合支援,Cybernetic Fusion Support
58201062,1,光征竜－スペクトル,光征龙-彩龙,"Spectral, Dragon Ruler of Flickers"
58203736,2,潜海奇襲ＩＩ,潜海奇袭II,Sea Stealth II
58206034,1,漆黒の魔王 ＬＶ８,漆黑之魔王 LV8,Dark Lucius LV8
58242947,1,ジャンク・コレクター,废品收集者,Junk Collector
58257569,1,真紅眼の幼竜,真红眼幼龙,Red-Eyes Baby Dragon
58258899,2,ＴＧＸ３００,TGX300,TGX300
58268433,1,ブレードラビット,剑齿兔,Blade Rabbit
58270977,3,マジスタリー・アルケミスト,贤石炼金师,Magistery Alchemist
58272005,3,生存競争,生存竞争,Survival of the Fittest
58293343,1,タイラント・バースト・ドラゴン,暴君爆风龙,Tyrant Burst Dragon
58297729,3,変則ギア,变则齿轮,Transmission Gear
58308221,2,ＥＸＰ,额外灵摆,Extra Pendulum
58314394,1,陸戦型 バグロス,陆战型战斗艇,Ground Attacker Bugroth
58324930,1,破戒僧 ランシン,破戒僧 鸾亲,Anarchist Monk Ranshin
58330108,1,破壊竜ガンドラ－ギガ・レイズ,破坏龙 甘多拉-烈光闪,Gigarays Gandora the Dragon of Destruction
58332301,1,Ｅ－ＨＥＲＯ ダーク・ガイア,邪心英雄 暗黑地魔,Evil HERO Dark Gaia
58346901,1,焔聖騎士－オリヴィエ,焰圣骑士-奥利佛,Infernoble Knight Oliver
58363151,1,Ｓ－Ｆｏｒｃｅ プラ＝ティナ,治安战警队 铂金女,S-Force Pla-Tina
58369990,1,凶星の魔術師,凶星之魔术师,Doomstar Magician
58371671,2,宝玉の加護,宝玉的加护,Crystal Aegis
58374502,3,聖なる煌炎,神圣煌炎,Starry Knight Blast
58374719,3,星遺物への抵抗,对星遗物的抵抗,World Legacy Struggle
58383100,1,光波鏡騎士,光波镜骑士,Cipher Mirror Knight
58392024,3,融合失敗,融合失败,Mispolymerization
58400390,1,星杯に誘われし者,被星杯所劝诱者,Beckoned by the World Chalice
58406094,2,煌めく聖夜,辉煌的圣夜,Starry Knight Sky
58415502,2,ロイヤル・ストレート,同花大顺,Royal Straight
58419204,3,生存本能,生存本能,Survival Instinct
58421530,3,タクティカル・エクスチェンバー,战术交换膛室,Tactical Exchanger
58441120,2,波動共鳴,波动共鸣,Harmonic Waves
58446973,1,インフェルノイド・デカトロン,狱火机十进管,Infernoid Decatron
58453942,1,サイコ・ウォールド,念力蜗牛,Psychic Snail
58464739,3,パルス・ボム,脉冲炸弹,Pulse Mines
58468105,1,デンジャラス・デストーイ・ナイトメアリー,凶邪魔玩具·梦魇玛丽,Dangerous Frightfur Nightmary
58471134,1,水精鱗－アビスパイク,水精鳞-深渊雀鳝兵,Mermail Abysspike
58475908,1,ゼンマイマイ,发条蜗牛,Wind-Up Snail
58477767,3,女王の選択,女王的选择,Queen's Pawn
58481572,1,Ｍ・ＨＥＲＯ ダーク・ロウ,假面英雄 暗爪,Masked HERO Dark Law
58494728,1,インヴェルズ・ギラファ,侵入魔鬼·长锹,Steelswarm Girastag
58504745,1,間炎星－コウカンショウ,闲炎星-红冠胜,Brotherhood of the Fire Fist - Cardinal
58518520,1,クリア・エフェクター,净化施效者,Clear Effector
58528964,1,フレイム・ゴースト,火焰幽灵,Flame Ghost
58531587,3,バブル・ブリンガー,水泡使者,Bubble Bringer
58538870,1,弾圧される民,受弹压的民众,Oppressed People
58543073,3,ＳＲデュプリゲート,疾行机人复制之门,Speedroid Dupligate
58549532,2,混錬装融合,混炼装融合,Parametalfoes Fusion
58551308,1,ダークファミリア,暗黑使魔,Spear Cretin
58554959,1,Ｅ－ＨＥＲＯ マリシャス・エッジ,邪心英雄 恶刃魔,Evil HERO Malicious Edge
58569561,1,アロマージ－ローズマリー,芳香法师-迷迭香,Aromage Rosemary
58570206,2,多層融合,多层融合,Heavy Polymerization
58577036,2,名推理,名推理,Reasoning
58582979,1,デフラドラグーン,重整龙,Defrag Dragon
58589739,1,Ｓ－Ｆｏｒｃｅ プロフェッサー・Ｆ,治安战警队 Ϝ教授,S-Force Professor DiGamma
58600555,1,電子光虫－コアベージ,电子光虫-核心菜粉蝶,Digital Bug Corebage
58601383,1,地天の騎士ガイアドレイク,地天之骑士 盖亚德雷克,"Gaia Drake, the Universal Force"
58604027,1,召喚神エクゾディア,召唤神 艾克佐迪亚,The Legendary Exodia Incarnate
58607704,3,悪魔の手鏡,恶魔的手镜,Fiend's Hand Mirror
58616392,1,魔犬オクトロス,魔犬 八鬼犬,Doomdog Octhros
58621589,3,誘惑のシャドウ,诱惑之影,Shadow of Eyes
58628539,3,エクシーズエフェクト,超量效应,Xyz Effect
58641905,2,防御輪,防御轮,Ring of Defense
58655504,1,ノーマテリア,禁采令地精灵,Gnomaterial
58657303,1,墓守の霊術師,守墓的灵术师,Gravekeeper's Spiritualist
58672736,1,ダイナレスラー・ギガ・スピノサバット,恐龙摔跤手·巨大萨瓦特棘龙,Dinowrestler Giga Spinosavate
58680635,1,電極獣アニオン,电极兽 阴离子,Electrode Beast Anion
58685438,1,二角獣レーム,二角兽,Bicorn Re'em
58695102,1,リ・バイブル,再生圣经,Re-Cover
58696829,1,バイオ僧侶,生化僧侣,Bio-Mage
58699500,1,彼岸の黒天使 ケルビーニ,彼岸的黑天使 基路伯,"Cherubini, Ebon Angel of the Burning Abyss"
58707981,1,無孔砲塔－ディセイブラスター,无孔炮塔-无效爆破炮手,Disablaster the Negation Fortress
58712976,1,ヘルフレイムゴースト,狱火幽灵,Infernal Flame Vixen
58720904,1,ペンドラザクション,挂起事务鲸,Pendransaction
58753372,1,超量妖精アルファン,超级量子妖精 阿尔方,Super Quantal Fairy Alphan
58760121,1,ワーム・ファルコ,法尔科异虫,Worm Falco
58761791,3,誤出荷,误出荷,Shipment Error
58775978,2,悪夢の鉄檻,噩梦之铁栏,Nightmare's Steelcage
58786132,1,邪帝家臣ルキウス,邪帝家臣 卢基乌斯,Lucius the Shadow Vassal
58787301,3,堕天使降臨,堕天使降临,Darklord Descent
58793369,2,竜輝巧－ファフニール,龙辉巧-扶筐增二,Drytron Fafnir
58807980,1,モノケロース,单角兽,Monoceros
58811192,1,聖霊獣騎 キムンファルコス,圣灵兽骑 山飞隼,Ritual Beast Ulti-Kimunfalcos
58818411,1,女帝カマキリ,女帝螳螂,Empress Mantis
58820853,1,ＢＦ－蒼炎のシュラ,黑羽-苍炎之修罗,Blackwing - Shura the Blue Flame
58820923,1,Ｎｏ.９５ ギャラクシーアイズ・ダークマター・ドラゴン,No.95 银河眼暗物质龙,Number 95: Galaxy-Eyes Dark Matter Dragon
58827995,2,鎧竜降臨,铠龙降临,Armor Dragon Ritual
58831685,1,シーザリオン,海鳞蛇,Giant Red Seasnake
58843503,1,ミッド・ピース・ゴーレム,中块石人,Medium Piece Golem
58844135,1,人攻智能ＭＥ－ＰＳＹ－ＹＡ,人攻智能 救-思-主,Antihuman Intelligence ME-PSY-YA
58851034,3,封魔の呪印,封魔的咒印,Cursed Seal of the Forbidden Spell
58858807,1,星騎士 セイクリッド・カドケウス,星骑士 星圣商神杖使,Tellarknight Constellar Caduceus
58859575,1,ＶＷ－タイガー・カタパルト,VW-强击虎,VW-Tiger Catapult
58861941,1,ラージマウス,巨口,Ooguchi
58873391,3,フィッシャーチャージ,鱼弹突击,Fish Depth Charge
58882608,2,ティスティナの息吹,提斯蒂娜的息吹,Breath of the Tistina
58884063,1,ＧＰ－Ｎブラスター,黄金荣耀-氮氧爆破手,Gold Pride - Nytro Blaster
58901502,1,ゴヨウ・ディフェンダー,御用防御者,Goyo Defender
58911105,1,成金忍者,成金忍者,Upstart Golden Ninja
58921041,3,魔封じの芳香,魔封的芳香,Anti-Spell Fragrance
58924378,2,エレキャッスル,电气城堡,Wattcastle
58931850,1,超究極魔導竜王,超究极魔导龙王,Dragon Master Lords
58932615,1,Ｅ・ＨＥＲＯ バーストレディ,元素英雄 爆热女郎,Elemental HERO Burstinatrix
58938528,1,ＥＭレディアンジュ,娱乐伙伴 天使女士,Performapal Ladyange
58947797,1,ヴァンパイア・デューク,吸血鬼公爵,Vampire Duke
58981727,1,妖仙獣 侍郎風,妖仙兽 侍郎风,Yosenju Sabu
58984738,1,真竜拳士ダイナマイトＫ,真龙拳士 雾动轰·铁拳,"Dinomight Knight, the True Dracofighter"
58988903,2,ＲＵＭ－スキップ・フォース,升阶魔法-跳越之力,Rank-Up-Magic Skip Force
58990362,1,秘竜星－セフィラシウゴ,秘龙星-神数囚牛,"Zefraniu, Secret of the Yang Zing"
58990631,3,オートマチック・レーザー,自动式镭射炮,Automatic Laser
58996430,1,ライトロード・ビースト ウォルフ,光道兽 沃尔夫,"Wulf, Lightsworn Beast"
58996839,1,アショカ・ピラー,阿育王铁柱,Ashoka Pillar
59016454,3,黒魔術のバリア －ミラーフォース－,黑魔术防护罩 -反射镜力-,Dark Magic Mirror Force
59019082,1,ライトロード・ウォリアー ガロス,光道战士 加洛斯,"Garoth, Lightsworn Warrior"
59023523,1,サイバネティック・マジシャン,电控魔术师,Cybernetic Magician
59036972,1,マブラス,奇迹鸟,Mavelus
59042331,1,ガード・ヘッジ,守卫竹篱,Hedge Guard
59048135,2,昇華する紋章,升华的纹章,Augmented Heraldry
59053232,1,ツルプルン,小水怪,Turu-Purun
59054773,2,イグニスターＡｉランド,火灵天星“艾”心乐园岛,Ignister A.I.Land
59057152,1,聖騎士モルドレッド,圣骑士 莫德雷德,Noble Knight Medraut
59057953,3,魔界劇団の楽屋入り,魔界剧团的进入后台,Abyss Actors Back Stage
59069885,3,ティスティナの抱擁,提斯蒂娜的拥抱,Embrace of the Tistina
59070329,3,皇の波動,皇之波动,Utopian Aura
59071624,1,アロメルスの蟲惑魔,阿洛美勒丝之虫惑魔,Traptrix Allomerus
59094601,3,蘇りし天空神,苏生的天空神,The Revived Sky God
59120809,1,スケアクロー・トライヒハート,恐吓爪牙族·特莱希哈特,Scareclaw Tri-Heart
59123194,1,覚醒の魔導剣士,觉醒之魔导剑士,Enlightenment Paladin
59123937,1,ＤＤヴァイス・テュポーン,DD 恶妖提丰,D/D Vice Typhon
59131526,2,アクアの輪唱,水之轮唱,Aqua Chorus Round
59156966,2,黄金の歯車装置箱,黄金齿车装置箱,Golden Gearbox
59160188,2,闇黒世界－シャドウ・ディストピア－,黯黑世界-暗影敌托邦-,Lair of Darkness
59170782,1,水精鱗－アビストリーテ,水精鳞-深渊特里忒,Mermail Abysstrite
59185998,1,オルターガイスト・プークエリ,幻变骚灵·查询普卡,Altergeist Pookuery
59197169,2,闇,暗,Yami
59208943,1,クロノダイバー・パーペチュア,时间潜行者·恒动上链员,Time Thief Perpetua
59228631,1,ホーリーナイツ・アステル,圣夜骑士团·阿斯特尔,Starry Knight Astel
59235795,1,デスサイクロン,死亡旋风,Destruction Cyclone
59237154,2,うごめく影,蠕动的黑影,Shifting Shadows
59242457,1,エクソシスターズ・マニフィカ,救祓少女们的圣母颂歌,Exosisters Magnifica
59251766,1,武神器－サグサ,武神器-品,Bujingi Hare
59255742,1,ゴヨウ・エンペラー,御用皇帝,Goyo Emperor
59258334,3,洗脳光線,洗脑光线,Brainwashing Beam
59277750,3,敵襲警報－イエローアラート－,敌袭警报,Intruder Alarm - Yellow Alert
59281822,1,闇霊神オブルミラージュ,暗灵神 翁布雷密拉热,Umbramirage the Elemental Lord
59281922,1,サイバー・ドラゴン・ドライ,电子龙三型,Cyber Dragon Drei
59290628,1,ナイトメア・ホース,梦魇马,Nightmare Horse
59297550,1,ゼンマイマジシャン,发条魔术师,Wind-Up Magician
59305593,3,手違い,岔子,Mistake
59312550,1,ジュラック・ヴェロー,朱罗纪迅猛龙,Jurrac Velo
59323650,1,再世の龍神 ワイクラー,再世之龙神 韦依格拉,Regenesis Dragon
59332125,2,Ａｉラブ融合,“艾”慕融合,A.I. Love Fusion
59344077,3,マジック・ドレイン,魔力抽取,Magic Drain
59353647,1,アマゾネスペット虎獅王,亚马逊宠物虎狮王,Amazoness Pet Liger King
59364406,1,灼岩魔獣,灼岩魔兽,Burning Beast
59368956,1,ブンボーグ００２,文具电子人002,Deskbot 002
59369430,1,鋼鉄の大魔人ゴルゴイル,钢铁大魔人 轱戈伊尔,Golgoil the Steel Seismic Smasher
59371387,2,鉄壁の機皇兵,铁壁机皇兵,The Resolute Meklord Army
59380081,1,ビッグホーン・マンモス,巨角猛犸,Big-Tusked Mammoth
59383041,1,トゥーン・アリゲーター,卡通鳄鱼,Toon Alligator
59385322,2,コアバスター,核心破坏炮,Core Blaster
59388357,2,炎王炎環,炎王炎环,Circle of the Fire Kings
59392529,1,Ｅ・ＨＥＲＯ リキッドマン,元素英雄 液态侠,Elemental HERO Liquid Soldier
59419719,2,化石融合－フォッシル・フュージョン,化石融合,Fossil Fusion
59432181,2,融合識別,融合识别,Fusion Tag
59438930,1,幽鬼うさぎ,幽鬼兔,Ghost Ogre & Snow Rabbit
59463312,1,冥帝従騎エイドス,冥帝从骑 哀多斯,Eidos the Underworld Squire
59464593,1,アームド・ドラゴン ＬＶ１０,武装龙 LV10,Armed Dragon LV10
59479050,1,Ｎｏ.７１ リバリアン・シャーク,No.71 海异鲨,Number 71: Rebarian Shark
59481082,1,光道の龍,光道之龙,Lightsworn Dragonling
59482302,1,Ａ・ボム,盟军·炸弹,Ally Salvo
59490397,3,ジェルゴンヌの終焉,热尔岗终焉,Gergonne's End
59494222,2,墓守の刻印,守墓的刻印,Gravekeeper's Inscription
59496924,1,Ｋｏｚｍｏ－ランドウォーカー,星际仙踪-陆地步行机,Kozmo Landwalker
59504256,1,ティスティナの半神,提斯蒂娜之半神,Demigod of the Tistina
59509952,1,大天使クリスティア,大天使 克里斯提亚,Archlord Kristya
59514116,2,黒魔術の秘儀,黑魔术的秘仪,Secrets of Dark Magic
59531356,1,中生代化石騎士 スカルナイト,中生代化石骑士 骷髅骑士,Fossil Warrior Skull Knight
59537380,1,守護竜アガーペイン,守护龙 阿迦佩因,Guardragon Agarpain
59546528,1,氷結界の舞姫,冰结界的舞姬,Dance Princess of the Ice Barrier
59546797,1,ジュラゲド,妖形杵,Juragedo
59560625,3,シフトチェンジ,换位,Shift
59563768,1,転身テンシーン,转身天使,Tenshin
59575539,1,クレボンス,天眼通,Krebons
59577547,1,転生炎獣パロー,转生炎兽 鹦鹉,Salamangreat Parro
59593925,2,共鳴破,共鸣破,Resonant Destruction
59604521,1,トリックスター・シャクナージュ,淘气仙星·施南,Trickstar Rhodode
59616123,3,トラップ・スタン,陷阱无力化,Trap Stun
59627393,1,Ｎｏ.１０５ ＢＫ 流星のセスタス,No.105 燃烧拳击手 流星之指套拳士,Number 105: Battlin' Boxer Star Cestus
59640711,1,ＳＲ電々大公,疾行机人 电电大公,Speedroid Den-Den Daiko Duke
59642500,1,Ｍ・ＨＥＲＯ 闇鬼,假面英雄 暗鬼,Masked HERO Anki
59644128,1,剛鬼ジェット・オーガ,刚鬼 喷气食人魔,Gouki Jet Ogre
59644958,1,オーバーレイ・オウル,叠光猫头鹰,Overlay Owl
59650656,3,時空混沌渦,时空混沌涡,Tachyon Chaos Hole
59687381,2,ディフェンスゾーン,防守区域,Defense Zone
59695933,3,インターセプト,截获,Intercept
59699355,3,スクラップ・カウンター,废铁反击,Scrap Rage
59707204,1,護神鳥シムルグ,护神鸟 斯摩夫,"Simorgh, Bird of Protection"
59708927,1,アンブラル・ゴースト,阴影幽鬼,Umbral Horror Ghost
59712426,1,アルカナフォースＸＶ－ＴＨＥ ＤＥＶＩＬ,秘仪之力15-恶魔,Arcana Force XV - The Fiend
59718521,3,ブローニング・パワー,布朗宁力,Mind Over Matter
59724555,1,ドドドドワーフ－ＧＧ,怒怒怒矮人-隆隆隆手套,Dodododwarf Gogogoglove
59741415,3,機甲部隊の超臨界,机甲部队的超临界,Machina Overdrive
59744639,3,イタクァの暴風,伊塔库亚的暴风,Windstorm of Etaqua
59750328,2,命削りの宝札,削命的宝札,Card of Demise
59755122,1,ドラグニティ－ファランクス,龙骑兵团-方阵龙,Dragunity Phalanx
59762399,1,ＥＭオッドアイズ・ライトフェニックス,娱乐伙伴 异色眼光凤凰,Performapal Odd-Eyes Light Phoenix
59765225,1,クリスタルクリアウィング・シンクロ・ドラゴン,水晶幻透翼同调龙,Crystal Clear Wing Synchro Dragon
59771339,1,ジャンク・バーサーカー,废品狂战士,Junk Berserker
59778096,3,星遺物の選託,星遗物的选托,World Legacy Bestowal
59784896,1,ダークゼブラ,暗黑斑马,Dark Zebra
59785059,1,イグナイト・スティンガー,点火骑士·毒刺,Igknight Champion
59789370,1,機巧猪－伊服岐雹荒神,机巧猪-伊服岐雹荒神,"Gizmek Arakami, the Hailbringer Hog"
59793705,1,Ｅ・ＨＥＲＯ エッジマン,元素英雄 金刃侠,Elemental HERO Bladedge
59797187,1,ゴロゴル,滚滚球,Gonogo
59805313,1,ヴォルカニック・リムファイア,火山缘发弹,Volcanic Rimfire
59808784,1,炎帝家臣ベルリネス,炎帝家臣 贝利尼斯,Berlineth the Firestorm Vassal
59811955,2,古代の整備場,古代的整备场,Ancient Gear Workshop
59820352,2,大地讃頌,大地赞颂,Earth Chant
59822133,1,青眼の精霊龍,青眼精灵龙,Blue-Eyes Spirit Dragon
59829423,1,至天の魔王ミッシング・バロウズ,至天之魔王 缺失重子伯勒斯,Lord of the Missing Barrows
59834564,1,嚇灼の魔神,吓灼之魔神,Bonfire Colossus
59839761,3,デルタ・クロウ－アンチ・リバース,三角乌鸦阵-反埋伏,Delta Crow - Anti Reverse
59843383,1,炎神－不知火,炎神-不知火,Shiranui Sunsaga
59851535,1,ウィッチクラフト・ポトリー,魔女术工匠·陶器女巫,Witchcrafter Potterie
59859086,1,スプラッシュ・メイジ,飞溅闪屏法师,Splash Mage
59893882,1,Ｅ－ＨＥＲＯ インフェルノ・ウィング－ヘルバック・ファイア,邪心英雄 业火翼魔-地狱逆火,Evil HERO Inferno Wing - Backfire
59900655,1,ＧＰ－Ｎヘッド,黄金荣耀-氮氧头领,Gold Pride - Nytro Head
59905358,3,ダイスインパクト,骰子冲击,Dice Try!
59907935,1,サイバーデーモン,电子化恶魔,Cyber Archfiend
59911557,1,ゴゴゴゴラム,隆隆隆咕噜,Gogogo Goram
59913418,1,終焉の覇王デミス,终焉之霸王 迪米斯,"Demise, Supreme King of Armageddon"
59919307,3,戦線復帰,战线复归,Back to the Front
59934749,1,聖騎士の追想 イゾルデ,圣骑士的追想 伊索德,"Isolde, Two Tales of the Noble Knights"
59951714,1,アドバンス・ディボーター,上级献身者,Majiosheldon
59957503,3,キャッシュバック,现金返还,Cash Back
59965151,1,デッド・ガードナー,死体守卫者,Ghost Gardna
59969392,1,アンデット・スカル・デーモン,不死之魔王 骸骨恶魔,Archfiend Zombie-Skull
59975920,1,超量士レッドレイヤー,超级量子战士 红光层,Super Quantum Red Layer
59983249,3,帝王の極致,帝王的极致,Culmination of the Monarchs
59983499,1,ダンシング・エルフ,舞蹈精灵,Dancing Elf
60004971,2,ドラグニティの神槍,龙骑兵团神枪,Dragunity Divine Lance
60018643,2,サイバネット・コーデック,电脑网编解码,Cynet Codec
60023855,1,ベビー・スパイダー,小蜘蛛,Baby Spider
60025883,1,決闘竜 デュエル・リンク・ドラゴン,决斗龙 决斗连接龙,"Duel Link Dragon, the Duel Dragon"
60033398,1,戦華の来－張遠,战华之来-张远,Ancient Warriors - Fearsome Zhang Yuan
60037599,1,竜輝巧－エルγ,龙辉巧-天棓四γ,Drytron Gamma Eltanin
60071928,1,ライティ・ドライバー,右起子,Righty Driver
60080151,3,好敵手の記憶,好对手的记忆,Memory of an Adversary
60082869,3,砂塵の大竜巻,沙尘之大龙卷,Dust Tornado
60095092,2,ＶＶ－ソロアクティベート,群豪觉醒-单人激活,Vaylantz Wakening - Solo Activation
60102563,1,本気ギレパンダ,动真格的熊猫,Maji-Gire Panda
60110982,1,混沌幻魔アーミタイル－虚無幻影羅生悶,混沌幻魔 阿米泰尔-虚无幻影罗生闷,Armityle the Chaos Phantasm - Phantom of Fury
60145298,1,白魔女ディアベルゼ,白魔女 迪亚贝尔泽,Diabellze the White Witch
60158866,3,不朽の七皇,不朽的七皇,Seventh Eternity
60161788,1,氷結界の番人 ブリズド,冰结界的番人 冰凤,"Blizzed, Defender of the Ice Barrier"
60162470,2,ゼロ・エクストラリンク,零型额外连接,Zero Extra Link
60168186,2,異形神の契約書,异形神的契约书,Dark Contract with the Entities
60176682,2,魔風衝撃波,魔风冲击波,Double Attack! Wind and Thunder!!
60181553,1,巨星のミラ,巨星之米拉,Mira the Star-Bearer
60187739,1,ワンショット・ブースター,一击推进士,Turbo Booster
60195675,1,無限起動コロッサルマウンテン,无限起动 巨像山,Infinitrack Mountain Smasher
60202749,3,アビスフィアー,深渊死球,Abyss-sphere
60203670,1,ＧＰ－アサシネーター,黄金荣耀-暗杀者,Gold Pride - Eliminator
60222213,1,時械神ラフィオン,时械神 拉法恩,"Raphion, the Timelord"
60222582,2,銀河遠征,银河远征,Galaxy Expedition
60226558,2,魂写しの同化,假魂的同化,Nephe Shaddoll Fusion
60228941,1,暗黒界の術師 スノウ,暗黑界的术师 丝诺,"Snoww, Unlight of Dark World"
60229110,1,地帝グランマーグ,地帝 格兰玛格,Granmarg the Rock Monarch
60234913,2,救世の儀式,救世的仪式,Ritual of Grace
60237530,1,双天拳 鎧阿,双天拳 铠阿,Dual Avatar Fists - Armored Ah-Gyo
60238002,2,亜空間物質回送装置,亚空间物质回送装置,Interdimensional Matter Forwarder
60242223,1,深淵の獣サロニール,深渊之兽 萨隆魔龙,Bystial Saronir
60246171,1,ソイツ,他者,Soitsu
60258960,1,伝説の爆炎使い,传说的爆炎使,Legendary Flame Lord
60268386,1,紋章獣グリフォン,纹章兽 狮鹫,Heraldic Beast Gryphon
60279710,1,サイバース・エンチャンター,电子界魔法师,Cyberse Enchanter
60283232,1,ホイール・シンクロン,车轮同调士,Wheel Synchron
60292055,1,エルフェーズ,相位精灵,Elphase
60303245,1,転生炎獣アルミラージ,转生炎兽 独角兔,Salamangreat Almiraj
60303688,1,教導の聖女エクレシア,教导的圣女 艾克莉西娅,"Dogmatika Ecclesia, the Virtuous"
60306104,3,進入禁止！Ｎｏ Ｅｎｔｒｙ！！,进入禁止！No Entry！！,No Entry!!
60306277,3,シンクロ・ゾーン,同调区域,Synchro Zone
60312997,3,波動再生,波动再生,Reanimation Wave
60316373,1,紋章獣アバコーンウェイ,纹章兽 阿伯康韦龙,Heraldic Beast Aberconway
60329973,3,混沌変幻,混沌变幻,Chaos Phantasm
60349525,1,クラッキング・ドラゴン,破解龙,Cracking Dragon
60362066,2,壱世壊を揺るがす鼓動,摇撼壹世坏的鼓动,Tearlaments Heartbeat
60365591,2,奇跡の方舟,奇迹之方舟,Shinato's Ark
60369732,2,大邪神の儀式,大邪神的仪式,Final Ritual of the Ancients
60375194,3,ヴェンデット・デイブレイク,复仇死者的白昼黎明,Vendread Daybreak
60391791,2,千里眼,千里眼,Senri Eye
60394026,2,ライゼオル・プラグイン,雷火沸动机插电,Ryzeal Plugin
60398723,2,森のざわめき,森林的沙沙作响,Murmur of the Forest
60399954,2,ユニオン・アタック,同盟攻击,Union Attack
60406591,3,デモンバルサム・シード,魔界凤仙花种,Sinister Seeds
60410769,1,ジュッテ・ナイト,十手武士,Jutte Fighter
60417395,1,ダークネス・ネオスフィア,暗冥天魔 尼奥斯菲亚,Darkness Neosphere
60431417,2,黄昏の双龍,黄昏之双龙,Twilight Twin Dragons
60433216,3,キング・スカーレット,绯色之王,King Scarlet
60434101,1,魔轟神ガルバス,魔轰神 加尔巴斯,Fabled Gallabas
60434189,2,ペンデュラム・モラトリアム,灵摆延缓,Pendulum Impenetrable
60442460,3,導かれし烙印,被引导的烙印,Branded Befallen
60448701,2,溟界の淵源,溟界的渊源,Ogdoadic Origin
60461077,1,剛鬼ライジングスコーピオ,刚鬼 闪光斧踢蝎,Gouki Riscorpio
60461804,1,Ｄ－ＨＥＲＯ デストロイフェニックスガイ,命运英雄 毁灭凤凰人,Destiny HERO - Destroyer Phoenix Enforcer
60465049,1,サイコ・エンド・パニッシャー,念力终结处刑者,Psychic End Punisher
60470713,2,マドルチェ・チケット,魔偶甜点券,Madolche Ticket
60473572,1,メタルフォーゼ・スティエレン,炼装勇士·钢人,Metalfoes Steelen
60482781,1,ミスティック・ソードマン ＬＶ６,谜之剑士 LV6,Mystic Swordsman LV6
60493189,1,Ｅ・ＨＥＲＯ プラズマヴァイスマン,元素英雄 电离钳侠,Elemental HERO Plasma Vice
60508057,1,ＲＲ－ナパーム・ドラゴニアス,急袭猛禽-汽油弹火龙伯劳,Raidraptor - Napalm Dragonius
60514625,2,エコール・ド・ゾーン,忘我画派,Ecole de Zone
60517697,1,海皇龍神 ポセイドラ・アビス,海皇龙神 波塞德拉·深渊,"Poseidra Abyss, the Atlantean Dragon Lord"
60519422,2,騎士道精神,骑士道精神,Kishido Spirit
60530944,3,異種闘争,异种斗争,Battle of the Elements
60534585,3,闘争本能,斗争本能,Battle Instinct
60549248,1,電池メン－角型,电池人-角型,Batteryman 9-Volt
60551528,1,インフェルノイド・シャイターン,狱火机·撒旦,Infernoid Pirmais
60577362,2,威圧する魔眼,威压之魔眼,Overpowering Eye
60589682,1,グロス,格洛斯,Twin Long Rods #1
60600126,2,エマージェンシー・サイバー,电子紧急呼救,Cyber Emergency
60600821,2,春,春,Spring
60606759,1,暗黒界の番兵 レンジ,暗黑界的番兵 兰治,"Renge, Gatekeeper of Dark World"
60619435,2,Ｇ・ボール・シュート,巨强投球,Giant Ballgame
60621361,3,横取りボーン,夺骨苏生,Monster Rebone
60623203,2,エクシーズ・アライン,超量排列,Xyz Align
60627999,3,血の沼地,血之沼地,Sanguine Swamp
60634565,1,レプティレス・ラミア,爬虫妖女·拉弥亚,Reptilianne Hydra
60643553,1,儚無みずき,儚无水木,Ghost Sister & Spooky Dogwood
60645181,1,Ｈ－Ｃ エクスカリバー,英豪冠军 断钢剑王,Heroic Champion - Excalibur
60666820,1,デーモン・イーター,恶魔食魔兽,Nefarious Archfiend Eater of Nefariousness
60668166,1,ナチュル・チェリー,自然樱桃,Naturia Cherries
60675348,3,ダイナミスト・ハウリング,雾动机龙咆哮,Dinomists Howling
60681103,1,巨神竜フェルグラント,巨神龙 闪耀,Divine Dragon Lord Felgrand
60682203,2,大寒波,大寒波,Cold Wave
60694662,1,スケルエンジェル,骸骨天使,Skelengel
60709218,2,師弟の絆,师徒的牵绊,Bond Between Teacher and Student
60715406,1,テンタクル・プラント,藤蔓植物,Tentacle Plant
60718396,3,フレムベルカウンター,炎狱反击,Flamvell Counter
60728397,2,ヴェノム・ショット,蛇毒喷射,Venom Shot
60741115,1,ダメージ・イーター,伤害吞噬者,Damage Eater
60743819,3,悪魔の嘆き,恶魔的叹息,Fiend Griefing
60759087,3,Ｅｖｉｌ★Ｔｗｉｎ プレゼント,邪恶★双子礼物,Evil★Twin Present
60764581,2,迷える仔羊,迷途的羔羊,Stray Lambs
60764609,1,魔を刻むデモンスミス,刻印群魔的刻魔锻冶师,Fiendsmith Engraver
60800381,1,ジャンク・ウォリアー,废品战士,Junk Warrior
60802233,1,クワガタ・アルファ,锹甲阿尔法,Kuwagata α
60806437,1,ＵＦＯタートル,飞碟龟,UFO Turtle
60822251,1,天融星カイキ,天融星 怪奇,Kaiki the Unity Star
60823690,1,霊魂鳥影－彦孔雀,灵魂鸟影-彦孔雀,Shinobaron Shade Peacock
60830240,2,熾動する煉獄,炽动的炼狱,Void Reignition
60832978,1,ダブル・リゾネーター,双头共鸣者,Double Resonator
60862676,1,フレイム・ケルベロス,火焰地狱犬,Flame Cerebrus
60866277,3,地殻変動,地壳变动,Earthshaker
60876124,2,レア・ヴァリュー,珍稀价值,Rare Value
60879050,2,機関連結,机关连接,Train Connection
60880471,1,六花精ヘレボラス,六花精 铁筷子,Hellebore the Rikka Fairy
60883493,3,ＶＳ 裏螺旋流雪風,征服斗魂 里螺旋流雪风,Vanquish Soul Snow Devil
60884672,2,大砂海ゴールド・ゴルゴンダ,大沙海 黄金戈尔工达,Great Sand Sea - Gold Golgonda
60912752,2,異次元の境界線,异次元的境界线,D.D. Borderline
60921537,2,凶導の葬列,凶导的葬列,Dogmatikamacabre
60930169,3,ブロークン・ブロッカー,断裂的防壁,Broken Blocker
60942444,1,天威龍－マニラ,天威龙-正道蟠龙,Tenyi Spirit - Mapura
60944809,2,グローリアス・ナンバーズ,光荣的编号系,Glorious Numbers
60946049,1,神芸学徒 グラフレア,神艺学徒 格拉弗莱尔,Artmage Graphlare
60946968,2,異界空間－Ａゾーン,异界空间-A地带,"Otherworld - The ""A"" Zone"
60948488,1,クロニクル・マジシャン,年代记魔术师,Chronicle Magician
60950180,1,ＲＲ－インペイル・レイニアス,急袭猛禽-穿刺伯劳,Raidraptor - Sharp Lanius
60953118,1,アルカナフォースＸＩＶ－ＴＥＭＰＥＲＡＮＣＥ,秘仪之力14-节制,Arcana Force XIV - Temperance
60953949,1,古代の機械箱,古代的机械箱,Ancient Gear Box
60954556,1,ＬＬ－サファイア・スワロー,抒情歌鸲-青玉燕,Lyrilusc - Sapphire Swallow
60967717,3,ミュートリア超個体系,秘异三变体超个体系,Myutant Expansion
60990740,1,絶対王 バック・ジャック,绝对王 J革命,Absolute King Back Jack
60992105,1,玄翼竜 ブラック・フェザー,玄翼龙 黑翼,Blackfeather Darkrage Dragon
60992364,1,ＺＷ－獣王獅子武装,异热同心武器-兽王狮子武装,ZW - Leo Arms
60999392,1,マシンナーズ・ソルジャー,机甲士兵,Machina Soldier
61011311,2,巻きすぎた発条,上过度的发条,Zenmailfunction
61011438,1,ブリリアント・ローズ,明亮蔷薇,Brilliant Rose
61019812,1,レッド・ダストン,红尘妖,Red Duston
61027400,1,いくらの軍貫,鲑鱼子军贯,Gunkan Suship Ikura
61032879,2,コモンメンタルワールド,共有精神世界,Synchronized Realm
61044390,2,カオス・エンド,混沌终结,Chaos End
61049315,1,ナチュル・ローズウィップ,自然蔷薇鞭,Naturia Rosewhip
61052897,1,レアル・ジェネクス・チューリング,真次世代图灵机,R-Genex Turing
61068510,2,トルネード,大龙卷,Tornado
61070601,2,融合強兵,融合强兵,Fusion Armament
61089209,1,ミュートリアル・ミスト,秘异三变秘法家,Myutant Mist
61103515,1,劫火の翼竜 ゴースト・ワイバーン,劫火之翼龙 幽鬼翼龙,"Ghost Wyvern, the Underworld Dragon"
61116514,1,パルマ・ライゼオル,掌式永磁雷火沸动机,Palm Ryzeal
61127349,2,ビッグバン・シュート,爆炎穿击,Big Bang Shot
61132951,1,Ｈ・Ｃ 夜襲のカンテラ,英豪挑战者 夜袭之提灯兵,Heroic Challenger - Night Watchman
61156777,1,ＢＯＸサー,纸箱拳击手,BOXer
61159609,2,三賢者の書,三贤者之书,Trismagistus
61160289,1,溟界妃－アミュネシア,溟界妃-阿蒙涅西娅,"Amunessia, the Ogdoadic Queen"
61166988,2,野性解放,野性解放,Wild Nature's Release
61168637,1,リンクスレイヤー＠イグニスター,猞猁连接杀手@火灵天星,Linkslayer @Ignister
61173621,1,エッジインプ・チェーン,锋利小鬼·链子,Edge Imp Chain
61175706,1,アルカナフォースＩＶ－ＴＨＥ ＥＭＰＥＲＯＲ,秘仪之力4-皇帝,Arcana Force IV - The Emperor
61181383,2,充電器,充电器,Battery Charger
61190918,1,トゥーン・バスター・ブレイダー,卡通破坏之剑士,Toon Buster Blader
61201220,1,ゴースト,幽灵,Phantom Ghost
61204971,1,Ｅ・ＨＥＲＯ サンダー・ジャイアント,元素英雄 雷霆巨人,Elemental HERO Thunder Giant
61231400,1,炎神機－紫龍,炎神机-紫龙,Pyrotech Mech - Shiryu
61245403,1,ネコーン,猫玉米,Cattycorn
61245672,1,デコード・トーカー・ヒートソウル,解码语者·炽热之魂,Decode Talker Heatsoul
61248471,1,デーモンの超越,恶魔超越,Archfiend's Ascent
61254509,1,トライポッド・フィッシュ,深海狗母鱼,Tripod Fish
61257789,1,スターダスト・ドラゴン／バスター,星尘龙/爆裂体,Stardust Dragon/Assault Mode
61258740,2,水神の護符,水神的护符,Sea Lord's Amulet
61264008,2,土地ころがし,炒土地,Land Flipping
61269611,1,ダイナレスラー・イグアノドラッカ,恐龙摔跤手·俄式拳角禽龙,Dinowrestler Iguanodraka
61272280,1,絶火の竜神ヴァフラム,绝火之龙神 巴赫拉姆,"Vahram, the Magistus Divinity Dragon"
61283655,1,トリックスター・キャンディナ,淘气仙星·坎迪娜,Trickstar Candina
61292243,2,ＥＭＥＲＧＥＮＣＹ！,E紧急！,EMERGENCY!
61307542,1,バージェストマ・アノマロカリス,伯吉斯异兽·奇虾,Paleozoic Anomalocaris
61314842,2,高等紋章術,高等纹章术,Advanced Heraldry Art
61318483,1,ゴーストリック・フロスト,鬼计霜精,Ghostrick Jackfrost
61320914,1,Ｖ・ＨＥＲＯ ミニマム・レイ,幻影英雄 微光人,Vision HERO Minimum Ray
61322713,2,陰の光,阴之光,Shadow's Light
61344030,1,輝光子パラディオス,辉光公子 帕拉迪奥斯,Starliege Paladynamo
61370518,1,迅雷の魔王－スカル・デーモン,迅雷之魔王-骸骨恶魔,Skull Archfiend of Lightning
61374414,1,ＣＸ－Ｎ・Ａｓ・Ｃｈ Ｋｎｉｇｈｔ,混沌超量 伟人庇护混沌骑士,CXyz N.As.Ch. Knight
61380658,1,エレキリギリス,电气螽斯,Watthopper
61391302,1,オッドアイズ・アドバンス・ドラゴン,异色眼上级龙,Odd-Eyes Advance Dragon
61397885,3,幻煌龍の浸渦,幻煌龙的浸涡,Phantasm Spiral Power
61398234,1,風水魔神－ゲート・ガーディアン,风水魔神-门之守护神,Gate Guardian of Wind and Water
61399402,1,ライトドラゴン＠イグニスター,光龙王@火灵天星,Light Dragon @Ignister
61405855,2,竜殺しの剣,杀龙剑,Sword of Dragon's Soul
61411502,3,エレメンタルバースト,元素爆发,Elemental Burst
61420130,3,バージェストマ・ハルキゲニア,伯吉斯异兽·怪诞虫,Paleozoic Hallucigenia
61434639,2,灰滅の復燃,灰灭的复燃,Rekindling the Ashened
61441708,1,ネフティスの鳳凰神,奈芙提斯之凤凰神,Sacred Phoenix of Nephthys
61454890,1,時の魔人 ネクロランサ,时间魔人 独眼死灵师,Necrolancer the Time-lord
61459246,3,夢魔鏡の夢占い,梦魔镜的梦占,Dream Mirror Oneiromancy
61465001,1,擾乱騒蛇ラウドクラウド,扰动骚蛇 响云蛇,Loud Cloud the Storm Serpent
61466310,2,帝王の開岩,帝王的开岩,Return of the Monarchs
61468779,1,地霊神グランソイル,地灵神 格兰索尔,Grandsoil the Elemental Lord
61470213,1,オルターガイスト・アドミニア,幻变骚灵·管理提泰妮娅,Altergeist Adminia
61472381,1,巧炎星－エランセイ,巧炎星-巨羚青,Brotherhood of the Fire Fist - Eland
61480937,1,妖精獣レグルス,妖精兽 雷古勒斯,Regulus the Fairy Beast
61488417,1,光竜星－リフン,光龙星-螭吻,"Chiwen, Light of the Yang Zing"
61496006,1,アビス・シャーク,渊鲨,Abyss Shark
61505339,1,創世神,创世神,The Creator
61525276,1,呪われし竜－カース・オブ・ドラゴン,被诅咒的龙-诅咒之龙,"Curse of Dragon, the Cursed Dragon"
61528025,1,光の追放者,光之追放者,Banisher of the Light
61529473,3,真竜の黙示録,真龙的默示录,True Draco Apocalypse
61538782,1,トラックロイド,卡车机人,Truckroid
61557074,2,霊神の聖殿,灵神的圣殿,Palace of the Elemental Lords
61583217,2,サイバネット・ユニバース,电脑网宇宙,Cynet Universe
61587183,1,黒蠍－逃げ足のチック,黑蝎-飞速逃跑的齐克,Dark Scorpion - Chick the Yellow
61592395,2,アルマの魔導書,蜡板之魔导书,Spellbook of Eternity
61606250,2,武装竜の襲雷,武装龙的袭雷,Armed Dragon Blitz
61613388,2,Ｕ.Ａ.ターンオーバー・タクティクス,超级运动员换人战术,U.A. Turnover Tactics
61622107,3,バブル・クラッシュ,泡沫崩溃,Bubble Crash
61623148,2,暗黒界の書物,暗黑界的书物,Dark World Grimoire
61632317,1,ダーク・スプロケッター,暗黑链齿怪,Sinister Sprocket
61639289,1,イグナイト・イーグル,点火骑士·沙鹰,Igknight Crusader
61641818,1,電脳堺龍－龍々,电脑堺龙-龙龙,Virtual World Dragon - Longlong
61650133,2,召喚の呪詛,召唤的诅咒,Summoning Curse
61654098,2,星遺物との邂逅,与星遗物的邂逅,World Legacy Discovery
61656650,3,悲劇の引き金,悲剧的引爆器,Remote Revenge
61665245,1,サモン・ソーサレス,召唤女巫,Summon Sorceress
61668670,1,Ｇゴーレム・クリスタルハート,G石人·水晶心,G Golem Crystal Heart
61677004,1,捕食植物ダーリング・コブラ,捕食植物 蛇瓶草眼镜蛇,Predaplant Darlingtonia Cobra
61679541,1,ＢＫ ラビット・パンチャー,燃烧拳击手 击后脑勺拳手,Battlin' Boxer Rabbit Puncher
61681816,1,プロパ・ガンダケ,宣传雁茸天狗,Propa Gandake
61692648,1,勇気機関車ブレイブポッポ,勇气机关车 勇敢噗噗,Lionhearted Locomotive
61705417,3,墓荒らし,盗墓者,Graverobber
61728808,1,ヘビーメタルフォーゼ・アマルガム,刚炼装勇士·汞齐混融者,Heavymetalfoes Amalgam
61737116,1,六武衆のご隠居,六武众的隐退者,Elder of the Six Samurai
61740673,3,王宮の勅命,王宫的敕命,Imperial Order
61757117,1,救世の美神ノースウェムコ,救世之美神 诺斯维姆科,Divine Grace - Northwemko
61764082,1,ダイナレスラー・ラアムブラキオ,恐龙摔跤手·塞内加尔摔跤腕龙,Dinowrestler Rambrachio
61773610,3,粛声のガーディアン,肃声的守护者,Guardian of the Voiceless Voice
61775475,1,Ａ・Ｏ・Ｇ リターンゼロ,次世代兵器 还零,Arms of Genex Return Zero
61777313,1,極星天ヴァナディース,极星天 凡娜迪丝,Vanadis of the Nordic Ascendant
61791132,1,マリスボラス・フォーク,食恶餐叉鬼,Malicevorous Fork
61802346,1,ブリザード・ドラゴン,雪暴龙,Blizzard Dragon
61807040,1,フルエルフ,挥精灵,Flelf
61818176,3,ゴーストリック・リフォーム,鬼计装修,Ghostrick Renovation
61822419,2,咎を擁く魔瞳,拥抱过咎的魔瞳,Guilt Gripping Morganite
61831093,1,ドッペルゲンガー,二重身,Greenkappa
61840587,3,携帯型バッテリー,携带型电池,Portable Battery Pack
61844784,2,マジック・ガードナー,魔法防护器,Magic Reflector
61845881,1,ミナイルカ,寻众海豚,Minairuka
61850482,2,レベル調整,等级调整,Level Modulation
61854111,2,伝説の剣,传说之剑,Legendary Sword
61864793,1,アースクエイク・ジャイアント,地震巨人,Earthquake Giant
61884774,2,妖仙獣の神颪,妖仙兽的神颪,Yosenju Oroshi Channeling
61888819,1,インヴェルズ・オリジン,侵入魔鬼基源,Steelswarm Origin
61901281,1,暗黒竜 コラプサーペント,暗黑龙 坍缩星蛇,Black Dragon Collapserpent
61912252,1,無限起動トレンチャー,无限起动 挖沟机,Infinitrack Trencher
61936647,3,幻影剣,幻影剑,Phantom Knights' Sword
61944066,2,Ｒｅｃｅｔｔｅｓ ｄｅ Ｎｏｕｖｅｌｌｅｚ～ヌーベルズのレシピ帳～,新式魔厨的食谱本,"Nouvelles Recipe Book ""Recettes de Nouvellez"""
61948106,2,ガトムズの非常召集,加特姆士的非常召集,Gottoms' Second Call
61950680,2,贖いのエンブレーマ,赎罪之徽记,Emblema Salvation
61962135,3,閃光のイリュージョン,闪光之幻想,Glorious Illusion
61965407,3,遡洸する煉獄,溯洸的炼狱,Void Purification
61968753,2,バブル・シャッフル,水泡搅乱,Bubble Shuffle
61976639,2,シークレット・パスフレーズ,秘密口令句,Secret Password
61980241,1,白き森のリゼット,白森林的莉泽特,Elzette of the White Forest
62000467,1,剣闘獣ドラガシス,剑斗兽 德拉伽塞斯,Gladiator Beast Dragases
62002838,1,闇と消滅の竜,暗与消灭之龙,Dark End Evaporation Dragon
62006866,1,ズバババナイト,刷拉拉拉骑士,Zubababa Knight
62007535,1,インヴェルズ・ホーン,侵入魔鬼·牛角,Steelswarm Longhorn
62015408,1,浮幽さくら,浮幽樱,Ghost Reaper & Winter Cherries
62017867,1,超重武者グロウ－Ｖ,超重武者 手套-V,Superheavy Samurai Gigagloves
62022479,2,烙印の絆,烙印的牵绊,Branded Bond
62023839,1,フィッシュボーグ－アーチャー,电子鱼人-弓手,Fishborg Archer
62034800,1,無限起動ロックアンカー,无限起动 攀岩锚挖掘机,Infinitrack Anchor Drill
62038047,1,不知火の鍛師,不知火的锻师,Shiranui Smith
62054060,1,平穏の賢者,平稳之贤者,Sage of Stillness
62070231,1,Ｎｏ.９４ 極氷姫クリスタル・ゼロ,No.94 极冰姬 晶零,Number 94: Crystalzero
62076252,1,スレイブベアー,奴隶熊,Test Bear
62089826,3,真の光,真正之光,True Light
62091148,3,鎖付き飛龍炎刃,附锁链的飞龙炎刃,Salamandra with Chain
62098216,1,Ｅｖｉｌ★Ｔｗｉｎｓ キスキル・リィラ,邪恶★双子星 姬丝基勒·璃拉,Evil★Twins Ki-sikil & Lil-la
62107612,1,ディメンション・ワンダラー,次元流浪士,Dimension Wanderer
62107981,1,Ｅ・ＨＥＲＯ クノスペ,元素英雄 小花蕾,Elemental HERO Knospe
62111090,1,アースゴーレム＠イグニスター,地石人@火灵天星,Earth Golem @Ignister
62113340,1,神竜 ラグナロク,神龙 末日龙,Divine Dragon Ragnarok
62125438,1,シンクロン・キャリアー,同调士运送者,Synchron Carrier
62133026,1,花と野原の春化精,花与原野的春化精,Vernusylph of the Flowering Fields
62154416,1,マジカルフィシアリスト,魔力美容师,Frequency Magician
62156277,1,灰滅せし都の先懸,灰灭都的先驱,Spearhead of the Ashened City
62161698,2,イリュージョン・バルーン,幻术气球,Illusion Balloons
62171834,2,夢幻の夢魔鏡,梦幻之梦魔镜,Dream Mirror Phantasms
62173132,2,罪宝の囁き,罪宝的低语,Susurrus of the Sinful Spoils
62180201,1,邪神ドレッド・ルート,邪神 恐惧之源,The Wicked Dreadroot
62188962,2,ヴァンパイア帝国,吸血鬼帝国,Vampire Kingdom
62193699,1,ウォー・アース,大地战士,Rock Ogre Grotto #2
62200831,2,軍貫処『海せん』,军贯处『海栈』,Gunkan Sushipyard Seaside Supper Spot
62201847,1,被検体ミュートリアＭ－０５,被检体 秘异三变体M-05,Myutant M-05
62210247,1,月の女神 エルザェム,月之女神 艾露塞姆,Lunar Queen Elzaim
62219643,3,逢華妖麗譚－魔妖不知火語,逢华妖丽谭-魔妖不知火语,Ghost Meets Girl - A Masterful Mayakashi Shiranui Saga
62242678,1,琰魔竜王 レッド・デーモン・カラミティ,琰魔龙王 红莲魔·厄,Hot Red Dragon Archfiend King Calamity
62256492,2,憑依覚醒,凭依觉醒,Awakening of the Possessed
62265044,2,竜の渓谷,龙之溪谷,Dragon Ravine
62271284,3,ジャスティブレイク,正义雷破,Justi-Break
62279055,3,魔法の筒,魔法筒,Magic Cylinder
62279666,2,星遺物が導く果て,星遗物引导的终点,World Legacy's Corruption
62306203,1,サルベージェント・ドライバー,抢救代理驱动员,Salvagent Driver
62312469,1,ダーク・ドリアード,暗黑树精,Dark Doriado
62314831,2,新世壊＝アムリターラ,新世坏-阿密哩多罗,New World - Amritara
62315111,1,エーリアン・ハンター,外星人猎手,Alien Hunter
62318994,1,サクリファイス・Ｄ・ロータス,献祭魔界莲,Samsara D Lotus
62320425,1,古衛兵アギド,古卫兵 阿基多,Agido the Ancient Sentinel
62325062,3,粘着落とし穴,黏着的落穴,Adhesion Trap Hole
62327910,1,マイティガード,强力守卫,Mighty Guard
62337487,1,要塞クジラ,要塞鲸,Fortress Whale
62340868,1,風魔神－ヒューガ,风魔神-修迦,Kazejin
62370023,3,スノーマン・エフェクト,滚雪人效应,Snowman Effect
62376646,2,剛鬼再戦,刚鬼再战,Gouki Re-Match
62379337,1,バイオレット・ウィッチ,紫罗兰之魔女,Violet Witch
62383431,1,溟界の黄昏－カース,溟界的黄昏-卡斯,"Keurse, the Ogdoadic Light"
62393472,1,夢魔鏡の聖獣－パンタス,梦魔镜的圣兽-方塔斯,"Phantasos, the Dream Mirror Friend"
62397231,1,ダイヤモンド・ドラゴン,钻石龙,Hyozanryu
62403074,1,赤き剣のライムンドス,赤剑之莱蒙多斯,Rhaimundos of the Red Sword
62405028,1,溟界の滓－ナイア,溟界之滓-纳娅,"Nauya, the Ogdoadic Remnant"
62411042,1,イビルセラ・ルテア,黄花单角胡魔,Ibicella Lutea
62411811,1,迷宮に潜むシャドウ・グール,潜伏迷宫的影之食尸鬼,Shadow Ghoul of the Labyrinth
62420419,1,大邪神 レシェフ,大邪神 雷瑟夫,Reshef the Dark Being
62434031,1,森羅の花卉士 ナルサス,森罗的花卉士 水仙,Sylvan Flowerknight
62437430,2,異次元海溝,异次元海沟,Different Dimension Deepsea Trench
62437709,1,エーリアン・グレイ,灰色外星人,Alien Grey
62472614,2,疫病,疫病,Pestilence
62473983,1,墓守の長,守墓之长,Gravekeeper's Chief
62476197,1,アチャチャチャンバラー,热辣辣比剑者,Achacha Chanbara
62476815,1,ゴゴゴゴーレム,隆隆隆石人,Gogogo Golem
62480168,3,アマゾネスの秘湯,亚马逊的秘汤,Amazoness Hot Spring
62481203,2,トリックスター・フェス,淘气仙星音乐节,Trickstar Festival
62487836,3,白の咆哮,白之咆哮,White Howling
62499965,2,Ｚ－ＯＮＥ,Z-ONE,Z-ONE
62503746,1,天雷星センコウ,天雷星 闪光,Senko the Skybolt Star
62514770,1,ラブラドライドラゴン,拉长石龙,Labradorite Dragon
62517849,1,Ｎｏ.３９ 希望皇ホープ・ダブル,No.39 希望皇 霍普·翻倍,Number 39: Utopia Double
62528292,2,戦華史略－東南之風,战华史略-东南之风,Ancient Warriors Saga - East-by-South Winds
62530723,3,星遺物の囁き,星遗物的低语,World Legacy Whispers
62541668,1,Ｎｏ.７７ ザ・セブン・シンズ,No.77 七罪蛛,Number 77: The Seven Sins
62543393,1,レクンガ,裂蕈牙,Lekunga
62560742,1,ＴＧ レシプロ・ドラゴン・フライ,科技属 互换蜻蜓,T.G. Recipro Dragonfly
62587693,1,機怪神エクスクローラー,机怪神 超机怪虫神,Deus X-Krawler
62592805,1,エピュアリィ・ノアール,亲历纯爱妖精·黑暗妖精,Epurrely Noir
62606805,1,メンタルプロシージャー,精神循序者,Mind Procedure
62623659,2,ゼアル・コンストラクション,异热同心构筑,Zexal Construction
62624486,1,Ｍ・ＨＥＲＯ ダイアン,假面英雄 宝钻,Masked HERO Dian
62632427,2,信用取引,信用取引,Margin Trading
62633180,3,本陣強襲,本阵强袭,Assault on GHQ
62645025,3,幻影騎士団ウロング・マグネリング,幻影骑士团 失常磁环,The Phantom Knights of Wrong Magnetring
62651957,1,Ｘ－ヘッド・キャノン,X-首领加农,X-Head Cannon
62671448,1,トードマスター,蛤蟆仙人,Toad Master
62681049,3,妖仙郷の眩暈風,妖仙乡的眩晕风,Dizzying Winds of Yosen Village
62694833,1,魁炎星－シーブ,魁炎星-羊武,Brotherhood of the Fire Fist - Ram
62701967,1,ジュラック・ティラヌス,朱罗纪暴龙,Jurrac Tyrannus
62706865,1,ドラコネット,网络小龙,Draconnet
62709239,1,幻影騎士団ブレイクソード,幻影骑士团 断碎剑,The Phantom Knights of Break Sword
62714453,1,ベアルクティ－ポーラ＝スター,北极天熊-北极星,Ursarctic Polar Star
62729173,1,インヴェルズ万能態,侵入魔鬼万能态,Steelswarm Genome
62742651,1,アーマード・サイキッカー,铠装念动力人,Armored Axon Kicker
62753201,3,ヴァレル・レフリジェレーション,枪管冷却,Borrel Cooling
62762898,1,パロット・ドラゴン,鹦鹉龙,Parrot Dragon
62767644,2,灰滅の劫火,灰灭的劫火,Inferno of the Ashened
62777823,3,ＣＯＮＴＡＩＮ！,C控制！,CONTAIN!
62782218,1,スカル・コンダクター,骷髅指挥,Skull Conductor
62784717,3,死神の巡遊,死神的巡游,Tour of Doom
62793020,1,なぞの手,谜之手,Mystery Hand
62803464,1,地霊媒師アウス,地灵媒师 奥丝,Aussa the Earth Channeler
62829077,2,輝望道,辉望道,Shining Hope Road
62834295,2,オルフェゴール・アインザッツ,自奏圣乐的合奏起音,Orcustrated Einsatz
62835876,2,善悪の彼岸,善恶的彼岸,Good & Evil in the Burning Abyss
62849088,1,妖眼の相剣師,妖眼之相剑师,The Iris Swordsoul
62850093,1,氷天禍チルブレイン,冰天祸 奇尔布莱恩,Cataclysmic Circumpolar Chilblainia
62867251,3,聖なる輝き,神圣光辉,Light of Intervention
62868900,3,Ｄ－シールド,D-护盾,D - Shield
62873545,1,究極竜騎士,究极龙骑士,Dragon Master Knight
62878208,3,イクイップ・シュート,装备喷射球,Equip Shot
62880279,1,ドドドドウォリアー,怒怒怒怒战士,Dodododo Warrior
62886670,1,海晶乙女シースター,海晶少女 海星,Marincess Sea Star
62892347,1,アルカナフォース０－ＴＨＥ ＦＯＯＬ,秘仪之力0-愚者,Arcana Force 0 - The Fool
62893810,1,サイコロプス,骰子独眼巨人,Dicelops
62895219,1,幻奏の歌姫ソプラノ,幻奏的歌姬 索普拉诺,Soprano the Melodious Songstress
62896588,2,ナチュラル・チューン,自然调整,Natural Tune
62899696,1,ＳＲアクマグネ,疾行机人 磁铁恶魔,Speedroid Maliciousmagnet
62941499,1,スプリガンズ・シップ エクスブロウラー,护宝炮妖船 喧闹探险者号,Springans Ship - Exblowrer
62950604,1,沈黙のサイコウィザード,沉默的念力男巫,Silent Psychic Wizard
62953041,1,稲荷火,稻荷火,Inari Fire
62957424,1,彼岸の悪鬼 リビオッコ,彼岸的恶鬼 利比科克,"Libic, Malebranche of the Burning Abyss"
62962630,1,デスピアの導化アルベル,死狱乡的导化 阿鲁伯,Aluber the Jester of Despia
62966332,2,天変地異,天变地异,Convulsion of Nature
62967433,1,神羊樹バロメット,神羊树 植物羊魔,Baromet the Sacred Sheep Shrub
62968263,1,銀河眼の残光竜,银河眼残光龙,Galaxy-Eyes Afterglow Dragon
62980542,3,デステニー・デストロイ,命运毁灭,Destruction of Destiny
62991792,1,ソウル・リゾネーター,灵魂共鸣者,Soul Resonator
62991886,2,進化する人類,进化的人类,Unstable Evolution
62995268,3,白き森のわざわいなり,白森林的灾祸,Woes of the White Forest
63009228,1,レスキュー・インターレーサー,救援隔行人,Rescue Interlacer
63012333,1,精気を吸う骨の塔,吸收精气的骨塔,Soul-Absorbing Bone Tower
63013339,1,閃刀姫－カメリア,闪刀姬-卡米丽娅,Sky Striker Ace - Camellia
63014935,1,ヴォルカニック・クイーン,火山女王,Volcanic Queen
63017368,2,石版の神殿,石版神殿,Wedju Temple
63018036,2,緊急鋼核処分,紧急钢核处分,Iron Core Immediate Disposal
63018132,1,ドラゴン・ライダー,龙骑手,Dragon Manipulator
63031396,2,サイバネティック・ホライゾン,电子地平线,Cybernetic Horizon
63035430,2,摩天楼 －スカイスクレイパー－,摩天楼,Skyscraper
63049052,3,璽律する武神,玺律的武神,Bujin Regalia - The Jewel
63053267,2,ナーゲルの守護天,奈格尔守护天,Nagel's Protection
63056220,1,メガリス・オフィエル,巨石遗物·奥菲尔,Megalith Ophiel
63060238,1,Ｅ・ＨＥＲＯ ブレイズマン,元素英雄 烈焰侠,Elemental HERO Blazeman
63086455,3,現世離レ,现世离,Terrors of the Overroot
63092423,1,弾帯城壁龍,弹带城壁龙,Linkbelt Wall Dragon
63101468,1,マスターフレア・ヒュペリオン,耀斑主宰者·许珀里翁,Masterflare Hyperion
63101919,1,マジックテンペスター,暴风魔术师,Tempest Magician
63102017,2,『守備』封じ,『守备』封禁,Stop Defense
63120904,1,暗黒大要塞鯱,暗黑大要塞鲸,Orca Mega-Fortress of Darkness
63125616,1,闇を司る影,司暗的影子,The Shadow Who Controls the Dark
63136489,2,合成獣融合,合成兽融合,Chimera Fusion
63142001,1,電池メン－単三型,电池人-单三型,Batteryman AA
63144961,2,セイヴァー・アブソープション,救世吸收,Majestic Absorption
63162310,1,ウォール・シャドウ,墙壁之影,Wall Shadow
63166095,2,閃刀起動－エンゲージ,闪刀起动-交闪,Sky Striker Mobilize - Engage!
63175639,1,魔導化士 マット,魔导化士 马特,Fool of Prophecy
63176202,1,大将軍 紫炎,大将军 紫炎,Great Shogun Shien
63180841,1,シューティング・スター・ドラゴン・ＴＧ－ＥＸ,流星龙·科技属扩张,Shooting Star Dragon T.G. EX
63181559,3,トリックスター・ディフュージョン,淘气仙星扩散融合,Trickstar Diffusion
63184227,1,スターダスト・トレイル,星尘尾迹,Stardust Trail
63193536,3,重量オーバー,重量超过,Over Capacity
63193879,1,セイバー・シャーク,军刀鲨,Saber Shark
63198739,1,原石竜アナザー・ベリル,原石龙 变种绿柱石龙,Primite Dragon Ether Beryl
63211608,1,Ａ・ジェネクス・リバイバー,盟军·次世代再造兵,Genex Ally Reliever
63223260,1,フォトン・サテライト,光子卫星,Photon Satellite
63223467,1,ＲＡＩ－ＭＥＩ,雷-鸣,Rai-Mei
63224564,2,サイバー・ボンテージ,电子紧身衣,Cyber Shield
63227401,3,スキル・プリズナー,技能禁锢,Skill Prisoner
63233638,1,メガリス・ファレグ,巨石遗物·富雷格,Megalith Phaleg
63251695,1,ダイナミスト・レックス,雾动机龙·霸王龙,Dinomist Rex
63253763,1,エーリアン・リベンジャー,外星人复仇者,Alien Overlord
63257623,1,森羅の実張り ピース,森罗的监实者 豌豆,Sylvan Peaskeeper
63259351,1,奇跡のジュラシック・エッグ,奇迹之侏罗纪蛋,Miracle Jurassic Egg
63261835,1,ハーピィ・レディ・ＳＣ,鹰身女郎 爪牙碎断,Cyber Slash Harpie Lady
63265554,1,パワー・ツール・ブレイバー・ドラゴン,动力工具勇气龙,Power Tool Braver Dragon
63274863,1,星因士 シリウス,星因士 天狼星,Satellarknight Sirius
63288573,1,閃刀姫－カガリ,闪刀姬-燎里,Sky Striker Ace - Kagari
63295720,2,竜の影光,龙之影光,Dragon's Light and Darkness
63300440,2,ドラゴン・シールド,龙盾甲,Dragon Shield
63308047,1,魔人 テラ,魔人 泰拉,Terra the Terrible
63323539,3,トロイボム,特洛伊炸弹,Trojan Blast
63356631,3,鳳翼の爆風,凤翼的爆风,Phoenix Wing Wind Blast
63362460,1,Ｄ－ＨＥＲＯ ディバインガイ,命运英雄 神性人,Destiny HERO - Celestial
63364266,1,ゴヨウ・チェイサー,御用追缉者,Goyo Chaser
63378869,1,狂愛の竜娘アイザ,狂爱之龙娘 相樱,Aiza the Dragoness of Deranged Devotion
63391643,2,千本ナイフ,千把刀,Thousand Knives
63394872,2,ポジションチェンジ,位置移动,Senet Switch
63410069,1,砂漠の飛蝗賊,沙漠的飞蝗贼,Desert Locusts
63413494,3,廃車復活,废车复活,Consolation Prize
63422098,1,鬼岩城,鬼岩城,Giganticastle
63432835,1,ストーン・アルマジラー,岩石犰狳,Stone Armadiller
63436931,1,赤き竜,红龙,Crimson Dragon
63442604,3,物理分身,物理分身,Physical Double
63465535,1,地底のアラクネー,地底之阿剌克涅,Underground Arachnid
63468625,1,機皇神マシニクル∞,机皇神 机录∞,Meklord Astro Mekanikle
63477921,3,サイバー・サモン・ブラスター,电子召唤爆破器,Cyber Summon Blaster
63485233,2,スター・チェンジャー,星级变化,Star Changer
63487632,1,ドラグニティアームズ－レヴァテイン,龙骑兵团武器-灾魔剑,Dragunity Arma Leyvaten
63492244,2,トリックスター・ライトアリーナ,淘气仙星的灯光竞技场,Trickstar Light Arena
63503850,1,ブルートエンフォーサー,蛮力攻击实施员,Brute Enforcer
63504681,1,Ｎｏ.８６ Ｈ－Ｃ ロンゴミアント,No.86 英豪冠军 击灭枪王,Number 86: Heroic Champion - Rhongomyniad
63509474,2,白の救済,白之救济,Whitefish Salvage
63515678,1,聖なる鎖,神圣之锁,Mystical Capture Chain
63516460,2,一陣の風,一阵之风,Mystical Wind Typhoon
63519819,1,サウザンド・アイズ・サクリファイス,千眼纳祭神,Thousand-Eyes Restrict
63526052,1,クローラー・ソゥマ,机怪虫·胞体虫,Krawler Soma
63528891,1,バックアップ・セクレタリー,备份秘书,Backup Secretary
63533837,1,サイバース・クアンタム・ドラゴン,电子界量子龙,Cyberse Quantum Dragon
63542003,1,宿神像ケルドウ,宿神像 凯尔多,Keldo the Sacred Protector
63545455,1,ゾンビランプ,僵尸鬼灯,Mech Mole Zombie
63545861,3,セイクリッドの流星,星圣的流星,Constellar Meteor
63571750,3,王家の財宝,王家的财宝,Pharaoh's Treasure
63583431,2,ゴゴゴ護符,隆隆隆护符,Gogogo Talisman
63595262,2,ユニコーンの導き,独角兽的引导,Unicorn Beacon
63612442,1,Ｘ－セイバー ソウザ,X-剑士 索萨,X-Saber Souza
63626024,3,忍法 妖変化の術,忍法 妖变化之术,Ninjitsu Art of Mirage-Transformation
63630268,3,幻蝶の護り,幻蝶的守护,Butterspy Protection
63633694,1,機巧蹄－天迦久御雷,机巧蹄-天迦久御雷,"Gizmek Kaku, the Supreme Shining Sky Stag"
63644830,2,メルフィーのかくれんぼ,童话动物的捉迷藏,Melffy Hide-and-Seek
63665606,2,虚無の波動,虚无的波动,Wave-Motion Inferno
63665875,1,ゴブリンゾンビ,哥布林僵尸,Goblin Zombie
63676256,1,バスター・ショットマン,破坏炮击人,Buster Blaster
63689843,3,白兵戦,白兵战,Attack and Receive
63695531,1,墓守の長槍兵,守墓的长枪兵,Gravekeeper's Spear Soldier
63703130,2,Ｏ－オーバーソウル,O-超越灵魂,O - Oversoul
63708033,3,春化精と花蕾,春化精与花蕾,Vernusylph and the Flower Buds
63717421,2,起動指令 ギア・チャージ,起动指令 齿轮突击,Boot-Up Order - Gear Charge
63730624,2,ダブルツールＤ＆Ｃ,两件套工具D&C,Double Tool C&D
63731062,1,白闘気一角,白斗气一角,White Aura Monoceros
63737050,1,龍大神,龙大神,Ryu Okami
63741331,2,フォッグ・コントロール,雾气操控,Fog Control
63746411,1,Ｎｏ.１０６ 巨岩掌ジャイアント・ハンド,No.106 巨岩掌 巨手,Number 106: Giant Hand
63748694,1,赤しゃりの軍貫,赤舍利军贯,Gunkan Suship Shari Red
63749102,1,イグザリオン・ユニバース,宇宙人马兽,Exarion Universe
63767246,1,Ｎｏ.３８ 希望魁竜タイタニック・ギャラクシー,No.38 希望魁龙 银河巨神,Number 38: Hope Harbinger Dragon Titanic Galaxy
63789924,2,盗人の煙玉,盗贼的烟玉,Smoke Grenade of the Thief
63804637,3,幻奏のイリュージョン,幻奏的幻像,Melodious Illusion
63804806,1,スピード・キング☆スカル・フレイム,速度之王☆骷髅炎鬼,Supersonic Skull Flame
63806265,3,虹の引力,虹之引力,Rainbow Gravity
63813056,1,Ｘ・ＨＥＲＯ ドレッドバスター,特异英雄 恐惧破坏者,Xtra HERO Dread Decimator
63821877,1,幻影騎士団ラギッドグローブ,幻影骑士团 破手套,The Phantom Knights of Ragged Gloves
63825486,1,ギミック・パペット－ブラッディ・ドール,机关傀儡-血腥人偶,Gimmick Puppet Rouge Doll
63845230,1,百万喰らいのグラットン,吞食百万的暴食兽,Eater of Millions
63851864,2,ブレイク・ドロー,破坏抽卡,Break! Draw!
63854005,2,簡素融合,简素融合,Ready Fusion
63875853,2,身分転換,身份转换,Trading Places
63881033,3,マーシャリング・フィールド,盾徽配列场,Marshalling Field
63883999,2,伏魔殿－悪魔の迷宮－,伏魔殿-恶魔的迷宫-,Archfiend Palabyrinth
63899196,2,帝王の策略,帝王的策略,Scheme of the Monarchs
63899465,2,Ｒ－ＡＣＥヘッドクオーター,救援ACE队总部,Rescue-ACE HQ
63941169,3,アビスチーム,深渊蒸集队,Abyss-steam
63941210,1,壊星壊獣ジズキエル,坏星坏兽 席兹奇埃鲁,"Jizukiru, the Star Destroying Kaiju"
63942761,1,リチュア・ノエリア,遗式术师·诺艾莉娅,Gishki Noellia
63945693,2,虹の架け橋,虹之桥梁,Rainbow Bridge
63947968,1,ミレニアム・アブソリューター,千年绝对鸟,Fiend Reflection of the Millennium
63948258,1,未知ガエル,未知青蛙,Submarine Frog
63956833,2,銀河天翔,银河天翔,Galaxy Trance
63972571,1,獣神王バルバロス,兽神王 巴巴罗斯,King Beast Barbaros
63977008,1,ジャンク・シンクロン,废品同调士,Junk Synchron
63992027,3,二重光波,二重光波,Double Cipher
63995093,2,機械複製術,机械复制术,Machine Duplication
64002884,2,神鳥の排撃,神鸟的排击,Simorgh Repulsion
64014615,2,大欲な壺,大欲之壶,Pot of Acquisitiveness
64018647,3,リザレクション・ブレス,复活气息,Breath of Resurrection
64025981,1,始原竜プライマル・ドラゴン,始原龙,"Primal Dragon, the Primordial"
64034255,1,Ａ・ジェネクス・バードマン,盟军·次世代鸟人兵,Genex Ally Birdman
64038662,3,ヴァリュアブル・フォーム,可变形态,Variable Form
64043465,3,魔神火炎砲,魔神火炎炮,Obliterate!!!
64047146,2,一角獣のホーン,独角兽之角,Horn of the Unicorn
64049553,2,ＲＲ－ルースト,急袭猛禽-鸟窝,Raidraptor - Roost
64061284,2,古代の機械融合,古代的机械融合,Ancient Gear Fusion
64063868,1,Ｋｏｚｍｏ－ダークエクリプサー,星际仙踪-达克日食者号,Kozmo Dark Eclipser
64104037,1,劫火の槍術士 ゴースト・ランサー,劫火之枪术士 幽鬼枪兵,"Ghost Lancer, the Underworld Spearman"
64107820,2,フューチャー・グロウ,未来光辉,Future Glow
64116319,1,トゥーン・ハーピィ・レディ,卡通鹰身女郎,Toon Harpie Lady
64145892,1,フォトン・サークラー,光子法阵师,Photon Circle
64154377,1,未熟な悪魔,未熟的恶魔,Embryonic Beast
64160836,1,エーリアン・キッズ,外星人小孩,Alien Kid
64161630,3,パージ・レイ,净化光,Purge Ray
64163367,2,「Ａ」細胞培養装置,「A」细胞培养装置,"""A"" Cell Incubator"
64178424,2,転生炎獣の意志,转生炎兽的意志,Will of the Salamangreat
64178868,1,バトル・サバイバー,战斗幸存者,Battle Survivor
64182380,1,炎王神 ガルドニクス・エタニティ,炎王神 大鹏不死鸟·永炎,"Garunix Eternity, Hyang of the Fire Kings"
64184058,1,Ｄ－ＨＥＲＯ ディシジョンガイ,命运英雄 决意人,Destiny HERO - Decider
64187086,2,地縛神の復活,地缚神的复活,Earthbound Immortal Revival
64193046,1,超重天神マスラ－Ｏ,超重天神 益荒男-O,Superheavy Samurai Brave Masurawo
64202399,1,深淵の青眼龍,深渊青眼龙,Blue-Eyes Abyss Dragon
64203620,1,極星邪龍ヨルムンガンド,极星邪龙 尤蒙刚德,Jormungardr the Nordic Serpent
64207696,1,ＥＭゴールド・ファング,娱乐伙伴 金牙狼,Performapal Gold Fang
64211118,1,ファイアウォール・ドラゴン・ダークフルード－ネオテンペスト,防火龙·暗流体-新电磁泄密风,Firewall Dragon Darkfluid - Neo Tempest Terahertz
64213017,2,騎甲虫隊戦術機動,骑甲虫队战术机动,Beetrooper Formation
64230128,2,暗黒神殿ザララーム,暗黑神殿 扎拉拉姆,Zaralaam the Dark Palace
64238008,2,リニアキャノン,线性加农炮,Linear Accelerator Cannon
64245689,1,メリアスの木霊,墨利亚之木灵,Meliae of the Trees
64257161,1,百鬼羅刹 冷血ミアンダ,百鬼罗刹 冷血米安德,Goblin Biker Mean Merciless
64262809,1,ドラゴン・アイス,龙冰,Dragon Ice
64268668,1,サイバー・オーガ,电子食人魔,Cyber Ogre
64271667,1,メテオ・ドラゴン,流星之龙,Meteor Dragon
64274292,3,メテオ・レイン,流星雨,Meteorain
64276752,1,アーク・リベリオン・エクシーズ・ドラゴン,弧叛逆超量龙,Arc Rebellion Xyz Dragon
64280356,1,Ｋｏｚｍｏ－フェルブラン,星际仙踪-铁皮,Kozmo Tincan
64283880,3,ガードゴー！,我怒隆共防！,Guard Go!
64306248,1,髑髏顔 天道虫,骷髅颜瓢虫,Skull-Mark Ladybug
64319467,1,ダブルフィン・シャーク,双生鳍鲨,Double Fin Shark
64325438,3,王の支配,王战的支配,Generaider Boss Room
64327901,2,百鬼羅刹大集会,百鬼罗刹大集会,Goblin Biker Grand Bash
64332231,1,聖刻神龍－エネアード,圣刻神龙-九神龙,Hieratic Sun Dragon Overlord of Heliopolis
64335804,1,レッドアイズ・ブラックメタルドラゴン,真红眼黑钢龙,Red-Eyes Black Metal Dragon
64342551,1,水陸両用バグロス Ｍｋ－３,水陆两用战斗艇 Mk-3,Amphibious Bugroth MK-3
64373401,1,超重武者ホラガ－Ｅ,超重武者 法螺贝-E,Superheavy Samurai Trumpeter
64379261,1,ゴルゴニック・ガーゴイル,蛇头石像怪,Gorgonic Gargoyle
64379430,1,終焉の精霊,终焉之精灵,Doomsday Horror
64382839,1,ゼータ・レティキュラント,网罟座泽塔星人,Zeta Reticulant
64389297,2,迷宮変化,迷宫变化,Magical Labyrinth
64398890,1,六武衆－ヤイチ,六武众-矢一,The Six Samurai - Yaichi
64400161,2,飛竜艇－ファンドラ,飞龙艇-幻舵拉,"Fandora, the Flying Furtress"
64414267,1,煉獄の騎士 ヴァトライムス,炼狱之骑士 多禄某,Darktellarknight Batlamyus
64428736,1,ワイバーンの戦士,翼龙战士,Alligator's Sword
64437633,3,儀水鏡の幻影術,仪水镜的幻影术,Aquamirror Illusion
64442155,2,慈悲深き機械天使,大慈大悲的机械天使,Merciful Machine Angel
64450427,1,ＥＭウィム・ウィッチ,娱乐伙伴 妙想魔女,Performapal Whim Witch
64454614,1,アルカナ エクストラジョーカー,天位准骑士,Arcana Extra Joker
64463828,1,超合魔獣ラプテノス,超合魔兽 拉普提诺斯,Superalloy Beast Raptinus
64475743,1,森の聖獣 キティテール,森之圣兽 红毛苋小猫,"Kittytail, Mystical Beast of the Forest"
64487132,1,ガジェット・ゲーマー,工具游戏本,Gadget Gamer
64496451,1,クリフォート・ディスク,机壳磁盘 无感动,Qliphort Disk
64500000,1,Ｚ－メタル・キャタピラー,Z-金属履带,Z-Metal Tank
64501875,1,響女,响女,Hibikime
64511793,1,コピックス,复印者,Eyearmor
64514622,1,龍王の聖刻印,龙王之圣刻印,Hieratic Seal of the Dragon King
64514892,1,小法師ヒダルマー,小法师 水鱿火达磨,Fire Fighting Daruma Doll
64538655,1,一撃必殺侍,一击必杀侍,Sasuke Samurai #4
64538914,1,震天のマンティコア,震天之蝎尾狮,Manticore of Smashing
64550682,1,スクラップ・オルトロス,废铁双头犬,Scrap Orthros
64554883,1,Ｎｏ.２５ 重装光学撮影機フォーカス・フォース,No.25 重装光学摄影机 焦点之力,Number 25: Force Focus
64576557,2,古代遺跡の静粛,古代遗迹的肃静,Triamid Loading
64583600,1,ウィッシュ・ドラゴン,祈愿龙,Wish Dragon
64591429,1,アストラル・クリボー,星光栗子球,Astral Kuriboh
64599569,1,キメラテック・オーバー・ドラゴン,嵌合超载龙,Chimeratech Overdragon
64603182,1,古代の機械暗黒巨人,古代的机械暗黑巨人,Ancient Gear Dark Golem
64605089,1,護封剣の剣士,护封剑之剑士,Swordsman of Revealing Light
64612053,1,Ｒ－ＡＣＥファイア・アタッカー,救援ACE队 空中灭火机,Rescue-ACE Fire Attacker
64627453,1,おジャマ・ブルー,扰乱·蓝,Ojama Blue
64631466,1,サクリファイス,纳祭之魔,Relinquished
64635042,1,デーモンの招来,恶魔招来,Archfiend's Call
64655485,1,Ｅ・ＨＥＲＯ ブレイヴ・ネオス,元素英雄 豪勇新宇侠,Elemental HERO Brave Neos
64659851,2,宇宙の法則,宇宙的法则,Law of the Cosmos
64662453,2,アイアンコール,钢铁呼唤,Iron Call
64664373,2,共界神淵体,共界神渊体,Metaltronus
64681263,3,局地的大ハリケーン,局地性大飓风,Localized Tornado
64681432,1,破壊竜ガンドラ,破坏龙 甘多拉,Gandora the Dragon of Destruction
64689404,1,ソードブレイカー,刀剑破坏者,Sword Breaker
64697231,3,ダスト・シュート,滑槽,Trap Dustshoot
64697431,2,局所的ハリケーン,局部性飓风,"Hey, Trunade!"
64726269,1,光天使スケール,光天使 天秤,Star Seraph Scale
64730881,1,クロノダイバー・アジャスター,时间潜行者·腕表调校员,Time Thief Adjuster
64734090,1,ジェムタートル,宝石龟,Gem-Turtle
64734921,1,創造の代行者 ヴィーナス,创造之代行者 维纳斯,The Agent of Creation - Venus
64749612,1,黄色い忍者,黄衣忍者,Yellow Ninja
64751286,1,月の女戦士,月之女战士,Penumbral Soldier Lady
64752646,1,ビッグバンガール,爆炎少女,Fire Princess
64753157,1,「ＲＥＳＯＲＴ」 ＳＴＡＦＦ－チャーミング,「胜地咖啡」店员-迷人女孩,Charming Resort Staff
64753988,2,サイバーダーク・ワールド,电子暗黑世界,Cyberdark Realm
64756282,1,ウィッチクラフト・ジェニー,魔女术熟练工,Witchcrafter Genni
64765016,3,バージェストマ・マーレラ,伯吉斯异兽·马尔三叶形虫,Paleozoic Marrella
64767757,3,原質の臨界超過,原质临界超过,Materiactor Critical
64788463,1,キングス・ナイト,国王骑士,King's Knight
64797746,3,極星宝スヴァリン,极星宝 斯瓦林,Nordic Relic Svalinn
64801562,2,明鏡止水の心,明镜止水之心,Heart of Clear Water
64804137,1,トリックスターバンド・ドラマチス,淘气仙星乐队·德拉玛蒂丝,Trickstar Band Drumatis
64804316,1,ゴーストリック・セイレーン,鬼计海妖,Ghostrick Siren
64806765,1,破魔のカラス天狗,破魔之乌鸦天狗,Crow Tengu
64815084,3,進化の分岐点,进化的分歧点,Evo-Branch
64867422,2,『焔聖剣－オートクレール』,『焰圣剑-奥特克莱尔』,"""Infernoble Arms - Hauteclere"""
64880894,1,スターダスト・チャージ・ウォリアー,星尘充能战士,Stardust Charge Warrior
64881644,1,幻奏の歌姫ルフラン,幻奏的歌姬 勒弗兰,Refrain the Melodious Songstress
64892035,1,遅すぎたオーク,过迟的兽人,Tardy Orc
64898834,1,ＴＧ カタパルト・ドラゴン,科技属 弹射龙,T.G. Catapult Dragon
64910482,1,ＴＧ サイバー・マジシャン,科技属 电子化魔术师,T.G. Cyber Magician
64911387,1,マテリアクトル・ゼプトウィング,原质炉仄普托翼鸟,Materiactor Zeptwing
64926005,1,氷結界の武士,冰结界的武士,Samurai of the Ice Barrier
64927055,2,天空の歌声,天空的歌声,The Chorus in the Sky
64952266,2,アゲインスト・ウィンド,逆风,Against the Wind
64961254,2,女神ヴェルダンディの導き,女神薇儿丹蒂的引导,Goddess Verdande's Guidance
64964750,2,発禁令,禁发令,Sales Ban
64966519,1,激撮ディスパラッチ,激摄特派狗仔队,Dispatchparazzi
64973287,1,ダイナミスト・プテラン,雾动机龙·无齿翼龙,Dinomist Pteran
64973456,2,ヴァイパー・リボーン,毒蛇苏生,Viper's Rebirth
64977888,1,見習い魔笛使い,见习魔笛使,Apprentice Piper
64990807,2,氷結界の三方陣,冰结界的三方阵,Magic Triangle of the Ice Barrier
64998567,3,カース・オブ・ディアベル,恶魔迪亚贝尔的诅咒,Curse of Diabell
65017789,1,雪天気シエル,雪天气 天蓝,The Weather Painter Snow
65025250,1,妖仙獣 左鎌神柱,妖仙兽 左镰神柱,Yosenju Shinchu L
65026212,1,コアキメイル・マキシマム,核成巨龙,Koa'ki Meiru Maximus
65029288,1,ＥＭオッドアイズ・メタル・クロウ,娱乐伙伴 异色眼钢爪狼,Performapal Odd-Eyes Metal Claw
65033975,1,アザミナの妖魔,蓟花之妖魔,Queen Azamina
65037172,1,サイバース・セイジ,电子界贤者,Cyberse Sage
65046521,3,憑依連携,凭依连携,Possessed Partnerships
65056481,1,星因士 シャム,星因士 左旗一,Satellarknight Alsahm
65064143,1,対空放花,对空放花,Anti-Aircraft Flower
65079854,2,憎悪の棘,憎恶之棘,Thorn of Malice
65100616,1,リンク・インフライヤー,连接设施飞行员,Link Infra-Flier
65107325,3,赤酢の踏切,赤醋的道口,Sour Scheduling - Red Vinegar Vamoose
65114115,2,七星天流抜刀術－「破軍」,七星天流拔刀术-「破军」,Seven Stars Slash - Army Annihilator Hagun
65124425,2,虚ろなる龍輪,虚空之龙轮,Vessel for the Dragon Cycle
65149697,1,レアル・ジェネクス・クラッシャー,真次世代破碎机,R-Genex Crusher
65150219,3,機甲忍法フリーズ・ロック,机甲忍法 冻结封锁,Armor Ninjitsu Art of Freezing
65155517,1,ＳＲクラッカーネル,疾行机人 碰碰球上校,Speedroid Colonel Clackers
65156847,1,ネオフレムベル・ガルーダ,新炎狱金翅鸟,Neo Flamvell Garuda
65169794,2,黒いペンダント,黑项链,Black Pendant
65170459,1,マスター・ボーイ,孩星老爷,Mistar Boy
65172015,1,ＡｔｏＺ－ドラゴン・バスターキャノン,AtoZ-神龙歼灭炮,A-to-Z-Dragon Buster Cannon
65187687,1,巨骸竜フェルグラント,巨骸龙 闪耀,Skeletal Dragon Felgrand
65192027,1,ダーク・アームド・ドラゴン,暗黑武装龙,Dark Armed Dragon
65193366,1,精霊獣使い ウィンダ,精灵兽使 薇茵妲,Spiritual Beast Tamer Winda
65195959,1,ＥＭプラスタートル,娱乐伙伴 加号龟,Performapal Stamp Turtle
65196094,2,バラエティ・アウト,多彩释放,Variety Comes Out
65236257,2,創星の因子,创星的因子,Tellarknight Genesis
65240384,1,ビッグ・シールド・ガードナー,巨盾守卫者,Big Shield Gardna
65247798,1,妖仙獣 鎌壱太刀,妖仙兽 镰壹太刀,Yosenju Kama 1
65260293,1,エレメント・マジシャン,元素魔术师,Element Magician
65261141,2,ナイトメア・ペイン,噩梦之苦痛,Nightmare Pain
65268179,1,憑依覚醒－デーモン・リーパー,凭依觉醒-恶魔勾魂兽,Awakening of the Possessed - Nefariouser Archfiend
65277087,1,ガスタ・ガルド,薰风鹏,Gusto Gulldo
65282484,1,ダーク・ボルテニス,暗黑裁决者 伏尔泰尼斯,Dark Voltanis
65285459,1,聖天樹の大精霊,圣天树之大精灵,Sunavalon Dryanome
65287621,1,暗黒ドリケラトプス,暗黑三角怪鸟龙,Dark Driceratops
65289956,2,ライク・ザ・ディアベル,奋如恶魔迪亚贝尔,Like the Diabell
65301952,1,アルケミック・マジシャン,炼金魔术师,Alchemic Magician
65303664,1,森の狩人イエロー・バブーン,森之狩人 黄狒狒,"Yellow Baboon, Archer of the Forest"
65305468,1,ＦＮｏ.０ 未来皇ホープ,未来No.0 未来皇 霍普,Number F0: Utopic Future
65305469,1,ＦＮｏ.０ 未来皇ホープ,未来No.0 未来皇 霍普,Number F0: Utopic Future
65305978,2,炎王の聖域,炎王的圣域,Fire King Sanctuary
65314286,1,時械神サディオン,时械神 然迪恩,"Sadion, the Timelord"
65326118,1,天盃龍ファドラ,天杯龙 发龙,Tenpai Dragon Fadra
65330383,1,トロイメア・グリフォン,梦幻崩影·狮鹫,Knightmare Gryphon
65331686,1,ファーニマル・オウル,毛绒动物·猫头鹰,Fluffal Owl
65338781,1,熟練の赤魔術士,熟练的赤魔术士,Skilled Red Magician
65342096,2,魔法都市の実験施設,魔法都市的实验设施,Endymion's Lab
65351555,1,呪眼の眷属 バジリコック,咒眼之眷属 巴西利科克,"Basiltrice, Familiar of the Evil Eye"
65357623,2,アンデット・ストラグル,不死斗争,Zombie Power Struggle
65367484,1,フォトン・スラッシャー,光子斩击者,Photon Thrasher
65384019,3,アルケミー・サイクル,炼金周期,Alchemy Cycle
65384188,2,実力伯仲,实力伯仲,Stand-Off
65393205,1,チャクラ,查克拉,Chakra
65396880,3,大革命,大革命,Huge Revolution
65398390,1,焔聖騎士将－オリヴィエ,焰圣骑士将-奥利佛,Infernoble Knight Captain Oliver
65403020,1,エンド・オブ・アヌビス,终结之阿努比斯,The End of Anubis
65422840,1,酒呑童子,酒吞童子,Shutendoji
65430555,1,騎甲虫スティンギー・ランス,骑甲虫 刺螫长枪兵,Beetrooper Sting Lancer
65430834,3,ジュラシック・インパクト,侏罗纪冲击,Jurassic Impact
65433790,2,Ｂａｔｔｌｅ Ｒｏｙａｌ Ｍｏｄｅ－Ｊｏｉｎｉｎｇ,大混战模式-加入,Battle Royal Mode - Joining
65446452,2,水舞台装置,水舞台装置,Aquarium Set
65450690,2,限定解除,限定解除,Ritual Foregone
65458948,1,トゥーン・マーメイド,卡通人鱼,Toon Mermaid
65471349,1,魔鏡導士サイコ・バウンダー,魔镜导士 念界反弹者,Psychic Bounder
65472618,1,魔装戦士 ドラゴディウス,魔装战士 龙天,"Dragodies, the Empowered Warrior"
65475294,1,味方殺しの女騎士,杀戮同伴的女骑士,The Unfriendly Amazon
65477143,1,魔界劇団－リバティ・ドラマチスト,魔界剧团-自由剧作家,Abyss Actor - Liberty Dramatist
65479980,1,Ｓ－Ｆｏｒｃｅ ドッグ・タッグ,治安战警队 组队双犬,S-Force Dog Tag
65496056,1,コダロス,科达路斯,Codarus
65496951,2,ヴァルモニカ・ディサルモニア,异响鸣的不调和,Vaalmonica Disarmonia
65500515,1,隅烏賊,隅乌贼,Squirt Squid
65503206,1,スクラップ・ソルジャー,废铁士兵,Scrap Soldier
65504487,1,トイ・ソルジャー,玩具士兵,Toy Soldier
65515667,1,モーター・カイザル,马达帝王,Motor Kaiser
65518099,1,クリフォート・ツール,机壳工具 丑恶,Qliphort Scout
65536818,1,源竜星－ボウテンコウ,源龙星-望天吼,"Denglong, First of the Yang Zing"
65549080,1,ミスト・コンドル,霞雾秃鹰,Mist Condor
65563871,1,聖蔓の癒し手,圣蔓之治愈者,Sunvine Healer
65569724,2,アイス・ドール・ミラー,冰偶镜,Ice Doll Mirror
65570596,1,弓を引くマーメイド,拉弓的人鱼,Red Archery Girl
65589010,2,教導国家ドラグマ,教导国家 教导龙国,Dogmatika Nation
65591858,1,先史遺産ウィングス・スフィンクス,先史遗产 飞翼斯芬克斯像,Chronomaly Winged Sphinx
65612386,1,魔帝アングマール,魔帝 安格玛,Angmarl the Fiendish Monarch
65612454,2,エレキューブ,电气立方体,Wattcube
65622692,1,Ｙ－ドラゴン・ヘッド,Y-龙头,Y-Dragon Head
65623423,1,キラー・ブロッブ,杀人污泥,Gruesome Goo
65626958,1,極星獣グリンブルスティ,极星兽 古林布尔斯提,Nordic Beast Gullinbursti
65646587,2,ペンデュラム・フュージョン,灵摆融合,Pendulum Fusion
65659181,2,ヴァイロン・ポリトープ,大日多胞体,Vylon Polytope
65664792,3,華麗なるハーピィ・レディ,华丽的鹰身女郎,Harpie Lady Elegance
65676461,1,Ｎｏ.３２ 海咬龍シャーク・ドレイク,No.32 海咬龙 鲨龙兽,Number 32: Shark Drake
65681983,2,抹殺の指名者,抹杀之指名者,Crossout Designator
65685470,1,六武衆の御霊代,六武众的御灵代,Spirit of the Six Samurai
65687442,2,Ｗａｌｋｕｒｅｎ Ｒｉｔｔ,女武神的骑行,Ride of the Valkyries
65703851,3,透破抜き,透破拔,Debunk
65711558,1,戦華盟将－双龍,战华盟将-双龙,Ancient Warriors Oath - Double Dragon Lords
65726770,1,サイレント・マジシャン・ゼロ,沉默魔术师·零,Silent Magician Zero
65734501,1,Ｒ－ＡＣＥエアホイスター,救援ACE队 空中起吊员,Rescue-ACE Air Lifter
65737274,1,ドラゴラド,龙龙,Dragard
65741786,1,Ｉ：Ｐマスカレーナ,I：P伪装舞会莱娜,I:P Masquerena
65743242,3,地縛霊の誘い,地缚灵的引诱,Call of the Earthbound
65749035,1,氷結界の龍 グングニール,冰结界之龙 天枪龙,"Gungnir, Dragon of the Ice Barrier"
65758454,1,ガンバランサー,加把劲枪兵,Ganbara Lancer
65801012,2,サイバネット・フュージョン,电脑网融合,Cynet Fusion
65810489,3,黄金の邪神像,黄金邪神像,Statue of the Wicked
65815684,1,ヴィシャス＝アストラウド,维舍斯-阿修特罗德,Vicious Astraloud
65824822,3,闇の取引,暗之取引,Dark Deal
65830223,3,棺桶売り,卖棺者,Coffin Seller
65844845,1,甲虫装機 ギガグリオル,甲虫装机 吉咖蝼蛄,Inzektor Giga-Cricket
65848811,1,Ｈ・Ｃ 強襲のハルベルト,英豪挑战者 强袭之戟兵,Heroic Challenger - Assault Halberd
65853758,3,ヤミー★リデンプション,味美喵★兑换,Yummy★Redemption
65872270,3,イグナイト・バースト,点火骑士炸裂,Igknight Burst
65877963,1,魔神儀－カリスライム,魔神仪-史莱姆圣杯,Impcantation Chalislime
65878864,1,使徒喰い虫,食使徒虫,Nobleman-Eater Bug
65884091,1,ヴェルズ・タナトス,入魔死神 塔那托斯,Evilswarm Thanatos
65889305,3,ＡＲＧ☆Ｓ－紫電のテュデル,阿尔戈☆群星-紫电的堤丢尔,Argostars - Lightning Tydeu
65892310,1,氷魔龍 ブリューナク,冰魔龙 光枪龙,"Brionac, the Magical Ice Dragon"
65892585,1,ＧＰ－チャリオット・キャリー号,黄金荣耀-卡丽战车号,Gold Pride - Chariot Carrie
65898344,3,ゴーティス・フューリー,魊影狂怒,Ghoti Fury
65899613,1,Ｂ・Ｆ－必中のピン,蜂军-必中之大头针蜂,Battlewasp - Pin the Bullseye
65910922,1,ゴーティスの大蛇アリオンポス,魊影的大蛇 阿里翁波斯,"Arionpos, Serpent of the Ghoti"
65914127,2,ペンデュラム・ペンダント,灵摆吊坠,Pendulum Pendant
65938950,2,綱引犬会,纲引犬会,"Don't Slip, the Dogs of War"
65952776,2,光の聖剣ダンネル,光之圣剑 丹内尔,"Dunnell, the Noble Arms of Light"
65953423,1,妖精伝姫－ラチカ,妖精传姬-罗奇卡,Fairy Tail - Rochka
65956182,2,暗黒界の登極,暗黑界的登极,Dark World Accession
65957473,1,鉄鋼装甲虫,铁钢装甲虫,Metal Armored Bug
65959844,2,化合電界,化合电界,Catalyst Field
65961085,1,魔導獣士 ルード,魔导兽士 鲁德,Wheel of Prophecy
65961683,1,ジュラック・ヴェルヒプト,朱罗纪伶盗龙,Jurrac Velphito
65976795,1,サブテラーマリス・アクエドリア,地中族邪界兽·亚得导水妖,Subterror Behemoth Stygokraken
65984457,1,剣闘獣トラケス,剑斗兽 轻斗,Gladiator Beast Torax
65993085,2,やりすぎた埋葬,过火的埋葬,Overdone Burial
66002986,3,ＳＲ／ＣＷＷ,疾行机人/幻透翼奇手,Speedroid Clear Wing Wonder
66011101,1,Ｎｏ.６０ 刻不知のデュガレス,No.60 刻不知之杜加雷斯,Number 60: Dugares the Timeless
66015185,1,ツイン・トライアングル・ドラゴン,双三角龙,Twin Triangle Dragon
66022706,1,翠嵐の機界騎士,翠岚之机界骑士,Mekk-Knight Green Horizon
66023650,1,空牙団の大義 フォルゴ,空牙团的大义 福尔戈,"Folgo, Justice Fur Hire"
66059345,2,原質の炉心貫通,原质炉心贯通,Materiactor Meltthrough
66066482,1,甲虫装機 リュシオル,甲虫装机 萤火虫,Inzektor Firefly
66069967,1,占術姫ビブリオムーサ,占术姬 书本缪斯,Prediction Princess Bibliomuse
66073051,1,ゼラの戦士,杰拉的战士,Warrior of Zera
66078354,1,遺跡の魔鉱戦士,遗迹的魔矿战士,Magicore Warrior of the Relics
66084673,1,空炎星－サイチョウ,空炎星-犀超,Brotherhood of the Fire Fist - Rhino
66094973,1,トランスフォーム・スフィア,变化气圈鸟,Transforming Sphere
66100045,3,転生断絶,转生断绝,Transmigration Break
66102515,1,クリクリンク＠イグニスター,连接栗栗@火灵天星,Kurikurinku @Ignister
66104644,1,マギステル・オブ・エンディミオン,恩底弥翁的统领,Magister of Endymion
66127916,3,融合準備,融合准备,Fusion Reserve
66141736,1,レッド・ライジング・ドラゴン,红莲升龙,Red Rising Dragon
66149377,3,魔弾－ダンシング・ニードル,魔弹-舞动之针,Magical Musket - Dancing Needle
66150724,1,ペンデュラムーン,灵摆月之魔法师,PenduLuMoon
66156348,2,竜皇神話,龙皇神话,Saga of the Dragon Emperor
66165755,1,Ａ・ジェネクス・アクセル,盟军·次世代加速人,Genex Ally Axel
66171432,2,超こいこい,超来来,Super Koi Koi
66192538,1,ダンマリ＠イグニスター,默默妖@火灵天星,Danmari @Ignister
66194206,3,ライトロードの裁き,光道的裁决,Lightsworn Judgment
66200210,1,幻獣機ハムストラット,幻兽机 同温层仓鼠,Mecha Phantom Beast Hamstrat
66214679,1,ダーク・ホルス・ドラゴン,暗黑荷鲁斯龙,Dark Horus
66226132,1,トラックブラック,引用通告黑鸟,Trackblack
66235877,1,デス・デーモン・ドラゴン,死亡恶魔龙,Fiend Skull Dragon
66236707,2,械刀婪魔皇断,械刀婪魔皇断,Gordian Slicer
66262416,1,Ｄ－ＨＥＲＯ ドリームガイ,命运英雄 梦乡人,Destiny HERO - Dreamer
66288028,1,マッシブ・ウォリアー,重型战士,Fortress Warrior
66290900,2,団結する剣闘獣,团结的剑斗兽,Gladiator Beast United
66309175,1,捕食植物アンブロメリドゥス,捕食植物 凤梨食虫谷精游走鲸,Predaplant Ambulomelides
66322203,2,Ｆ.Ａ.ダウンフォース,方程式运动员下压力,F.A. Downforce
66328392,2,罪宝の欺き,罪宝的欺骗,Deception of the Sinful Spoils
66331855,1,Ｄ・チャッカン,变形斗士·打火机,Morphtronic Datatron
66337215,1,創世の預言者,创世之预言者,Herald of Creation
66362965,1,魔導ギガサイバー,魔导电子巨人,The Fiend Megacyber
66367984,3,エレメントの加護,元素的加护,Protection of the Elements
66378485,1,ネオフレムベル・オリジン,新炎狱火源,Neo Flamvell Origin
66380357,2,機塊テスト,机块测试,Appliancer Test
66384688,1,マジェスペクター・オルト,威风妖怪·鵺,Majespecter Orthrus - Nue
66386380,1,ハーピィ・オラクル,鹰身先知,Harpie Oracle
66393507,1,エクスクローラー・ニューロゴス,超机怪虫·圣言神经元虫,X-Krawler Neurogos
66395299,3,ドッペル・ゲイナー,二重身回击,Doppelganger
66399653,2,ユニオン格納庫,同盟格纳库,Union Hangar
66399675,1,リチュア・チェイン,遗式锁链龙,Gishki Chain
66401502,1,ＶＳ パンテラ,征服斗魂 潘特拉,Vanquish Soul Pantera
66403530,1,トポロジック・ゼロヴォロス,拓扑逻辑零衔尾蛇,Topologic Zeroboros
66407907,1,聖種の天双芽,圣种之天双芽,Sunseed Twin
66413481,1,炎王獣 ヤクシャ,炎王兽 夜叉,Fire King Avatar Yaksha
66425726,1,オッドアイズ・ペンデュラムグラフ・ドラゴン,异色眼灵摆读龙,Odd-Eyes Pendulumgraph Dragon
66429798,1,吟幽獅神ペサンタ,吟幽狮神 佩桑塔,Pesanta the Troubadour Deity
66431519,1,聖炎王 ガルドニクス,圣炎王 大鹏不死鸟,Sacred Fire King Garunix
66436257,1,ヴォルカニック・カウンター,火山反击兽,Volcanic Counter
66451379,1,グレイドル・アリゲーター,灰篮短吻鳄,Graydle Alligator
66457138,1,ファーニマル・ライオ,毛绒动物·狮子,Fluffal Leo
66457407,1,コピー・プラント,复制植物,Copy Plant
66499018,1,焔虎,焰虎,Flame Tiger
66500065,1,地竜星－ヘイカン,地龙星-狴犴,"Bi'an, Earth of the Yang Zing"
66506689,1,ブリキの大公,铁皮大公,Tin Archduke
66516792,1,エビルナイト・ドラゴン,邪恶骑士龙,Serpent Night Dragon
66518509,2,冥骸融合－メメント・フュージョン,冥骸融合-莫忘融合,Mementotlan Fusion
66518841,3,プライドの咆哮,自尊的咆哮,Prideful Roar
66523544,1,超次元ロボ ギャラクシー・デストロイヤー,超次元机器人 银河破坏王,Superdimensional Robot Galaxy Destroyer
66526672,3,悪夢の迷宮,噩梦之迷宫,Labyrinth of Nightmare
66532962,1,精霊コロゾ,精灵 克罗佐,Magistus Chorozo
66540884,1,トリック・デーモン,诡计恶魔,Archfiend Heiress
66547759,1,Ｎｏ.２３ 冥界の霊騎士ランスロット,No.23 冥界的灵骑士 兰斯洛特,"Number 23: Lancelot, Dark Knight of the Underworld"
66569334,1,悪醒師ナイトメルト,恶醒师 奈特梅尔特,Nightmell the Dark Bonder
66570171,1,屍界のバンシー,尸界的班西,Necroworld Banshee
66574418,1,伝説の黒石,传说的黑石,The Black Stone of Legend
66594927,2,機皇統制,机皇统制,Meklord Deflection
66602787,1,闇・道化師のサギー,暗道化师 扎奇,Saggi the Dark Clown
66604523,3,エクシーズ・リバーサル,超量逆转,Xyz Reversal
66607691,2,フォトン・ジェネレーター・ユニット,光子发生装置,Photon Generator Unit
66625883,1,カラクリ参謀 弐四八,机巧参谋 二四八,"Karakuri Strategist mdl 248 ""Nishipachi"""
66646087,1,超量妖精ゼータン,超级量子妖精 泽坦,Super Quantal Fairy Zetan
66661678,1,氷結界のロイヤル・ナイト,冰结界的王家骑士,Royal Knight of the Ice Barrier
66668900,1,アクアアクトレス・グッピー,水伶女·孔雀鱼,Aquaactress Guppy
66672569,1,ドラゴン・ゾンビ,龙僵尸,Dragon Zombie
66675911,1,星なる影 ゲニウス,神星之影 路径灵,Nehshaddoll Genius
66690411,1,マインド・オン・エア,本性暴露,Mind on Air
66698383,1,灼銀の機竜,灼银之机龙,Vermillion Dragon Mech
66699781,1,カオス・ミラージュ・ドラゴン,混沌幻影之龙,Chaos Mirage Dragon
66707058,1,ゴブリン暗殺部隊,哥布林暗杀部队,Goblin Black Ops
66712593,1,エレメント・ソルジャー,元素战士,Element Soldier
66712905,2,解呪の神碑,解咒的神碑,Runick Dispelling
66719324,2,恵みの雨,恩惠之雨,Rain of Mercy
66719533,2,アシンメタファイズ,非对称玄化,Asymmetaphys
66722103,1,封狼雷坊,封狼雷坊,Thunderclap Monk
66727115,3,武神逐,武神逐,Bujinfidel
66729231,1,イビリチュア・ジールギガス,邪遗式魂魄巨灵,Gishki Zielgigas
66730191,2,燦幻開門,灿幻开门,Sangen Kaimen
66733743,1,ＴＧ メタル・スケルトン,科技属 透明金属骨架,T.G. Metal Skeleton
66736715,1,彗聖の将－ワンモア・ザ・ナイト,彗圣之将-翌夜之莫桑石骑士,"Moissa Knight, the Comet General"
66740005,1,空牙団の闘士 ブラーヴォ,空牙团的斗士 布拉沃,"Bravo, Fighter Fur Hire"
66742250,3,アヌビスの呪い,阿努比斯的诅咒,Curse of Anubis
66749546,1,氷水艇キングフィッシャー,冰水艇 翡翠灵翠鸟,Icejade Creation Kingfisher
66750703,2,炎傑の梁山閣,炎杰的梁山阁,Fire Fortress atop Liang Peak
66752837,1,霊廟の守護者,灵庙守护者,Keeper of the Shrine
66762372,1,孤炎星－ロシシン,孤炎星-鲁猪深,Brotherhood of the Fire Fist - Boar
66765023,1,飛行エレファント,飞行象,Flying Elephant
66768175,1,ＥＭバラード,娱乐伙伴 歌谣蔷薇,Performapal Ballad
66788016,2,地割れ,地割,Fissure
66789970,1,聖刻龍－セテクドラゴン,圣刻龙-塞特龙,Hieratic Dragon of Sutekh
66809920,1,ワルキューレ・アルテスト,女武神长女,Valkyrie Erste
66815913,1,霊魂鳥－巫鶴,灵魂鸟-巫鹤,Shinobird Crane
66816282,1,コアキメイル・ウォール,核成墙人,Koa'ki Meiru Wall
66818682,1,月影龍クイラ,月影龙 基利亚,Moon Dragon Quilla
66835946,2,奇跡のピラミッド,奇迹之金字塔,Pyramid of Wonders
66836598,1,ウンディーネ,温蒂妮,Waterdragon Fairy
66848311,3,終わりなき灰滅,无终止的灰灭,Ashened for Eternity
66853752,1,フィッシュボーグ－ランチャー,电子鱼人-火箭炮手,Fishborg Launcher
66863374,1,スレイブパンサー,奴隶豹,Test Panther
66865880,2,マシュマロンのメガネ,棉花糖的眼镜,Marshmallon Glasses
66870733,1,氷の魔妖－雪女,冰之魔妖-雪女,"Yuki-Onna, the Ice Mayakashi"
66889139,1,竜騎士ガイア,龙骑士 盖亚,Gaia the Dragon Champion
66926224,2,弱肉一色,弱肉一色,The Law of the Normal
66927994,1,鬼タンクＴ－３４,鬼坦克T-34,Oni Tank T-34
66938505,1,水晶機巧－リオン,水晶机巧-胶子黑晶,Crystron Rion
66947414,2,ボスラッシュ,头目连战,Boss Rush
66947913,2,ライジング・オブ・ファイア,炽焰飞腾,Rising Fire
66957584,2,インフェルニティガン,永火炮,Infernity Launcher
66961194,1,ロード・オブ・ドラゴン－ドラゴンの独裁者－,龙之支配者-龙之独裁者-,Dictator of D.
66970002,1,ＣＮｏ.３９ 希望皇ホープレイＶ,混沌No.39 希望皇 霍普雷V,Number C39: Utopia Ray V
66970385,2,聖騎士伝説の終幕,圣骑士传说的终幕,Last Chapter of the Noble Knights
66973070,1,デスサイズ・キラー,死镰杀手,Dreadscythe Harvester
66975205,2,ヤミーズメント☆ミニヨン,味美喵娱乐☆迷你抓物跟班,Yummysment☆Minion
66976526,1,カラクリ大将軍 無零怒,机巧大将军 无零怒,"Karakuri Steel Shogun mdl 00X ""Bureido"""
66984907,3,Ａ・∀・ＣＣ,惊奇游乐设施·∀·旋风过山车,Amaze Attraction Cyclo-Coaster
66989694,1,死霊伯爵,死灵伯爵,The Earl of Demise
66994718,3,ラプターズ・ガスト,猛禽突风,Raptor's Gust
67007102,3,黄金郷のガーディアン,黄金乡的守护者,Guardian of the Golden Land
67030233,1,セイヴァー・デモン・ドラゴン,救世魔龙,Majestic Red Dragon
67037924,3,巨神封じの矢,巨神封印之矢,Titanocider
67038874,1,スクラップ・マインドリーダー,废铁读心者,Scrap Mind Reader
67045174,3,二重の落とし穴,二重落穴,Gemini Trap Hole
67045745,1,Ｆ.Ａ.ソニックマイスター,方程式运动员 音速赛道名手,F.A. Sonic Meister
67048711,2,７,7,7
67049542,1,ダークバット,暗黑蝙蝠,Dark Bat
67050396,1,Ｋｏｚｍｏ－グリンドル,星际仙踪-格琳德尔,Kozmo Goodwitch
67073561,1,ミス・ケープ・バーバ,斗篷理发魔女姑娘,Baba Barber
67095270,3,ディメンション・ウォール,次元壁,Dimension Wall
67098114,1,極神皇ロキ,极神皇 洛基,"Loki, Lord of the Aesir"
67098897,1,クッキィ★ヤミーウェイ,曲奇饼猫★味美喵奖品,Cooky★Yummy Way
67100549,3,烙印凶鳴,烙印凶鸣,Screams of the Branded
67105242,1,地縛霊,束缚于土地的亡灵,Earthbound Spirit
67111213,1,リチュア・アビス,遗式深渊鲛,Gishki Abyss
67113830,3,墓地墓地の恨み,墓地墓地的怨恨,Ghost of a Grudge
67120578,1,ガガガヘッド,我我我首领,Gagaga Head
67127799,1,ヴァレット・キャリバー,弹丸口径龙,Rokket Caliber
67136033,1,熱血獣王ベアーマン,热血兽王 熊人,Coach Captain Bearman
67159705,1,アーマード・サイバーン,装甲电子翼,Armored Cybern
67169062,2,貪欲な壺,贪欲之壶,Pot of Avarice
67171933,2,再世神,再世神,Regenesis Code
67173574,1,ＣＮｏ.１０２ 光堕天使ノーブル・デーモン,混沌No.102 光堕天使 贵魔,Number C102: Archfiend Seraph
67196946,2,スター・ブラスト,星级爆破,Star Blast
67211766,1,マジオシャレオン,真文色龙,Majioshaleon
67218327,1,ＳＩＭＭタブラス,SIMM标签貘,SIMM Tablir
67223587,3,ハンディキャップマッチ！,障碍赛！,Double Tag Team
67225377,1,転生炎獣ミーア,转生炎兽 狐獴,Salamangreat Meer
67227834,2,魔術の呪文書,魔术咒文书,Magic Formula
67231737,1,リンク・バンパー,连接缓冲人,Link Bumper
67232306,3,聖なる鎧 －ミラーメール－,神圣之铠 -反射镜甲-,Mirror Mail
67234805,3,能力吸収石,能力吸收石,Powersink Stone
67237709,2,Ｋｏｚｍｏ－エメラルドポリス,星际仙踪-翠玉都,Kozmotown
67248304,1,リバースポッド,反转壶,Reverse Jar
67249508,3,竜星の凶暴化,龙星的凶暴化,Yang Zing Brutality
67267333,1,ヴェンデット・ヘルハウンド,复仇死者·地狱犬,Vendread Houndhorde
67270095,1,ターボ・シンクロン,涡轮同调士,Turbo Synchron
67273917,1,イグナイト・デリンジャー,点火骑士·德林加,Igknight Cavalier
67282505,1,蟲の忍者－蜜,虫之忍者-蜜,Mitsu the Insect Ninja
67284107,1,スケープ・ゴースト,替罪鬼羊,Scapeghost
67284908,1,迷宮壁－ラビリンス・ウォール－,迷宫壁,Labyrinth Wall
67287533,2,死のメッセージ「Ａ」,死之信息「A」,"Spirit Message ""N"""
67288539,1,ヴァレルコード・ドラゴン,代码枪管龙,Borrelcode Dragon
67300516,1,真紅眼の飛竜,真红眼飞龙,Red-Eyes Wyvern
67310848,1,矮星竜 プラネター,矮星龙 恒行星龙,Dwarf Star Dragon Planeter
67314110,1,驚楽園の案内人 ＜Ｃｏｍｉｃａ＞,惊乐园的案内人 ＜C丑角＞,Amazement Attendant Comica
67316075,1,堕天使ナース－レフィキュル,堕天使护士-蕾菲库儿,Darklord Nurse Reficule
67328336,2,機皇城,机皇城,Meklord Fortress
67331360,2,人形の家,人偶之家,Doll House
67359907,1,超征竜－ディザスター,超征龙-灾龙,"Disaster, Dragon Ruler of All Apocalypses"
67371383,1,半魚獣・フィッシャービースト,半鱼兽,Amphibian Beast
67378104,2,星呼びの天儀台,呼星天仪台,Celestial Observatory
67378935,2,オーバーレイ・ネットワーク,叠光网络,Overlay Network
67381587,3,黒猫の睨み,黑猫瞪眼,Black Cat-astrophe
67385964,1,剣闘獣ノクシウス,剑斗兽 罪斗,Gladiator Beast Noxious
67436768,1,スプリガンズ・ブラザーズ,护宝炮妖兄弟,Springans Brothers
67441435,1,グローアップ・バルブ,成长的鳞茎,Glow-Up Bulb
67441879,2,Ｂ・Ｆ・Ｗ,蜂军风,Battlewasp Wind
67443336,3,裁きの天秤,裁决的天秤,Balance of Judgment
67445676,1,マツボックル,松果小矮人,Pinecono
67457739,2,罪宝合戦,罪宝合战,Sinful Spoils Struggle
67464807,3,運命のドラ,命运之宝牌,Dora of Fate
67466547,1,空牙団の舵手 ヘルマー,空牙团的舵手 赫耳玛,"Helmer, Helmsman Fur Hire"
67468948,1,救済のレイヤード,救济之莱亚德,Layard the Liberator
67483216,1,ジェネクス・サーチャー,次世代搜索员,Genex Searcher
67489919,1,幻獣機ブルーインパラス,幻兽机 蓝冲高角羚,Mecha Phantom Beast Blue Impala
67494157,1,地を這うドラゴン,伏地龙,Crawling Dragon
67503139,1,占術姫クリスタルウンディーネ,占术姬 水晶球水精,Prediction Princess Crystaldine
67508932,1,時械神祖ヴルガータ,时械神祖 武加大,Timelord Progenitor Vorpgate
67511500,1,ドラゴン・ウィッチ－ドラゴンの守護者－,龙魔女-龙之守护者-,Lady of D.
67517351,2,ＨＲＵＭ－ユートピア・フォース,超升阶魔法-乌托邦之力,Hyper Rank-Up-Magic Utopiforce
67523044,2,グラウンド・ゼノ,地面异临点,Ground Xeno
67526112,2,ラピッド・トリガー,速射扳机,Rapid Trigger
67532912,1,科学特殊兵,科学特殊兵,Science Soldier
67547370,1,眠れる巨人ズシン,睡巨人 咕咚,Zushin the Sleeping Giant
67556500,1,波動竜フォノン・ドラゴン,波动龙 声子龙,Phonon Pulse Dragon
67557908,1,Ｎｏ.４ 猛毒刺胞ステルス・クラーゲン,No.4 猛毒刺胞 隐形水母怪,Number 4: Stealth Kragen
67559101,1,先史遺産マッドゴーレム・シャコウキ,先史遗产 泥土人偶·遮光器,Chronomaly Mud Golem
67584223,1,源帝従騎テセラ,源帝从骑 特塞拉,Tessera the Prime Squire
67586735,1,剛鬼ツープラトン,刚鬼 双人夹击猪,Gouki Tagpartner
67598234,1,電影の騎士ガイアセイバー,电影之骑士 盖亚剑士,"Gaia Saber, the Lightning Shadow"
67616300,2,チキンレース,试胆竞速,Chicken Game
67629977,1,スーパースター,超级流星,Hoshiningen
67630339,3,コンフュージョン・チャフ,混乱箔片,Confusion Chaff
67630394,1,ＦＡ－ダーク・ナイト・ランサー,重铠装-暗黑骑士枪兵,Full Armored Dark Knight Lancer
67646312,1,サーチライトメン,探照灯人,Searchlightman
67647362,1,海造賊－キャプテン黒髭,海造贼-黑胡子船长,"Blackbeard, the Plunder Patroll Captain"
67660909,1,灰滅せし都の巫女,灰灭都的巫女,Priestess of the Ashened City
67675300,1,スノーダスト・ドラゴン,雪尘龙,Snowdust Dragon
67680512,1,破械神ラギア,破械神 罗寂刹,Unchained Soul of Rage
67688478,1,ヂェミナイ・デビル,双生恶魔,Gemini Imps
67692580,1,クロクロークロウ,乌爪鸦,Caligo Claw Crow
67696066,1,Ｅｍトリック・クラウン,娱乐法师 戏法小丑,Performage Trick Clown
67712104,1,海晶乙女クリスタルハート,海晶少女 水晶心,Marincess Crystal Heart
67723438,2,緊急テレポート,紧急瞬间移动,Emergency Teleport
67724379,1,デビル・ドラゴン,恶魔龙,Koumori Dragon
67724434,2,ダブル・ワイルド,双头百搭,Double Wild
67725394,1,らくがきじゅう－てらの,涂鸦兽-暴龙,Doodle Beast - Tyranno
67744384,1,ティンダングル・アポストル,廷达魔三角之使徒,Tindangle Protector
67745632,1,超越竜ギガントザウラー,超越龙 巨灵多角龙,Transcendosaurus Gigantozowler
67748760,1,アブソルーター・ドラゴン,绝对路由龙,Absorouter Dragon
67750322,1,スカル・マイスター,骷髅大王,Skull Meister
67752972,1,エレキュウキ,电气穷奇,Wattkyuki
67754901,1,オッドアイズ・ミラージュ・ドラゴン,异色眼幻象龙,Odd-Eyes Mirage Dragon
67757079,1,キング・オブ・ビースト,毛兽之王,King of the Beasts
67768675,1,正義の伝説 カイバーマン,正义的传说 海马侠,Legend of Justice Kaibaman
67775894,2,ワンダー・ワンド,神奇魔杖,Wonder Wand
67779172,2,ブラックフェザー・シュート,黑翼射击,Black-Winged Strafe
67797569,1,ラヴァルバル・サラマンダー,熔岩谷火精龙,Lavalval Salamander
67808837,1,ＥＭキングベアー,娱乐伙伴 国王熊精,Performapal King Bear
67820935,3,肥大化,肥大化,Massivemorph
67829249,2,古代の採掘機,古代的采掘机,Ancient Gear Drill
67831115,2,星遺物に差す影,投射于星遗物的暗影,World Legacy in Shadow
67835547,2,まどろみの神碑,微睡的神碑,Runick Slumber
67841515,1,マグナム・リリィ,枪管百合,Barrel Lily
67853262,1,神聖なる魔術師,神圣魔术师,Magician of Faithfulness
67865534,1,希望の魔術師,希望之魔术师,Magician of Hope
67901914,2,魔弾－ネバー・エンドルフィン,魔弹-无尽内啡肽,Magical Musket - Steady Hands
67904682,1,ダーク・フラット・トップ,暗黑航空母舰,Dark Flattop
67906797,3,天地返し,天地返,The Great Noodle Inversion
67922702,1,幻獣機テザーウルフ,幻兽机 绳狼,Mecha Phantom Beast Tetherwolf
67926903,1,ＣＸ 冀望皇バリアン,混沌超量 冀望皇 异晶人,CXyz Barian Hope
67934141,1,超熱血球児,超热血球儿,Ultimate Baseball Kid
67949763,3,罪鍵の法－シン・キー・ロウ,罪键之法,Corrupted Keys
67951831,2,ヒーローハート,英雄之心,Hero Heart
67955331,2,幸運の前借り,幸运的预借,Lucky Loan
67957315,1,スピリット・ドラゴン,灵魂龙,Spirit Ryu
67959180,1,きまぐれの女神,任性的女神,Goddess of Whim
67964209,1,神竜アクアバザル,神龙 阿库阿巴扎,Divine Dragon Aquabizarre
67968069,2,ジャンク・パペット,废品傀儡,Junk Puppet
67972302,1,幸魂,幸魂,Sakitama
67985943,1,ジェムナイト・マディラ,宝石骑士·橙黄晶,Gem-Knight Citrine
67987302,1,地縛大神官,地缚大神官,Earthbound Linewalker
67987611,3,アマゾネスの弩弓隊,亚马逊弩弓队,Amazoness Archers
68001309,2,サブテラーの激闘,地中族的激斗,Subterror Cave Clash
68005187,2,クロス・ソウル,灵魂交错,Soul Exchange
68007326,1,守護天使 ジャンヌ,守护天使 贞德,Guardian Angel Joan
68018709,1,失楽の聖女,失乐之圣女,Condemned Maiden
68024506,1,魔弾の射手 カラミティ,魔弹射手 灾星,Magical Musketeer Calamity
68038375,3,忍法 落葉舞,忍法 落叶舞,Ninjitsu Art of Dancing Leaves
68045685,2,武神籬,武神篱,Bujincandescence
68049471,1,夢魔の亡霊,梦魔的亡灵,The Gross Ghost of Fled Dreams
68054593,3,燃える闘志,燃烧的斗志,Fiery Fervor
68057622,2,カウンターマシンガンパンチ,反击机枪拳,Continuous Destruction Punch
68059897,1,Ｍ∀ＬＩＣＥ＜Ｑ＞ＲＥＤ ＲＡＮＳＯＭ,码丽丝<王后>红棋勒索,Maliss <Q> Red Ransom
68073522,2,魂吸収,魂吸收,Soul Absorption
68075840,1,球騎士の三人娘,球骑士三人娘,Power Pro Knight Sisters
68077936,3,融爆,融爆,Induced Explosion
68078978,1,占い魔女 チーちゃん,占卜魔女 小地,Fortune Fairy Chee
68084557,1,機械竜 パワー・ツール,机械龙 动力工具,Power Tool Mecha Dragon
68087897,1,スケイルモース,鳞粉蛾,Scary Moth
68120130,1,ジャンク・ディフェンダー,废品防御者,Junk Defender
68124775,1,オリエント・ドラゴン,东方龙,Orient Dragon
68140974,1,機皇帝ワイゼル∞,机皇帝 神智∞,Meklord Emperor Wisel
68144350,1,ＢＫ スイッチヒッター,燃烧拳击手 左右开弓拳手,Battlin' Boxer Switchitter
68159562,3,マドルチェ・プロムナード,魔偶甜点散步,Madolche Promenade
68167124,1,針剣士,针剑士,Stinging Swordsman
68170903,3,陽動作戦,佯动作战,A Feint Plan
68171737,1,ストーン・ドラゴン,岩石龙,Stone Dragon
68182934,1,ドラコニアの翼竜騎兵,德拉科尼亚的翼龙骑兵,Sky Dragoons of Draconia
68184115,1,甲虫装機 ダンセル,甲虫装机 豆娘,Inzektor Dragonfly
68191243,2,黒蠍団召集,黑蝎团召集,Mustering of the Dark Scorpions
68191756,2,星遺物の機憶,星遗物的机忆,World Legacy's Memory
68199168,1,轟の王 ハール,轰界王战 哈尔王,"Harr, Generaider Boss of Storms"
68215963,1,宝玉獣 エメラルド・タートル,宝玉兽 翠玉龟,Crystal Beast Emerald Tortoise
68223137,2,ワンクリウェイ,一键式通路,One-Kuri-Way
68226653,1,フレムベル・ドラグノフ,炎狱连射龙,Flamvell Dragnov
68246154,1,魔弾の射手 ドクトル,魔弹射手 医生,Magical Musketeer Doc
68250822,3,スプライト・ダブルクロス,卫星闪灵双人交叉金臂勾,Spright Double Cross
68258355,1,ＺＳ－武装賢者,异热同心从者-武装贤者,ZS - Armed Sage
68280530,1,ロイヤルナイツ,王家骑士,Royal Knight
68295149,1,リンクメイル・デーモン,连接邮件盔甲恶魔,Linkmail Archfiend
68299524,1,パンデミック・ドラゴン,瘟疫龙,Pandemic Dragon
68300121,1,魔鍵憑霊－ウェパルトゥ,魔键凭灵-威沛图,Magikey Spirit - Vepartu
68304193,1,クシャトリラ・ユニコーン,俱舍怒威族·独角兽,Kashtira Unicorn
68304813,2,冥界の宝札,冥界的宝札,Precious Cards from Beyond
68316358,2,魅惑の舞,魅惑之舞,Allure Dance
68319538,1,宇宙砦ゴルガー,宇宙城 哥尔加,Cosmic Fortress Gol'gar
68334074,3,奇跡の復活,奇迹之复活,Miracle Restoring
68337209,2,Ｍ∀ＬＩＣＥ ＩＮ ＵＮＤＥＲＧＲＯＵＮＤ,码丽丝梦游地下界,Maliss in Underground
68339286,1,メタル・ガーディアン,金属守护者,Metal Guardian
68353324,1,素早いビーバー,迅捷河狸,Nimble Beaver
68366996,1,デュアル・ソルジャー,二重士兵,Gemini Soldier
68371799,1,デーモンの将星,恶魔将星,Archfiend Commander
68392533,2,念動増幅装置,念动增幅装置,Telekinetic Charging Cell
68395509,1,マジェスペクター・クロウ,威风妖怪·乌,Majespecter Crow - Yata
68396121,1,ＣＮｏ.１０７ 超銀河眼の時空龍,混沌No.107 超银河眼时空龙,Number C107: Neo Galaxy-Eyes Tachyon Dragon
68396778,2,悪魔への貢物,给恶魔的贡物,Faustian Bargain
68400115,3,裸の王様,皇帝的新装,The Emperor's Holiday
68401546,1,妖精の贈りもの,妖精的赠礼,Fairy's Gift
68406755,1,トラミッド・スフィンクス,三形金字塔的斯芬克斯,Triamid Sphinx
68427465,2,破邪の大剣－バオウ,破邪之大剑-黄昏,Wicked-Breaking Flamberge - Baou
68431965,1,シューティング・ライザー・ドラゴン,流星登龙,Shooting Riser Dragon
68441986,2,蚊学忍法・軍蚊マーチ,蚊学忍法·军蚊进行曲,Ninjitsu Art of Mosquito Marching
68450517,1,Ａ・ジェネクス・ドゥルダーク,盟军·次世代同暗兵,Genex Ally Duradark
68456353,3,エクストリオの牙,木龙兽之牙,Exterio's Fang
68462976,2,魔法族の里,魔法族之里,Secret Village of the Spellcasters
68464358,1,ヴァレット・トレーサー,弹丸曳光龙,Rokket Tracer
68468459,1,アルバスの落胤,阿不思的落胤,Fallen of Albaz
68473226,1,ハードアームドラゴン,硬甲龙,Hardened Armed Dragon
68477598,3,ペンデュラム・ホール,灵摆洞,Pendulum Hole
68490573,3,大いなる魂,伟大之魂,Time to Stand Up
68505803,1,ジェネクス・コントローラー,次世代控制员,Genex Controller
68507541,1,アマゾネスペット虎獅子,亚马逊宠物虎狮子,Amazoness Pet Liger
68516705,1,ケンタウロス,人马兽,Mystic Horseman
68535320,1,ファイヤー・ハンド,火焰手,Fire Hand
68540058,3,メタル化・魔法反射装甲,金属化·魔法反射装甲,Metalmorph
68543408,1,スターダスト・シャオロン,星尘小龙,Stardust Xiaolong
68597372,1,発条機甲ゼンマイスター,发条机甲 发条大师,Wind-Up Zenmaister
68601507,1,武神器－ハバキリ,武神器-羽羽斩,Bujingi Crane
68618157,1,武神姫－アマテラス,武神姬-天照,Bujinki Amaterasu
68625727,1,占術姫ペタルエルフ,占术姬 花瓣精灵,Prediction Princess Petalelf
68630939,3,ナンバーズ・プロテクト,编号系防护,Numbers Protection
68638985,1,カエルスライム,蛙形史莱姆,Slime Toad
68658728,1,リトル・キメラ,小奇美拉,Little Chimera
68661341,2,一点買い,一点式买法,Single Purchase
68663427,2,リンカーネイト・アンヴェイル・メイル,转生显形铠,Reincarnation Unveiling Mail
68663748,2,フォーチュンフューチャー,命运未来,Fortune's Future
68670547,1,闇竜の黒騎士,暗龙之黑骑士,Paladin of the Cursed Dragon
68688135,3,ヴァンパイアの支配,吸血鬼的支配,Vampire Domination
68722455,1,赤鬼,赤鬼,Red Ogre
68745629,1,Ｅ・ＨＥＲＯ フレイム・ブラスト,元素英雄 爆裂火焰侠,Elemental HERO Inferno
68756810,1,カット・イン・シャーク,切入鲨,Cutter Shark
68762510,1,幸運の笛吹き,幸运之吹笛人,Lucky Pied Piper
68769900,1,海造賊－赤髭の航海士,海造贼-红胡子航海士,"Redbeard, the Plunder Patroll Matey"
68774379,1,サイバー・バリア・ドラゴン,电子障壁龙,Cyber Barrier Dragon
68779682,3,ラビュリンス・バラージュ,拉比林斯迷宫连环阵,Labrynth Barrage
68786330,2,アタック・フェロモン,攻击信息素,Attack Pheromones
68809475,1,コアキメイル・スピード,核成高速鸟,Koa'ki Meiru Speeder
68810435,1,クッキィ☆ヤミー,曲奇饼猫☆味美喵,Cooky☆Yummy
68811206,1,偉大なる戦士タイラー,伟大的战士 泰勒,Tyler the Great Warrior
68812773,1,オボミ,吉器美,Lillybot
68815132,1,ハーピィ・ダンサー,鹰身舞者,Harpie Dancer
68815401,2,クレイジー・ファイヤー,狂焰,Wild Fire
68819554,1,Ｅｍダメージ・ジャグラー,娱乐法师 伤害杂耍人,Performage Damage Juggler
68823957,1,サブテラーの刀匠,地中族刀匠,Subterror Nemesis Defender
68829754,2,黒き覚醒のエルドリクシル,黑化觉醒之黄金国永生药,Eldlixir of Black Awakening
68833958,2,一騎加勢,一骑加势,Back-Up Rider
68836428,1,トライエッジ・リヴァイア,三刃戟海龙神,Tri-Edge Levia
68846917,1,岩窟魔人オーガ・ロック,岩窟魔人,Rock Ogre Grotto #1
68860936,1,ティンダングル・エンジェル,廷达魔三角之天使,Tindangle Angel
68870276,1,アブソリューター,绝对鸟,Fiend Reflection #1
68875140,3,押し売りゴブリン,哥布林推销员,Hard-sellin' Goblin
68881649,1,憑依装着－エリア,凭依装着-艾莉娅,Familiar-Possessed - Eria
68897338,1,魔轟神獣ベヒルモス,魔轰神兽 贝希尔摩斯,The Fabled Behilmoth
68928540,1,カマキラー,螳螂杀手,Kamakiriman
68933343,1,音響戦士ベーシス,音响战士 贝司手,Symphonic Warrior Basses
68934651,1,ファイアウォール・ドラゴン・ダークフルード,防火龙·暗流体,Firewall Dragon Darkfluid
68937720,3,メンタルドレイン,精神抽取,Mind Drain
68941332,3,六花の薄氷,六花的薄冰,Rikka Sheet
68950538,1,電子光虫－センチビット,电子光虫-比特蜈蚣,Digital Bug Centibit
68957034,2,輝く炎の神碑,辉耀之炎的神碑,Runick Flashing Fire
68957925,2,リンク・パーティー,连接茶会,Link Party
68963107,1,ブークー,书之精灵,Boo Koo
68987122,1,ヴァレルガード・ドラゴン,护木枪管龙,Borrelguard Dragon
68989420,1,ＴＧ オーバー・ドラグナー,科技属 超驱动龙骑士,T.G. Over Dragonar
68989981,1,堕ち武者,堕武者,Samurai Skull
69000994,1,炎王獣 バロン,炎王兽 巴隆,Fire King Avatar Barong
69003792,2,メガリス・アンフォームド,巨石遗物无形态,Megalith Unformed
69015963,1,デビル・フランケン,恶魔科学怪人,Cyber-Stein
69023354,1,機甲忍者エアー,机甲忍者 风,Air Armor Ninja
69025477,1,六武衆－ヤリザ,六武众-枪左,The Six Samurai - Yariza
69031175,1,ＢＦ－アーマード・ウィング,黑羽-铠翼鸦,Blackwing Armor Master
69035382,2,奈落との契約,与奈落的契约,Contract with the Abyss
69039982,2,リユナイト・パラディオン,圣像骑士的再集结,Crusadia Revival
69042950,2,バグ・ロード,漏洞载入,Crashbug Road
69058960,1,Ｎｏ.１３ ケインズ・デビル,No.13 该隐恶魔,Number 13: Embodiment of Crime
69069911,1,カチコチドラゴン,硬梆龙,Kachi Kochi Dragon
69072185,1,アモルファージ・イリテュム,无形噬体·虚饰,Amorphage Goliath
69073023,1,無限起動要塞メガトンゲイル,无限起动要塞 百万吨百臂狂风,Infinitrack Fortress Megaclops
69087397,2,ふわんだりぃずと旅じたく,随风旅鸟与旅行准备,Floowandereeze and the Advent of Adventure
69091732,3,義賊の入門書,义贼的入门书,Introduction to Gallantry
69105797,1,捕食植物スキッド・ドロセーラ,捕食植物 鱿鱼茅膏菜,Predaplant Squid Drosera
69109764,1,ハイバネーション・ドラゴン,休眠龙,Hibernation Dragon
69112325,2,神聖なる森,神圣森林,Spiritual Forest
69120785,1,深淵の獣アルバ・ロス,深渊之兽 白界丧失龙,The Bystial Alba Los
69121954,1,ダイナレスラー・テラ・パルクリオ,恐龙摔跤手·大地跑酷冰脊龙,Dinowrestler Terra Parkourio
69122763,3,守護霊のお守り,守护灵护符,Deal of Phantom
69123138,1,ゼラ,杰拉,Zera the Mant
69133798,1,ダイダラボッチ,大太郎法师,Daidara-Bocchi
69140098,1,ヂェミナイ・エルフ,双生精灵,Gemini Elf
69145169,2,受け継ぎし魂,继承之魂,Successor Soul
69155991,1,スクラップ・シャーク,废铁鲨,Scrap Shark
69162969,2,ライトニング・ボルテックス,闪电旋涡,Lightning Vortex
69164989,2,六花絢爛,六花绚烂,Rikka Glamour
69167267,2,薫り貴き薔薇の芽吹き,馨香蔷薇的发芽,Basal Rose Shoot
69170403,1,アストラグールズ,距骨骰子食尸鬼团,Astra Ghouls
69170557,1,ＣＮｏ.４０ ギミック・パペット－デビルズ・ストリングス,混沌No.40 机关傀儡-魔界弦乐手,Number C40: Gimmick Puppet of Dark Strings
69176131,2,スペース・サイクロン,太空旋风,Space Cyclone
69181753,1,ＥＭクリボーダー,娱乐伙伴 横条栗子球,Performapal Kuribohble
69196160,2,サンダー・クラッシュ,雷轰,Thunder Crash
69207766,1,甲虫装機 ホーネット,甲虫装机 大黄蜂,Inzektor Hornet
69211541,1,ＥＭパートナーガ,娱乐伙伴 搭档蛇,Performapal Partnaga
69217334,2,ブレイク・オブ・ザ・ワールド,世界破坏,Breaking of the World
69228245,1,ＥＭチェーンジラフ,娱乐伙伴 变形链长颈鹿,Performapal Changeraffe
69230391,1,爆炎帝テスタロス,爆炎帝 泰斯塔罗斯,Thestalos the Mega Monarch
69243722,1,ジェムナイト・エメラル,宝石骑士·翠玉,Gem-Knight Emerald
69243953,2,蝶の短剣－エルマ,蝶之短剑-回音,Butterfly Dagger - Elma
69247929,1,ジェネティック・ワーウルフ,基因狼人,Gene-Warped Warwolf
69248256,1,相剣大師－赤霄,相剑大师-赤霄,Swordsoul Grandmaster - Chixiao
69257165,2,精神汚染,精神污染,Mind Pollutant
69270537,2,コンタクト・アウト,接触分离,Contact Out
69272449,1,Ｍ∀ＬＩＣＥ＜Ｐ＞Ｗｈｉｔｅ Ｒａｂｂｉｔ,码丽丝<兵卒>白兔,Maliss <P> White Rabbit
69279219,2,我が身を盾に,我身作盾,My Body as a Shield
69293721,1,水精鱗－アビスグンデ,水精鳞-深渊昆德,Mermail Abyssgunde
69296555,2,光の護封陣,光之护封阵,Array of Revealing Light
69303178,1,光神機－桜火,光神机-樱火,Majestic Mech - Ohka
69304426,1,アーティファクト－ヴァジュラ,古遗物-金刚杵,Artifact Vajra
69313735,2,ディスカバード・アタック,闪击,Checkmate
69319869,2,鈍重,钝重,Gravity Lash
69320362,2,伝説のゼンマイ,传说的发条,Legendary Wind-Up Key
69327790,1,烈風帝ライザー,烈风帝 莱扎,Raiza the Mega Monarch
69351984,1,メタルフォーゼ・ヴォルフレイム,炼装勇士·钨火,Metalfoes Volflame
69380702,1,バニーラ,小白兔,Bunilla
69381150,3,Ａｉ－Ｑ,“艾”思考-I·Q,A.I.Q
69385019,1,皇たる水精鱗－ネプトアビス,皇者水精鳞-尼普深渊王,Mermail King - Neptabyss
69394324,1,Ｄ－ＨＥＲＯ ドミネイトガイ,命运英雄 统治人,Destiny HERO - Dominance
69402394,3,暗黒の謀略,暗黑的谋略,Dark Scheme
69408987,2,スパイダー・ウェブ,蜘蛛网,Spider Web
69436288,1,デス・クラーケン,死亡乌贼,Doom Kraken
69448290,1,霞の谷の雷鳥,霞之谷的雷鸟,Mist Valley Thunderbird
69452756,3,醒めない悪夢,长眠不醒的噩梦,Unending Nightmare
69455834,1,闇魔界の覇王,暗魔界的霸王,King of Yamimakai
69456283,1,コイツ,此者,Koitsu
69461394,1,Ａ・Ｏ・Ｊ フィールド・マーシャル,正义盟军 陆军元帅,Ally of Justice Field Marshal
69488544,1,フェニックス・ギア・フリード,凤凰剑圣 基亚·弗里德,Phoenix Gearfried
69492187,2,アイス・ミラー,冰镜,Ice Mirror
69512157,1,竜魔王ベクターＰ,龙魔王 魔道矢·灵摆,"Vector Pendulum, the Dracoverlord"
69514125,1,神聖騎士パーシアス,神圣骑士 珀耳修斯,Avenging Knight Parshath
69522668,1,魔鍵変鬼－トランスフルミネ,魔键变鬼-特兰斯佛尔米雷,Magikey Fiend - Transfurlmine
69526976,1,ロー・キューピット,篮球小爱神,Cupid Dunk
69529337,1,トラミッド・ダンサー,三形金字塔的舞者,Triamid Dancer
69529567,1,おとぼけオポッサム,装傻负鼠,Playful Possum
69533836,2,魂を刻む右,刻魂之右,Soul Fist
69537999,2,ブレイズ・キャノン,烈焰加农炮,Blaze Accelerator
69540484,2,クシャトリラ・バース,俱舍怒威族的停泊地,Kashtira Birth
69542930,2,光と闇の洗礼,光与暗之洗礼,Dedication through Light and Darkness
69550259,1,ＳＲブロックンロール,疾行机人 摇滚积木,Speedroid Block-n-Roll
69553552,2,Ｆ.Ａ.ウィナーズ,方程式运动员胜利团队,F.A. Winners
69572024,1,舌魚,舌鱼,Tongyo
69572169,1,Ｅ・ＨＥＲＯ フラッシュ,元素英雄 电闪侠,Elemental HERO Flash
69579761,1,デス・コアラ,死亡树熊,Des Koala
69584564,2,フレグランス・ストーム,芳香风暴,Fragrance Storm
69599136,3,底なし落とし穴,无底的落穴,Floodgate Trap Hole
69601012,1,幻獣魔王バフォメット,幻兽魔王 巴风特,Berfomet the Mythical King of Phantom Beasts
69610326,1,覇王眷竜ダークヴルム,霸王眷龙 暗黑亚龙,Supreme King Dragon Darkwurm
69610924,1,Ｎｏ.１７ リバイス・ドラゴン,No.17 海恶龙,Number 17: Leviathan Dragon
69632396,3,ゴブリンのその場しのぎ,哥布林的敷衍了事,Goblin Out of the Frying Pan
69633792,1,エヴォルダー・テリアス,进化龙·依潘龙,Evolsaur Terias
69655484,1,Ｅｍ影絵師シャドー・メイカー,娱乐法师 影绘师,Performage Shadow Maker
69669405,1,インプ,小鬼,Horn Imp
69680031,1,教導の騎士フルルドリス,教导的骑士 弗勒德莉丝,"Dogmatika Fleurdelis, the Knighted"
69695704,1,ブラッドストーム,血风燕,Battlestorm
69700783,2,ヴァンパイア・デザイア,吸血鬼欲望,Vampire's Desire
69711728,3,メタルフォーゼ・コンビネーション,炼装联合,Metalfoes Combination
69718652,1,聖霊獣騎 ノチウドラゴ,圣灵兽骑 星龙,Ritual Beast Ulti-Nochiudrago
69723159,1,武神器－ムラクモ,武神器-丛云,Bujingi Quilin
69724380,3,魔の取引,魔之取引,Terrible Deal
69750536,1,魚ギョ戦士,鱼战士,Wow Warrior
69750546,1,ヴォルカニック・バックショット,火山鹿弹,Volcanic Scattershot
69757518,1,ＣＮｏ.５ 亡朧龍 カオス・キマイラ・ドラゴン,混沌No.5 亡胧龙 混沌嵌合龙,Number C5: Chaos Chimera Dragon
69761020,2,Ｓ－Ｆｏｒｃｅ ショウダウン,治安战警队对决,S-Force Showdown
69764158,1,ペロペロケルペロス,舔舔三舌犬,Peropero Cerperus
69780745,1,ガルヴァス,加尔瓦斯,Garvas
69792699,2,ペンギン・ソード,企鹅剑,Penguin Sword
69802283,2,集いし光,聚集之光,Gathering Light
69809989,2,ゴーストリック・ショット,鬼计曲线球,Ghostrick Shot
69811710,1,宵星の騎士ギルス,宵星之骑士 吉尔苏,"Girsu, the Orcust Mekk-Knight"
69815951,1,竜儀巧－メテオニス＝ＤＲＡ,龙仪巧-天龙流星DRA,Drytron Meteonis Draconids
69831560,1,アルカナフォースＥＸ－ＴＨＥ ＤＡＲＫ ＲＵＬＥＲ,秘仪之力EX-暗之支配者,Arcana Force EX - The Dark Ruler
69832741,2,霊魂消滅,灵魂消灭,Spirit Elimination
69838592,1,妖仙獣 大幽谷響,妖仙兽 大幽谷响,Yosenju Oyam
69838761,1,マシンナーズ・メタルクランチ,机甲金属抓手兵,Machina Metalcruncher
69840739,1,アーティファクト－デュランダル,古遗物-恒常剑,Artifact Durendal
69846323,1,カンツウツボ,贯通海鳝,Piercing Moray
69852487,1,希望皇アストラル・ホープ,希望皇 星光霍普,Astraltopia
69865139,1,天輪の葬送士,天轮之葬送士,Guiding Light
69868555,2,巨神竜の遺跡,巨神龙的遗迹,Ruins of the Divine Dragon Lords
69873498,3,ブレイク・ザ・シール,破除封印,Break the Seal
69884162,1,Ｅ・ＨＥＲＯ アナザー・ネオス,元素英雄 次新宇侠,Elemental HERO Neos Alius
69890967,1,幻魔皇ラビエル,幻魔皇 拉比艾尔,"Raviel, Lord of Phantasms"
69893315,1,ダイス・アルマジロ,骰子犰狳,Dice Armadillo
69895264,2,ラビュリンス・セッティング,拉比林斯迷宫布置,Labrynth Set-Up
69925461,1,トイ・タンク,玩具坦克,Toy Tank
69931927,1,地縛神 Ｃｈａｃｕ Ｃｈａｌｌｈｕａ,地缚神 查库·查略亚,Earthbound Immortal Chacu Challhua
69932023,3,星辰の裂角,星辰的裂角,Dracotail Horn
69933858,1,ギルフォード・ザ・レジェンド,传说的战士 吉尔福德,Gilford the Legend
69937550,1,宝玉獣 アンバー・マンモス,宝玉兽 琥珀猛犸,Crystal Beast Amber Mammoth
69946549,1,捕食植物ドラゴスタペリア,捕食植物 犀角龙,Predaplant Dragostapelia
69954399,2,疫病ウィルス ブラックダスト,疫病病毒 黑尘,Ekibyo Drakmord
69973414,3,ＢＦ－ツインシャドウ,黑羽-双影,Blackwing - Twin Shadow
69975751,1,ドラグニティ－ギザーム,龙骑兵团-长钩刀龙,Dragunity Guisarme
69982329,2,ペンデュラム・ターン,灵摆转动,Pendulum Shift
69992868,1,ミューズの天使,缪斯天使,Muse-A
70000776,2,ネクロバレーの祭殿,王家长眠之谷的祭殿,Hidden Temples of Necrovalley
70026064,1,武神－ヒルコ,武神-蛭子,Bujin Hiruko
70043345,3,Ｕ.Ａ.ペナルティ,超级运动员受罚,U.A. Penalty Box
70046172,2,突進,突进,Rush Recklessly
70050374,1,ツインバレル・ドラゴン,双管手枪龙,Twin-Barrel Dragon
70054514,1,ダークシー・フロート,暗海救生圈,Darksea Float
70070211,3,Ｊｏ－Ｐ.Ｕ.Ｎ.Ｋ.ナシワリ・サプライズ,净琉璃朋克惊愕梨割,Joruri-P.U.N.K. Nashiwari Surprise
70074904,1,Ｄ.Ｄ.アサイラント,D.D.暗杀者,D.D. Assailant
70083592,2,縫合蘇生,缝合苏生,Suture Rebirth
70083723,1,ナチュル・ドラゴンフライ,自然蜻蜓,Naturia Dragonfly
70084224,1,首狩り魔人,猎头魔人,Neck Hunter
70089580,1,オーロラ・ウィング,极光翼鸟,Aurora Wing
70095046,1,クリアー・ヴィシャス・ナイト,清透堕恶骑士,Clear Vicious Knight
70095154,1,サイバー・ドラゴン,电子龙,Cyber Dragon
70101178,1,パンサー・シャーク,豹鲨,Panther Shark
70109009,3,究極地縛神,究极地缚神,Ultimate Earthbound Immortal
70117791,1,爆撃獣ファイヤ・ボンバー,爆击兽 炎弹兽,Blazing Bombardment Beast
70117860,1,ＷＷ－スノウ・ベル,风魔女-雪铃,Windwitch - Snow Bell
70122149,2,呪眼領閾－パレイドリア－,咒眼领阈-错视之城-,Evil Eye Domain - Pareidolia
70124586,1,ホールディング・レッグス,拘束足,Holding Legs
70138455,1,ミスター・ボンバー,炸弹先生,Blast Juggler
70147689,2,古代の機械要塞,古代的机械要塞,Ancient Gear Fortress
70155677,1,夢見るネムレリア,梦见之妮穆蕾莉娅,Dreaming Nemleria
70156946,1,ランタン・シャーク,提灯鲨,Lantern Shark
70156997,3,地霊術－「鉄」,地灵术-「铁」,Spiritual Earth Art - Kurogane
70168345,2,黒・魔・導・連・弾,黑·魔·导·连·弹,Dark Magic Twin Burst
70180284,1,影六武衆－ドウジ,影六武众-道治,Secret Six Samurai - Doji
70187958,1,ダーク砂バク,暗黑沙貘,Dark Desertapir
70194827,1,ブレード・バウンサー,利刃保镖,Blade Bounzer
70204022,1,音響戦士ディージェス,音响战士 DJ调音台,Symphonic Warrior DJJ
70219023,1,三相魔神コーディウス,三相魔神 科迪乌斯,Coordius the Triphasic Dealmon
70222318,2,森羅の霊峰,森罗的灵峰,Mount Sylvania
70226289,2,ウィッチクラフト・デモンストレーション,魔女术的演示,Witchcrafter Unveiling
70231910,2,ブラック・コア,黑核,Dark Core
70238111,3,リコーデッド・アライブ,重编码存活,Recoded Alive
70245411,2,トイポット,玩具罐,Toy Vendor
70252926,1,フォーチュンレディ・エヴァリー,命运女郎·埃芙莉,Fortune Lady Every
70261145,1,ナチュル・トライアンフ,自然郁金香,Naturia Tulip
70271583,1,カラクリ守衛 参壱参,机巧守卫 三一三,"Karakuri Watchdog mdl 313 ""Saizan"""
70278545,2,謙虚な壺,谦虚之壶,Pot of Generosity
70284332,3,調律師の陰謀,调律师的阴谋,Tuner's Scheme
70298454,1,比翼レンリン,比翼连鳞,Leng Ling
70307656,1,グラッジ,咒怨,Mucus Yolk
70329348,3,炎舞－「天権」,炎舞-「天权」,Fire Formation - Tenken
70333910,1,ノクトビジョン・ドラゴン,暗视龙,Noctovision Dragon
70335319,1,ゴッドアイズ・ファントム・ドラゴン,神眼幻龙,All-Eyes Phantom Dragon
70342110,3,次元幽閉,次元幽闭,Dimensional Prison
70344351,3,フォースフィールド,力场,Riryoku Field
70345785,1,ヤマドラン,三头巨龙,Yamadron
70355994,1,勇炎星－エンショウ,勇炎星-猿胜,Brotherhood of the Fire Fist - Gorilla
70366448,2,ドラスティック・ドロー,激烈抽卡,Drastic Draw
70368879,2,成金ゴブリン,成金哥布林,Upstart Goblin
70369116,1,捕食植物ヴェルテ・アナコンダ,捕食植物 青锁龙森蚺,Predaplant Verte Anaconda
70389815,2,アメイジングタイムチケット,惊奇时段通行证,Amazing Time Ticket
70391588,3,星蝕－レベル・クライム－,星食-等级攀升-,Star Siphon
70406920,3,機械王－Ｂ.Ｃ.３０００,机械王-B.C.3000,Machine King - 3000 B.C.
70410002,1,ザ・アキュムレーター,累加器人,The Accumulator
70417076,1,Ｅｍウィンド・サッカー,娱乐法师 吸风人,Performage Wind Drainer
70422863,2,星守る結界,星守之结界,Hexatellarknight
70423794,2,Ｄ・コード,变形斗士·电线,Morphtronic Cord
70427670,1,捕食植物ブフォリキュラ,捕食植物 土瓶草蟾蜍,Predaplant Bufolicula
70456282,1,Ａ ＢＦ－霧雨のクナイ,强袭黑羽-雾雨之苦无鸟,Assault Blackwing - Kunai the Drizzle
70458081,1,ＥＭジンライノ,娱乐伙伴 迅雷犀牛,Performapal Thunderhino
70465810,1,ＢＦ－幻耀のスズリ,黑羽-幻耀之苏德里,Blackwing - Sudri the Phantom Glimmer
70473293,2,聖蔓の交配,圣蔓的交配,Sunvine Cross Breed
70479321,1,ＥＭドラミング・コング,娱乐伙伴 打鼓金刚,Performapal Drummerilla
70485614,2,決戦のゴルゴンダ,决战的戈尔工达,Decisive Battle of Golgonda
70491413,2,サプライズ・チェーン,惊心供应链,Surprise Chain
70491682,1,ヴェンデット・アニマ,复仇死者·阿尼玛,Vendread Anima
70493141,1,雷仙神,雷仙神,The Ascended of Thunder
70508653,2,工作箱,工作箱,Tool Box
70514456,1,蕾禍ノ御拝神主,蕾祸之御拜神主,Ragnaraika Mantis Monk
70534340,1,神炎竜ルベリオン,神炎龙 赫界龙,Lubellion the Searing Dragon
70538272,1,妖竜の禁姫,妖龙之禁姬,Filia Regis
70546737,1,アンブラル・ウィル・オ・ザ・ウィスプ,阴影鬼火,Umbral Horror Will o' the Wisp
70551291,1,伝説の剣闘士 カオス・ソルジャー,传说的剑斗士 混沌战士,Black Luster Soldier - Legendary Swordsman
70560957,2,トゥーン・ロールバック,卡通倒带,Toon Rollback
70564929,2,魔界台本「魔界の宴咜女」,魔界台本「魔界的宴咜女」,Abyss Script - Abysstainment
70569684,3,ハイレート・ドロー,高速率抽卡,High Rate Draw
70583986,1,氷結界の虎王 ドゥローレン,冰结界的虎王 雪虎,"Dewloren, Tiger King of the Ice Barrier"
70595331,1,地獄の門番イル・ブラッド,地狱的门番 伊尔·布拉德,Il Blud
70597485,1,マテリアクトル・ギガヴォロス,原质炉吉咖衔尾蛇,Materiactor Gigaboros
70624184,1,セイクリッド・ハワー,星圣·候,Constellar Rasalhague
70628672,3,レッド・ロイド・コール,红色机人呼唤,Emergeroid Call
70630741,1,レスキュー・ウォリアー,救援战士,Rescue Warrior
70634245,1,真魔六武衆－エニシ,真魔六武众-缘,Legendary Lord Six Samurai - Enishi
70636044,1,終戒超獸－ヴァルドラス,终戒超兽-武尔德拉斯,"Varudras, the Final Bringer of the End Times"
70645913,1,ヴァンパイアの眷属,吸血鬼的眷属,Vampire Retainer
70655556,1,スピア・シャーク,鱼叉鲨,Spear Shark
70668285,1,光天使ソード,光天使 天剑,Star Seraph Sword
70676581,1,ダーク・ジェネラル フリード,暗黑将军 弗里德,Dark General Freed
70681994,1,魔装騎士ドラゴネス,魔装骑士 德拉格尼斯,Dragoness the Wicked Knight
70703416,1,氷結界の霜精,冰结界的霜精,Hexa Spirit of the Ice Barrier
70709488,1,虫忍 ハガクレミノ,虫忍 叶隐蓑,Shinobi Insect Hagakuremino
70711847,1,未界域のネッシー,未界域的尼斯水怪,Danger! Nessie!
70717628,1,クリアー・ファントム,清透幻影,Clear Phantom
70744296,1,イピリア,虹蜥,Ipiria
70771599,1,覇王眷竜クリアウィング,霸王眷龙 幻透翼,Supreme King Dragon Clear Wing
70780151,1,メンタルスフィア・デーモン,精神界恶魔,Thought Ruler Archfiend
70781052,1,デーモンの召喚,恶魔召唤,Summoned Skull
70786111,2,ストーンヘンジ,巨石阵,Stonehenge
70791313,1,王立魔法図書館,王立魔法图书馆,Royal Magical Library
70797118,1,雷電娘々,雷电娘娘,Thunder Nyan Nyan
70821187,1,再生ミイラ,再生木乃伊,Regenerating Mummy
70825459,3,トラップトラック,蛊惑陷迹,Trap Tracks
70828912,2,早すぎた埋葬,过早的埋葬,Premature Burial
70832512,1,レアル・クルセイダー,真十字军,Absolute Crusader
70843274,1,サイコ・プロセッサー,念力处理机,Psychic Processor
70856343,1,契珖のヴルーレセンス,契珖之荧光亚龙,Radiant Vouirescence
70860415,1,Ｘ－クロス・キャノン,X-交错加农,X-Cross Cannon
70861343,3,忍法 変化の術,忍法 变化之术,Ninjitsu Art of Transformation
70865988,3,全弾発射,全弹发射,Full Salvo
70871153,1,星辰竜ウルグラ,星辰龙 狮子龙,Dracotail Urgula
70875686,1,プランキッズ・ロアゴン,调皮宝贝吼吼龙,Prank-Kids Rip-Roarin-Roaster
70875955,3,空中補給,空中补给,Aerial Recharge
70899775,2,ピアニッシモ,极弱音,Pianissimo
70902743,1,レッド・デーモンズ・ドラゴン,红莲魔龙,Red Dragon Archfiend
70903634,1,封印されし者の右腕,被封印者的右腕,Right Arm of the Forbidden One
70908596,1,セイクリッド・カウスト,星圣·箕宿三,Constellar Kaus
70913714,1,古神ハストール,古神 哈斯塔,Old Entity Hastorr
70914287,1,クリバビロン,巴比伦栗子,Kuribabylon
70916046,3,壱時砲固定式,一时炮固定式,Linear Equation Cannon
70917315,1,アモルファージ・ルクス,无形噬体·色欲,Amorphage Lechery
70924884,1,インセクション,锯足锹形虫,Alinsection
70939418,1,ＳＲ－ＯＭＫガム,疾行机人 OMK口香糖,Speedroid Gum Prize
70946699,3,炎虎梁山爆,炎虎梁山爆,Five Brothers Explosion
70948327,1,ナノブレイカー,纳米破坏者,Nanobreaker
70950698,1,ブート・スタッガード,引导交错鹿,Boot Staggered
70969517,1,幻獣ロックリザード,幻兽 巨岩蜥,Phantom Beast Rock-Lizard
70975131,1,番猫－ウォッチキャット,番猫-戴表看门猫,Watch Cat
70980824,1,氷結界の還零龍 トリシューラ,冰结界的还零龙 三叉龙,"Trishula, Zero Dragon of the Ice Barrier"
71002019,1,六花精ボタン,六花精 叶牡丹,Mudan the Rikka Fairy
71007216,1,ＷＷ－グラス・ベル,风魔女-玻璃铃,Windwitch - Glass Bell
71015787,1,サイレント・ウォビー,寂静须鲨,Silent Wobby
71036835,1,クリビー,栗子团,Kuribee
71039903,1,太古の白石,太古的白石,The White Stone of Ancients
71044499,2,抹殺の使徒,抹杀之使徒,Nobleman of Crossout
71060915,3,フェザー・ウィンド,羽翼之风,Feather Wind
71068247,1,トーテムバード,图腾鸟,Totem Bird
71068263,1,くいぐるみ,食人玩偶,Stuffed Animal
71069715,3,ＤＤリビルド,DD重组,D/D Reroll
71071546,1,オービタル ７,轨道 7,Orbital 7
71074418,1,ウィッチクラフトゴーレム・アルル,魔女术人偶·阿鲁鲁女神,Witchcrafter Golem Aruru
71083002,2,殲滅のタキオン・スパイラル,歼灭之时空螺旋,Tachyon Spiral of Destruction
71089030,2,地縛牢,地缚牢,Earthbound Prison
71095768,1,武神姫－アハシマ,武神姬-淡岛,Bujinki Ahashima
71098407,3,もの忘れ,健忘,Memory Loss
71100270,1,百鬼羅刹の大饕獣,百鬼罗刹的大饕兽,Goblin's Crazy Beast
71101678,1,地縛戒隷 ジオグラシャ＝ラボラス,地缚戒隶 地画翼犬魔,Earthbound Servant Geo Grasha
71106375,1,ジュラック・イグアノン,朱罗纪禽龙,Jurrac Iguanon
71107816,1,悪魔の調理師,恶魔烹调师,The Bistro Butcher
71133680,1,水精鱗－ネレイアビス,水精鳞-深渊海仙女,Mermail Abyssnerei
71143015,2,究極融合,究极融合,Ultimate Fusion
71159974,1,魔鍵召竜－アンドラビムス,魔键召龙-安托比姆斯,Magikey Dragon - Andrabime
71164684,3,伍世壊砕心,伍世坏碎心,Mannadium Breakheart
71166481,1,Ｎｏ.７５ 惑乱のゴシップ・シャドー,No.75 惑乱之风言暗影,Number 75: Bamboozling Gossip Shadow
71172240,1,バックリンカー,反向连接兽,Backlinker
71175527,1,ガスタの神裔 ピリカ,薰风的神裔 皮莉佳,"Pilica, Descendant of Gusto"
71181155,1,幻獣クロスウィング,幻兽 十字翼鸟,Phantom Beast Cross-Wing
71187462,1,ＢＦ－無頼のヴァータ,黑羽-无赖之伐他,Blackwing - Vata the Emblem of Wandering
71197066,1,機巧蛇－叢雲遠呂智,机巧蛇-丛云远吕智,"Gizmek Orochi, the Serpentron Sky Slasher"
71200730,1,闇より出でし絶望,出于黑暗的绝望,Despair from the Dark
71203602,1,イビリチュア・リヴァイアニマ,邪遗式双魂海龙,Evigishki Levianima
71207871,1,影六武衆－フウマ,影六武众-风魔,Secret Six Samurai - Fuma
71209500,1,アマゾネス・スカウト,亚马逊童军,Amazoness Scouts
71218746,1,ドリルロイド,钻头机人,Drillroid
71222868,1,ＲＲ－ライジング・リベリオン・ファルコン,急袭猛禽-起翼叛逆猎鹰,Raidraptor - Rising Rebellion Falcon
71233859,2,フォトン・ブースター,光子推进,Photon Booster
71249758,3,Ｄ２シールド,D2护盾,D2 Shield
71272951,3,オーバースペック,性能过剩,Overworked
71277255,1,マナドゥム・リウムハート,末那愚子族·里姆哈特,Mannadium Riumheart
71278040,1,パラレルエクシード,并行超限龙,Parallel eXceed
71279983,1,Ｕ.Ａ.ドレッドノートダンカー,超级运动员 无畏扣篮手,U.A. Dreadnought Dunker
71280811,1,ヤランゾ,宝箱鬼,Yaranzo
71283180,1,トルネード・バード,龙卷鸟,Tornado Bird
71315423,1,ワーム・ミリディス,米利迪斯异虫,Worm Millidith
71331215,2,ウォークライ・オーディール,战吼试炼,War Rock Ordeal
71340250,1,ミキサーロイド,搅拌机人,Mixeroid
71341529,1,インフェルニティ・ナイト,永火骑士,Infernity Knight
71344451,2,一撃必殺！居合いドロー,一击必杀！居合抽卡,Slash Draw
71345905,2,ＲＤＭ－ヌメロン・フォール,降阶魔法-源数之落,Rank-Down-Magic Numeron Fall
71348837,2,マドルチェ・サロン,魔偶甜点沙龙,Madolche Salon
71353388,1,リード・バタフライ,领头蝴蝶,Reed Butterfly
71384012,1,見習い魔嬢,见习魔娘,Wee Witch's Apprentice
71386411,1,超重武者コブ－Ｃ,超重武者 拳-C,Superheavy Samurai Fist
71395725,1,獣人アレス,兽人 阿瑞斯,Man Beast of Ares
71406430,1,リブロマンサー・デスブローカー,书灵师·死亡经纪人,Libromancer Doombroker
71407486,1,炎の魔神,炎之魔神,Fireyarou
71408082,1,黒竜の聖騎士,黑龙之圣骑士,Paladin of Dark Dragon
71411377,1,女王親衛隊,女王亲卫队,Queen's Bodyguard
71413901,1,魔導戦士 ブレイカー,魔导战士 破坏者,Breaker the Magical Warrior
71415349,1,ハンプティ・ダンディ,花花矮蛋,Humpty Grumpty
71417170,3,ディフェンダーズ・クロス,防御者的相交,Defenders Intersect
71422989,2,吸光融合,吸光融合,Absorb Fusion
71438011,1,Ａ・Ｏ・Ｊ サンダー・アーマー,正义盟军 雷铠兵,Ally of Justice Thunder Armor
71442223,3,方界輪廻,方界轮回,Cubic Rebirth
71453557,2,自律行動ユニット,自律行动装置,Autonomous Action Unit
71456737,1,Ｂ・Ｆ－神事弓のサチ,蜂军-神事弓之幸矢蜂,Battlewasp - Sachi the Ceremonial Bow
71459017,1,禰須三破鳴比,祢须三破鸣比,Hinezumi Hanabi
71459861,2,サモン・ストーム,召唤风暴,Summon Storm
71466592,1,魔力吸収球体,魔力吸收球体,Maryokutai
71490127,2,龍の鏡,龙之镜,Dragon's Mirror
71519605,1,オシャレオン,文色龙,Oshaleon
71521025,1,カクリヨノチザクラ,幽世之血樱,Red Blossoms from Underroot
71525232,1,破滅竜ガンドラＸ,破灭龙 甘多拉·交错,Gandora-X the Dragon of Demolition
71541986,3,エクシーズ・ディメンション・スプラッシュ,超量次元飞溅,Xyz Dimension Splash
71544954,1,メガロック・ドラゴン,巨岩龙,Megarock Dragon
71545247,1,離世召人形,离世召人偶,Cursed Bride Doll
71549257,1,Ｈ・Ｃ ナックル・ナイフ,英豪挑战者 拳套刀兵,Heroic Challenger - Knuckle Sword
71555408,1,剛鬼アイアン・クロー,刚鬼 铁爪手,Gouki Iron Claw
71564150,1,地獄の傀儡魔人,地狱的傀儡魔人,Perditious Puppeteer
71564252,1,ライオウ,雷王,Thunder King Rai-Oh
71578874,1,Ｅｍミラー・コンダクター,娱乐法师 镜子指挥,Performage Mirror Conductor
71583486,1,迷犬メリー,迷犬 小玛栗,Outstanding Dog Mary
71587526,3,因果切断,因果切断,Karma Cut
71594310,1,ジェムナイト・パール,宝石骑士·珍珠,Gem-Knight Pearl
71595845,2,人形の幸福,人偶的幸福,Doll Happiness
71607202,1,魔界特派員デスキャスター,魔界特派员 死亡主播,Muckraker From the Underworld
71612253,1,ＤＤＤ狙撃王テル,DDD 狙击王 退尔,D/D/D Marksman King Tell
71614230,1,ケンドウ魂 ＫＡＩ－ＤＥＮ,剑道魂 皆传,Kai-Den Kendo Spirit
71616908,1,ジェムナイト・アメジス,宝石骑士·紫晶,Gem-Knight Amethyst
71620241,1,Ａ宝玉獣 サファイア・ペガサス,高等宝玉兽 青玉飞马,Advanced Crystal Beast Sapphire Pegasus
71625222,1,時の魔術師,时间魔术师,Time Wizard
71628381,1,マルチ・ピース・ゴーレム,多块石人,Multiple Piece Golem
71645242,2,ブラック・ガーデン,黑色花园,Black Garden
71650854,2,半魔導帯域,半魔导带域,Magical Mid-Breaker Field
71652522,3,バトル・テレポーテーション,战斗瞬间移动,Battle Teleportation
71692913,1,相克の魔術師,相克之魔术师,Xiangke Magician
71696014,1,マジシャンズ・ローブ,魔术师之袍,Magician's Robe
71703785,1,守護神官マハード,守护神官 马哈德,Palladium Oracle Mahad
71705144,2,ＥＭキャスト・チェンジ,娱乐伙伴阵容更换,Performapal Recasting
71717923,1,モーム,摩门,Mormolith
71734607,1,六花のひとひら,六花的一瓣,Rikka Petal
71736213,1,花騎士団の駿馬,花骑士团的骏马,Horse of the Floral Knights
71746462,1,シーカーメン,深海切割手,Sea Kamen
71750854,1,ボンバー・プレイス,炸弹数独家,Bomber Place
71759912,1,ラッコアラ,海獭树熊,Tree Otter
71768839,1,侵略的外来種－Ｉ.Ａ.Ｓ,侵略外来种-I.A.S,I.A.S. -Invasive Alien Species-
71782404,3,レッドアイズ・バーン,真红眼烧灭,Red-Eyes Burn
71786742,1,ギアギアーノ,齿轮齿轮人,Geargiano
71791814,1,魔弾の射手 マックス,魔弹射手 马克斯,Magical Musketeer Max
71797713,1,エレメントセイバー・ウィラード,元素灵剑士·金光,Elementsaber Lapauila Mana
71799173,1,ガーディアン・オブ・オーダー,秩序守护者,Guardian of Order
71817640,2,ドラゴニックＰ,龙神阵·灵摆,Dragonic Pendulum
71818935,1,閉ザサレシ天ノ月,闭锁天之月,Moon of the Closed Heaven
71821687,1,使神官－アスカトル,使神官-赤蚁,"Ascator, Dawnwalker"
71829750,1,ナーガ,纳迦,Serpentine Princess
71832012,2,六世壊＝パライゾス,六世坏-天魔世界,Pressured Planet Wraitsoth
71858682,1,騎士皇アークシーラ,骑士皇 奥克西拉,Centur-Ion Auxila
71861848,1,転生炎獣コヨーテ,转生炎兽 郊狼,Salamangreat Coyote
71863024,1,ＥＭラディッシュ・ホース,娱乐伙伴 萝卜马,Performapal Radish Horse
71867500,2,ドラゴン・復活の狂奏,龙复活狂奏,Dragon Revival Rhapsody
71870152,1,フォーチュンレディ・ファイリー,命运女郎·菲莉,Fortune Lady Fire
71880877,1,ＳＤロボ・モンキ,超级防卫机器人·猴斗士,Super Defense Robot Monki
71921856,1,Ｎｏ.７９ ＢＫ 新星のカイザー,No.79 燃烧拳击手 新星之帝环拳士,Number 79: Battlin' Boxer Nova Kaiser
71923655,1,シャークラーケン,触腕鲨,Sharkraken
71930383,1,パトロイド,警车机人,Patroid
71934924,3,疾風！凶殺陣,疾风！凶杀阵,Swift Samurai Storm!
71939275,2,死霊の残像,死灵的残像,Spirit Illusion
71948047,3,ＲＥＩＮＦＯＲＣＥ！,R增强！,REINFORCE!
71950093,1,シャベル・クラッシャー,铁铲粉碎机,Shovel Crusher
71971554,1,ロード・シンクロン,王道同调士,Road Synchron
71978434,1,深海のミンストレル,深海吟游诗人,Deep Sea Minstrel
71983925,3,魔法封印の呪符,魔法封印咒符,Talisman of Spell Sealing
71985676,1,ＥＭバリアバルーンバク,娱乐伙伴 障碍气球貘,Performapal Inflater Tapir
72006609,1,明星の機械騎士,明星之机械骑士,Mekk-Knight of the Morning Star
72022087,3,自由解放,自由解放,Liberty at Last!
72029628,3,廃石融合,废石融合,Fragment Fusion
72043279,2,覇王城,霸王城,Supreme King's Castle
72044448,2,破滅のフォトン・ストリーム,破灭之光子流,Photon Stream of Destruction
72053645,1,ウェザー・レポート,气象报告员,Weather Report
72056560,1,ジェムナイト・アンバー,宝石骑士·琥珀,Gem-Knight Amber
72060415,2,深海のアリア,深海咏叹调,Deep Sea Aria
72064891,1,魔道騎竜カース・オブ・ドラゴン,魔道骑龙 诅咒之龙,"Curse of Dragon, the Magical Knight Dragon"
72076281,1,バット,机械蝙蝠,Bat
72083436,2,天馬の翼,天马之翼,Pegasus Wing
72090076,1,ネメシス・コリドー,星义绿廊兽,Nemeses Corridor
72129804,2,捕食生成,捕食生成,Predaplast
72142276,2,炎熱伝導場,炎热传导场,Molten Conduction Field
72144675,1,トラファスフィア,对流气圈鸟,Troposphere
72150572,3,融合体駆除装置,融合体驱除装置,Anti-Fusion Device
72167543,1,ダウナード・マジシャン,扫兴书呆魔术师,Downerd Magician
72171665,1,魔導闇商人,魔导暗商人,Magical Broker
72181263,1,ＤＤオルトロス,DD 俄耳托斯,D/D Orthros
72192100,1,デスルークデーモン,死亡城堡恶魔,Desrook Archfiend
72204747,2,オーバー・デステニー,超越命运,Over Destiny
72218246,1,クロスローズ・ドラゴン,交错蔷薇龙,Crossrose Dragon
72228247,1,マギアス・パラディオン,魔导之圣像骑士,Crusadia Magius
72233469,2,リィラップ,璃拉说唱,Lil-la Rap
72237166,1,カイザー・サクリファイス,帝王的牲祭,Samsara Kaiser
72238166,1,ノード・ライゼオル,节式阳极雷火沸动机,Node Ryzeal
72246674,1,剣闘獣ダレイオス,剑斗兽 骏斗,Gladiator Beast Dareios
72258771,1,コアキメイル・ヴァラファール,核成魔神 华拉法,Koa'ki Meiru Valafar
72269672,1,ストーン・ゴースト,岩石幽灵,Stone Ghost
72270339,1,黒魔女ディアベルスター,黑魔女 迪亚贝尔斯塔尔,Diabellstar the Black Witch
72272462,1,デスピアン・クエリティス,死狱乡演员·奎里蒂斯,Despian Quaeritis
72278479,3,ブラック・リターン,黑翼返回,Black Return
72283691,2,シュトロームベルクの金の城,急流山的金宫,Golden Castle of Stromberg
72287557,3,ヘル・ポリマー,地狱聚合体,Chthonian Polymer
72291078,1,幻獣機オライオン,幻兽机 猎户座飞狮,Mecha Phantom Beast O-Lion
72291412,1,ＤＤネクロ・スライム,DD 死灵史莱姆,D/D Necro Slime
72299832,1,機械の巨兵,机械巨兵,Giant Mech-Soldier
72302403,2,光の護封剣,光之护封剑,Swords of Revealing Light
72305034,1,重起士道－ゴルドナイト,重起士道-金骑士,Geminize Lord Golknight
72309040,1,最果てのゴーティス,最远方的魊影,Ghoti of the Deep Beyond
72318602,1,レッド・ガードナー,红莲守卫者,Red Gardna
72323266,1,地縛囚人 ストーン・スィーパー,地缚囚人 石块清扫者,Earthbound Prisoner Stone Sweeper
72328962,1,魔轟神ソルキウス,魔轰神 索尔基乌斯,Fabled Soulkius
72329844,1,スプライト・スプリンド,卫星闪灵迅妖龙炮,Spright Sprind
72330894,1,王神鳥シムルグ,王神鸟 斯摩夫,"Simorgh, Bird of Sovereignty"
72332074,2,超量必殺アルファンボール,超级量子必杀 阿尔方球,Super Quantal Alphan Spike
72336818,1,ペンテスタッグ,渗透测试锹甲,Pentestag
72345736,2,六武衆の結束,六武众的团结,Six Samurai United
72355272,1,メタファイズ・ネフティス,玄化奈芙提斯,Metaphys Nephthys
72355441,2,エクシーズ・ギフト,超量礼物,Xyz Gift
72370114,1,ギアギアタッカー,齿轮齿轮攻击人,Geargiattacker
72378329,1,ビーストアイズ・ペンデュラム・ドラゴン,野兽眼灵摆龙,Beast-Eyes Pendulum Dragon
72386290,2,儀水鏡の集光,仪水镜的集光,Focused Aquamirror
72402069,1,ＤＤＤ超死偉王ホワイテスト・ヘル・アーマゲドン,DDD 超死伟王 白地狱终末神,D/D/D Super Doom King Bright Armageddon
72403299,1,リチュア・ディバイナー,遗式占卜师,Gishki Diviner
72405967,2,王家の生け贄,王家的牲祭,Royal Tribute
72409226,1,マテリアクトル・エクサガルド,原质炉艾可萨世界蛇,Materiactor Exagard
72413000,1,ファーニマル・ウィング,毛绒动物之翼,Fluffal Wings
72426662,1,終焉の王デミス,终焉之王 迪米斯,"Demise, King of Armageddon"
72427512,1,擬態する人喰い虫,拟态的食人虫,Mimicking Man-Eater Bug
72429240,1,ヴェルズ・オランタ,入魔鬼灯人,Evilswarm O'lantern
72439556,1,ガスタの希望 カムイ,薰风的希望 神威,"Kamui, Hope of Gusto"
72443568,1,サイレント・マジシャン ＬＶ８,沉默魔术师 LV8,Silent Magician LV8
72444406,1,エニグマスター・パックビット,谜式密码大师·紧缩位压缩员,Enigmaster Packbit
72446038,2,合成魔術,合成魔术,Synthesis Spell
72453068,3,ロスタイム,伤停补时,Loss Time
72490637,2,ダウジング・フュージョン,探物融合,Dowsing Fusion
72491806,1,Ｕ.Ａ.ファンタジスタ,超级运动员 九号半球员,U.A. Midfielder
72497366,3,悪魔の憑代,恶魔的凭代,Sinister Yorishiro
72498838,1,結晶の大賢者サンドリヨン,结晶之大贤者 桑德里永,"Rilliona, the Magistus of Verre"
72502414,1,エクシーズ・エージェント,超量谍报士,Xyz Agent
72520073,1,闇の芸術家,暗之艺术家,Dark Artist
72529749,1,トポロジック・トゥリスバエナ,拓扑三叶双头蛇,Topologic Trisbaena
72537897,2,魔獣の懐柔,魔兽的怀柔,Obedience Schooled
72549351,2,ドラゴニック・タクティクス,龙棋战术,Dragonic Tactics
72554664,2,烙印の光,烙印之光,Light of the Branded
72554862,1,ウォークライ・スキーラ,战吼斗士·丝姬拉,War Rock Skyler
72563071,3,サイコ・ショックウェーブ,念力震撼波,Psychic Shockwave
72566043,1,リトマスの死の剣士,石蕊之死剑士,Litmus Doom Swordsman
72575145,2,降格処分,降格处分,Demotion
72578374,1,空隙の原星竜,空隙之原星龙,Khaos Starsource Dragon
72580321,1,ブロック・ゴーレム,积木巨人,Block Golem
72589042,1,煌々たる逆転の女神,辉煌的逆转之女神,Goddess of Sweet Revenge
72621670,3,ダブルマジックアームバインド,二重魔术臂束缚,Double Magical Arm Bind
72630549,1,カオス・マジシャン,混沌魔导师,Chaos Command Magician
72631243,1,エナジー・ブレイブ,能量勇士,Energy Bravery
72634965,1,虚無の統括者,虚无之统括者,Vanity's Ruler
72648577,3,ＤＤＤの人事権,DDD的人事权,D/D/D Human Resources
72648810,3,揺るがぬ絆,不可动摇的牵绊,Unwavering Bond
72656408,1,深淵の獣バルドレイク,深渊之兽 巴尔德鸟龙兽,Bystial Baldrake
72657739,1,怨念のキラードール,怨念之杀人人偶,Malice Doll of Demise
72664875,1,暗黒方界邪神クリムゾン・ノヴァ・トリニティ,暗黑方界邪神 深红之挪婆·三神一体,Crimson Nova Trinity the Dark Cubic Lord
72677437,1,毒蛇王ヴェノミノン,毒蛇王 维诺米隆,Vennominon the King of Poisonous Snakes
72700231,1,氷の魔妖－雪娘,冰之魔妖-雪娘,"Yuki-Musume, the Ice Mayakashi"
72705654,1,時空の雲篭,时空云笼,Tachyon Cloudragon
72708264,1,ＥＭボットアイズ・リザード,娱乐伙伴 机械眼蜥蜴,Performapal Bot-Eyes Lizard
72709014,2,王女の試練,王女的试炼,Trial of the Princesses
72710085,2,星邪の神喰,星邪的神食,Jewels of the Valiant
72714226,1,アサルト・ガンドッグ,突击枪犬,Assault Dog
72714392,1,ＢＦ－大旆のヴァーユ,黑羽-大旆之伐由,Blackwing - Vayu the Emblem of Honor
72714461,1,慧眼の魔術師,慧眼之魔术师,Wisdom-Eye Magician
72717433,1,ドール・モンスター ガールちゃん,人偶怪兽 小姑娘,Doll Monster Miss Mädchen
72767833,2,カード・フリッパー,卡片反转者,Card Rotator
72772445,2,トラミッド・キングゴレム,三形金字塔·巨人王,Triamid Kingolem
72776252,2,氷水大剣現,冰水大剑现,Icejade Manifestation
72782945,1,ＯＴｏＮａＲｉサンダー,雷电邻居,Otonari Thunder
72813401,1,ＨＳＲ－ＧＯＭガン,高速疾行机人 GOM枪,Hi-Speedroid Rubber Band Shooter
72819261,1,エレメントセイバー・マロー,元素灵剑士·日炙,Elementsaber Malo
72837335,1,先史遺産ゴルディアス・ユナイト,先史遗产 戈耳狄俄斯结合体,Chronomaly Gordian Knot
72842870,1,タイホーン,大炮鸟,Tyhone
72843899,1,Ａ宝玉獣 トパーズ・タイガー,高等宝玉兽 黄玉虎,Advanced Crystal Beast Topaz Tiger
72845813,1,Ａ・Ｏ・Ｊ Ｄ.Ｄ.チェッカー,正义盟军 D.D.阻隔虫,Ally of Justice Quarantine
72855441,1,青き眼の護人,青色眼睛的护人,Protector with Eyes of Blue
72859417,2,ＬＬ－バード・サンクチュアリ,抒情歌鸲-护鸟圣域,Lyrilusc - Bird Sanctuary
72860663,1,ヴァンパイア・ファシネイター,吸血鬼魅惑者,Vampire Fascinator
72869010,1,ソウル・ハンター,狩魂魔人,Soul Hunter
72880377,1,ブラック・ホール・ドラゴン,黑洞龙,Dark Hole Dragon
72881007,2,宝玉の氾濫,宝玉的泛滥,Crystal Abundance
72883039,3,無限光アイン・ソフ・オウル,无限光,Infinite Light
72885174,3,フォーチュン・スリップ,命运旅行,Slip of Fortune
72892473,2,手札抹殺,手札抹杀,Card Destruction
72896720,1,インフェルニティ・デス・ドラゴン,永火死亡龙,Infernity Doom Dragon
72903645,1,マグナ・スラッシュドラゴン,巨刃斩龙,Magna-Slash Dragon
72913666,1,ゴーストリック・ワーウルフ,鬼计狼人,Ghostrick Warwolf
72924435,1,瓔珞帝華－ペリアリス,璎珞帝华-帝王贝母,"Periallis, Empress of Blossoms"
72926163,1,Ｅ・ＨＥＲＯ ネオス・ナイト,元素英雄 新宇骑士,Elemental HERO Neos Knight
72929454,1,タートル・バード,龟鸟,Turtle Bird
72930878,3,ブラック・ソニック,黑翼音速,Black Sonic
72932673,2,アビスケイル－ミヅチ,深渊鳞甲-蛟龙,Abyss-scale of the Mizuchi
72957245,2,魔救の息吹,魔救之息吹,Adamancipator Signs
72959823,1,重装機甲 パンツァードラゴン,重装机甲 装甲车龙,Panzer Dragon
72971064,1,ＬＬ－アンサンブルー・ロビン,抒情歌鸲-合唱小琉璃,Lyrilusc - Ensemblue Robin
72989439,1,カオス・ソルジャー －開闢の使者－,混沌战士 -开辟的使者-,Black Luster Soldier - Envoy of the Beginning
72992744,1,ジェスター・ロード,小丑王,Jester Lord
73001017,1,シルフィード,希尔菲德,Silpheed
73018302,1,黒羽を狩る者,狩猎黑色羽翼者,Hunter of Black Feathers
73026394,3,フュージョン・ガード,融合防御,Fusion Guard
73040500,1,魔轟神ウルストス,魔轰神 乌尔史特斯,Fabled Urustos
73046708,2,アーマード・エクシーズ,铠装超量,Armored Xyz
73048641,2,ハーフ・シャット,半封,Half Shut
73051941,1,サンド・ストーン,沙石怪,Sand Stone
73055622,2,霊魂の降神,灵魂的降神,Shinobird's Calling
73061465,1,氷結界の封魔団,冰结界的封魔团,Spellbreaker of the Ice Barrier
73079365,3,突風,突风,Gust
73079836,1,魔救の奇跡－ラプタイト,魔救之奇迹-猛禽晶石,Adamancipator Risen - Raptite
73081602,1,クイーン・バード,女王鸟,Queen Bird
73082255,1,真血公ヴァンパイア,真血公 吸血鬼,The Zombie Vampire
73104892,1,いろはもみじ,伊吕波红叶,Maple Maiden
73121813,1,天威龍－ムーラ・アーダラ,天威龙-根轮纯真蟠龙,Tenyi Spirit - Mula Adhara
73125233,1,風帝ライザー,风帝 莱扎,Raiza the Storm Monarch
73129314,1,魂宿りし暗黒騎士ガイア,宿魂的暗黑骑士 盖亚,Soul of Gaia the Fierce Knight
73130445,1,ＥＭリザードロー,娱乐伙伴 抽卡蜥蜴,Performapal Lizardraw
73134081,2,火あぶりの刑,火刑,Final Flame
73136204,1,森羅の渡し守 ロータス,森罗的渡守 莲花,Sylvan Lotuswain
73146473,1,クロス・ポーター,交叉搬运员,Cross Porter
73148972,2,無情の抹殺,无情的抹杀,Ruthless Denial
73167098,1,アロマリリス－マグノリア,芳香莉莉丝-木兰,Aromalilith Magnolia
73176465,1,ライトロード・アーチャー フェリス,光道弓手 费莉丝,"Felis, Lightsworn Archer"
73178098,2,虚栄巨影,虚荣巨影,Ego Boost
73192600,3,星遺物の対焉,星遗物的对焉,World Legacy Cliffhanger
73193552,3,革命の御旗,革命的旗帜,Pennant of Revolution
73199638,2,海皇の咆哮,海皇的咆哮,Call of the Atlanteans
73206827,2,光の結界,光之结界,Light Barrier
73213494,1,彼岸の悪鬼 ハックルスパー,彼岸的恶鬼 卡尔卡布里纳,"Calcab, Malebranche of the Burning Abyss"
73216412,1,ワームドレイク,鳞虫,Worm Drake
73218989,1,ブラックフェザー・アサルト・ドラゴン,黑翼强袭龙,Black-Winged Assault Dragon
73219648,1,ヘルポーンデーモン,地狱兵卒恶魔,Vilepawn Archfiend
73239437,2,ダブルヒーローアタック,二重英雄攻击,Double Hero Attack
73240432,1,エッジインプ・コットン・イーター,锋利小鬼·棉花吞噬者,Edge Imp Cotton Eater
73244186,2,貪欲なウツボ,贪欲之海鳝壶,Moray of Avarice
73262676,2,「Ａ」細胞散布爆弾,「A」细胞散布爆弹,"""A"" Cell Scatter Burst"
73271204,2,札再生,札再生,Recardination
73275815,2,リンケージ・ホール,连接洞,Link Hole
73285669,1,剣闘獣エセダリ,剑斗兽 车斗,Gladiator Beast Essedarii
73287067,2,リンク・バースト,连接爆发,Link Burst
73289035,1,武神帝－ツクヨミ,武神帝-月读,Bujintei Tsukuyomi
73304257,1,獣王アルファ,兽王 阿尔法,"Alpha, the Master of Beasts"
73309655,1,清冽の水霊使いエリア,清冽之水灵使 艾莉娅,"Eria the Water Charmer, Gentle"
73318863,1,光霊使いライナ,光灵使 莱娜,Lyna the Light Charmer
73333463,1,アーマロイドガイデンゴー,战甲机人 铠电合,Armoroid
73341839,1,ショートヴァレル・ドラゴン,短枪管龙,Miniborrel Dragon
73345237,1,廻生のベンガランゼス,回生之铁丹尼拘律树,Benghalancer the Resurgent
73347079,1,ＲＲ－フォース・ストリクス,急袭猛禽-武力林鸮,Raidraptor - Force Strix
73355951,3,魔法名－「解体し統合せよ」,魔法名-「解体与统合」,Alpha Summon
73356503,1,烈風の結界像,烈风之结界像,Barrier Statue of the Stormwinds
73359475,1,聖騎士パーシヴァル,圣骑士 珀西瓦尔,Noble Knight Peredur
73360025,2,魔神王の契約書,魔神王的契约书,Dark Contract with the Swamp King
73391962,1,告死聖徒ルシエラーゴ,告死圣徒 嗜血蝠鬼,Azamina Mu Rcielago
73398797,1,白竜の聖騎士,白龙之圣骑士,Paladin of White Dragon
73405179,1,鉄の騎士,铁骑士,Iron Knight
73413514,1,夢幻吸収体,梦幻吸收体,Neverending Nightmare Absorber
73414375,1,ディメンション・ポッド,次元壶,Dimension Jar
73417207,1,極星霊スヴァルトアールヴ,极星灵 黑精灵,Mara of the Nordic Alfar
73421698,1,ゴーティスの妖精シフ,魊影的妖精 希夫,"Shif, Fairy of the Ghoti"
73422829,1,超量士ホワイトレイヤー,超级量子战士 白光层,Super Quantum White Layer
73428497,1,ギアギアーセナル,齿轮齿轮武库人,Geargiarsenal
73431236,1,名工 虎鉄,名工 虎铁,Iron Blacksmith Kotetsu
73445448,1,Ｎｏ.２２ 不乱健,No.22 不乱健,Number 22: Zombiestein
73452089,1,超魔導騎士－ブラック・キャバルリー,超魔导骑士-黑魔导骑兵,Dark Cavalry
73468603,2,盆回し,舞台旋转,Set Rotation
73478096,1,フォトン・エンペラー,光子皇帝,Photon Emperor
73481154,1,破壊のゴーレム,破坏的石人,Destroyer Golem
73483491,1,レアル・ジェネクス・ヴィンディカイト,真次世代风筝,Vindikite R-Genex
73490417,1,密林に潜む者,密林的潜伏者,Jungle Dweller
73507661,3,妖精の風,妖精之风,Fairy Wind
73511233,1,ＥＭユーゴーレム,娱乐伙伴 U合石人,Performapal U Go Golem
73534250,1,ＢＦ－逆巻のトルネード,黑羽-逆卷之托纳多,Blackwing - Tornado the Reverse Wind
73539069,1,ストライカー・ドラゴン,主动撞针龙,Striker Dragon
73542331,1,クシャトリラ・シャングリラ,俱舍怒威族的香格里拉茧,Kashtira Shangri-Ira
73544866,1,ガーディアン・バオウ,守护者·巴奥,Guardian Baou
73551138,1,リチュア・エミリア,遗式术师·艾米莉娅,Gishki Emilia
73558460,2,サイバネット・リカバー,电脑网恢复,Cynet Recovery
73567374,2,フォース・リリース,力量解放,Unleash Your Power!
73574678,1,アマゾネスの吹き矢兵,亚马逊吹箭兵,Amazoness Blowpiper
73575650,3,サブテラーの継承,地中族的继承,Subterror Succession
73578229,3,ポールポジション,杆位,Pole Position
73580471,1,ブラック・ローズ・ドラゴン,黑蔷薇龙,Black Rose Dragon
73594093,2,錬装融合,炼装融合,Metalfoes Fusion
73599290,3,ソウルドレイン,灵魂抽取,Soul Drain
73602965,1,白銀の城の執事 アリアス,白银之城的执事 阿里亚斯,Arias the Labrynth Butler
73616671,2,イリュージョン・マジック,幻像魔法,Illusion Magic
73625877,1,タイム・エスケーパー,时间逃脱者,Time Escaper
73628505,2,テラ・フォーミング,星球改造,Terraforming
73632127,3,ディメンション・スライド,次元崩落,Dimension Slice
73639099,1,セラの蟲惑魔,塞拉之虫惑魔,Traptrix Sera
73640163,1,ペンギン僧侶,企鹅僧侣,Penguin Cleric
73642296,1,屋敷わらし,屋敷童,Ghost Belle & Haunted Mansion
73648243,1,サンドモス,沙沼怪,Sand Moth
73652465,1,ＢＦ－突風のオロシ,黑羽-突风之颪,Blackwing - Oroshi the Squall
73659078,1,スノーダスト・ジャイアント,雪尘巨人,Snowdust Giant
73664385,2,結晶魔術 光の涙,结晶魔术 光之泪,Verre Magic - Lacrima of Light
73665146,1,サイレント・マジシャン ＬＶ４,沉默魔术师 LV4,Silent Magician LV4
73667937,1,ＷＷ－ダイヤモンド・ベル,风魔女-钻石钟,Windwitch - Diamond Bell
73680966,2,終わりの始まり,终结之始,The Beginning of the End
73694478,3,転生の超戦士,转生的超战士,Super Soldier Rebirth
73698349,1,ジャイアント・オーク,巨大兽人,Giant Orc
73702909,1,リトルトルーパー,小骑兵,Little Trooper
73714736,2,炎の剣域,炎之剑域,Flame Swordsrealm
73729209,3,スキル・サクセサー,技能继承,Skill Successor
73734821,1,ＥＭスカイ・マジシャン,娱乐伙伴 天空魔术家,Performapal Sky Magician
73752131,1,熟練の黒魔術師,熟练的黑魔术师,Skilled Dark Magician
73776643,1,オヤコーン,亲子玉米,Papa-Corn
73778008,1,深海の怒り,深海之怒,Rage of the Deep Sea
73779005,1,ドラコニアの獣竜騎兵,德拉科尼亚的兽龙骑兵,Dragoons of Draconia
73783043,1,レアル・ジェネクス・アクセラレーター,真次世代加速器,R-Genex Accelerator
73787254,2,セイバー・ヴォールト,剑窖,Saber Vault
73810864,1,Ｌｉｖｅ☆Ｔｗｉｎ リィラ,直播☆双子 璃拉,Live☆Twin Lil-la
73820802,3,鬼くじ,鬼签,Onikuji
73828446,2,ＳＰＹＲＡＬ ＧＥＡＲ－エクストラアームズ,秘旋谍装备-特级臂甲,SPYRAL GEAR - Fully Armed
73837870,1,サニー・ピクシー,阳光妖精,Sunny Pixie
73853830,1,クルセイダー・オブ・エンディミオン,恩底弥翁的十字军,Crusader of Endymion
73860462,3,ワンダー・エクシーズ,奇妙超量,Wonder Xyz
73866096,2,ドドドドロー,怒怒怒抽卡,Dodododraw
73872164,3,お家おとりつぶし,家破人亡,Eliminating the League
73879377,1,アームド・ドラゴン ＬＶ７,武装龙 LV7,Armed Dragon LV7
73881652,3,十二獣の方合,十二兽的方合,Zoodiac Combo
73887236,1,ＲＲ－ライズ・ファルコン,急袭猛禽-起翼猎鹰,Raidraptor - Rise Falcon
73891874,1,ホワイト・ホーンズ・ドラゴン,白角龙,White-Horned Dragon
73898890,1,大儺主水,大傩主水,Dyna Mondo
73899015,1,ヴェノム・スネーク,蛇毒响尾蛇,Venom Snake
73906480,2,武神降臨,武神降临,Bujincarnation
73911410,1,キラー・マシーン,杀人机器,Sword Slasher
73915051,2,スケープ・ゴート,替罪羊,Scapegoat
73936388,1,幻炎の剣士－ミラージュ・ソードマン－,幻炎之剑士,Mirage Swordsman
73941492,1,調弦の魔術師,调弦之魔术师,Harmonizing Magician
73956664,1,ティアラメンツ・レイノハート,珠泪哀歌族·雷诺哈特,Tearlaments Reinoheart
73964868,1,セイクリッド・プレアデス,星圣·昴星团,Constellar Pleiades
73977033,1,ＲＲ－ブースター・ストリクス,急袭猛禽-推进林鸮,Raidraptor - Booster Strix
73979030,1,相愛のアンブレカム,相爱之彗星兰伞,Angraecum Umbrella
73988674,3,三位一択,三位一择,Tri-and-Guess
74003290,3,迷い風,迷途风,Lost Wind
74009824,1,エルシャドール・ウェンディゴ,神影依·文迪戈,El Shaddoll Wendigo
74010769,1,陽炎獣 グリプス,阳炎兽 狮鹫,Hazy Flame Griffin
74011784,2,アルトメギア・バーニッシュ－改変－,神艺学的消失-改变-,Artmage Banish - Change
74018812,1,白銀の城の火吹炉,白银之城的火吹炉,Labrynth Stovie Torbie
74029853,2,黄金色の竹光,黄金色的竹光,Golden Bamboo Sword
74055055,2,石油採掘,石油采掘,Oil
74063034,2,召喚魔術,召唤魔术,Invocation
74064212,1,ヴァイロン・プリズム,大日棱柱体,Vylon Prism
74069667,1,ＤＤＤ壊薙王アビス・ラグナロク,DDD 坏薙王 深渊末日神,D/D/D Oblivion King Abyss Ragnarok
74078255,1,ティアラメンツ・メイルゥ,珠泪哀歌族·梅洛人鱼,Tearlaments Merrli
74093656,1,チューン・ウォリアー,调整战士,Tune Warrior
74094021,1,真六武衆－ミズホ,真六武众-瑞穂,Legendary Six Samurai - Mizuho
74095602,3,英雄変化－リフレクター・レイ,英雄变化-反光体,Change of Hero - Reflector Ray
74100225,3,進化の特異点,进化的特异点,Evo-Singularity
74115234,2,八尺勾玉,八尺勾玉,Orb of Yasaka
74117290,2,暗黒界の取引,暗黑界的取引,Dark World Dealings
74122412,1,グングニールの影霊衣,天枪龙之影灵衣,Nekroz of Gungnir
74130411,1,バイオファルコン,生化猎鹰,Biofalcon
74131780,1,ならず者傭兵部隊,流氓佣兵部队,Exiled Force
74137509,2,天使のサイコロ,天使的骰子,Graceful Dice
74139959,1,星界樹イルミスティル,星界树 伊尔明耀星树,Cosmic Tree Irmistil
74148483,1,インフェルニティ・ワイルドキャット,永火野猫,Infernity Wildcat
74150658,1,タロンズ・オブ・シュリーレン,纹影魔爪,Talons of Shurilane
74153887,1,黒蠍－棘のミーネ,黑蝎-荆棘的美奈,Dark Scorpion - Meanae the Thorn
74157028,1,サイバー・ツイン・ドラゴン,电子双生龙,Cyber Twin Dragon
74163487,1,レストレーション・ポイントガード,还原点控球后卫,Restoration Point Guard
74168099,1,炎星侯－ホウシン,炎星侯-马信,Brotherhood of the Fire Fist - Horse Prince
74169516,1,千年の宝を守りしゴーレム,守护千年珍宝的石人,Golem that Guards the Millennium Treasures
74191528,2,運命の一枚,命运之一枚,Card of Fate
74191942,2,苦渋の選択,苦涩的选择,Painful Choice
74202664,3,一か八か,赌一赌八,One or Eight
74203495,1,ＰＳＹフレームギア・δ,PSY骨架装备·δ,PSY-Framegear Delta
74210057,1,テクスチェンジャー,纹理转换蛙,Texchanger
74213995,2,バーバリアン・エコーズ,野蛮人回声阵,Battleguard Echoes
74218258,3,虹の天気模様,虹之天气模样,The Weather Rainbowed Canvas
74270067,3,ピケルの魔法陣,绒儿的魔法阵,Pikeru's Circle of Enchantment
74277583,1,ブレイブ・シザー,剪刀勇士,Brave Scizzar
74289646,1,犀子の王様,犀子国王,Royal Rhino with Deceitful Dice
74294676,1,エヴォルカイザー・ラギア,进化帝·半鸟龙,Evolzar Laggia
74298287,1,水精鱗－アビスディーネ,水精鳞-深渊蒂妮,Mermail Abyssdine
74311226,1,海皇の竜騎隊,海皇的龙骑队,Atlantean Dragoons
74329404,2,Ｄ－フォーメーション,D-构成,D - Formation
74364659,1,水霊使いエリア,水灵使 艾莉娅,Eria the Water Charmer
74367458,1,ガーディアン・エルマ,守护者·艾尔玛,Guardian Elma
74371660,1,水精鱗－ガイオアビス,水精鳞-撼地深渊王,Mermail Abyssgaios
74387963,1,ＤＤエクストラ・サーベイヤー,DD 额外测量员,D/D Extra Surveyor
74388798,1,サイレント・ソードマン ＬＶ５,沉默剑士 LV5,Silent Swordsman LV5
74393852,1,十二獣ワイルドボウ,十二兽 猪弓,Zoodiac Boarbow
74402414,2,マジック・クロニクル,魔法年代记,Spell Chronicle
74414885,3,ＮＥＸＴ,新空间扩界,NEXT
74416026,3,デストーイ・マーチ,魔玩具行进,Frightfur March
74416224,1,ブラック・レイ・ランサー,黑鳍条枪兵,Black Ray Lancer
74426895,1,憑依覚醒－ガギゴバイト,凭依觉醒-魔义豪灵蜥,Awakening of the Possessed - Gagigobyte
74431740,3,バスター・リブート,爆裂再起,Assault Reboot
74439492,2,スクラップ・ポリッシュ,废铁抛光,Scrap Sheen
74440055,1,サボウ・ファイター,小仙人掌斗士,Cactus Fighter
74458486,3,援護射撃,援护射击,Covering Fire
74506079,1,ワーム・ゼロ,异虫·零,Worm Zero
74509280,1,Ｓｉｎ パラレルギア,罪 平行齿轮,Malefic Parallel Gear
74519184,2,手札断殺,手札断杀,Hand Destruction
74530899,1,時械神メタイオン,时械神 梅塔伊恩,"Metaion, the Timelord"
74567889,1,ダークインファント＠イグニスター,暗幼童@火灵天星,Dark Infant @Ignister
74576482,1,コアキメイル・シーパンサー,核成海豹,Koa'ki Meiru Sea Panther
74577599,3,ホールティアの蟲惑魔,破洞露蒂亚之虫惑魔,Traptrix Holeutea
74578720,1,クロノダイバー・タイムレコーダー,时间潜行者考勤机蝶,Time Thief Chronocorder
74580251,2,セフィラの神意,神数的神意,Zefra Providence
74582050,3,ダイナミスト・エラプション,雾动机龙喷发,Dinomist Eruption
74583607,1,ＤＤＤ烈火王テムジン,DDD 烈火王 铁木真,D/D/D Flame King Genghis
74586817,1,ＰＳＹフレームロード・Ω,PSY骨架王·Ω,PSY-Framelord Omega
74591968,1,ミスティック・ソードマン ＬＶ４,谜之剑士 LV4,Mystic Swordsman LV4
74593218,1,Ｈ－Ｃ クサナギ,英豪冠军 草薙剑王,Heroic Champion - Kusanagi
74605254,1,ＤＤ魔導賢者ガリレイ,DD 魔导贤者 伽利莱,D/D Savant Galilei
74611888,3,手のひら返し,翻脸不认人,Turnabout
74615388,1,影の王 レイヴァーテイン,影界王战 雷瓦汀王,"Laevatein, Generaider Boss of Shadows"
74627016,1,ＴＧ タンク・ラーヴァ,科技属 坦克幼虫,T.G. Tank Grub
74637266,1,オクトバーサー,章鱼怪,Octoberser
74640994,3,サブテラーの決戦,地中族的决战,Subterror Final Battle
74641045,1,マドルチェ・プディンセス,魔偶甜点·布丁公主,Madolche Puddingcess
74644400,1,サイキック・リフレクター,念动力反射者,Psi-Reflector
74652966,1,コード・オブ・ソウル,炽魂代码人,Code of Soul
74657662,2,ヴァイロン・マテリアル,大日素材,Vylon Material
74659582,1,神碑の鬣スレイプニル,神碑之鬣 史莱普尼尔,Sleipnir the Runick Mane
74665651,2,聖光の夢魔鏡,圣光之梦魔镜,Dream Mirror of Joy
74677422,1,真紅眼の黒竜,真红眼黑龙,Red-Eyes Black Dragon
74689476,1,結晶の魔女サンドリヨン,结晶之魔女 桑德里永,"Rilliona, the Wondrous Magistus Witch Wardrobe"
74694807,2,再融合,再融合,Re-Fusion
74701381,3,ＤＮＡ改造手術,DNA改造手术,DNA Surgery
74703140,1,裁きの鷹,裁决之鹰,Punished Eagle
74711057,1,Ｅ・ＨＥＲＯ ジ・アース,元素英雄 地球侠,Elemental HERO Terra Firma
74713516,1,暗黒のミミック ＬＶ１,暗黑之宝箱怪 LV1,Dark Mimic LV1
74715061,1,ストライピング・パートナー,条带化伙伴犬,Striping Partner
74717840,2,ランドオルスのヒカリゴケ,地龟的光藓,Landoise's Luminous Moss
74725513,1,ホルスの加護－ケベンセヌフ,荷鲁斯的加护-凯布山纳夫,"Qebehsenuef, Protection of Horus"
74728028,2,エクシーズ・レセプション,超量应接,Xyz Reception
74730899,1,燃料電池メン,燃料电池人,Batteryman Fuel Cell
74733322,2,神芸学都アルトメギア,神艺学都 神艺学园,Artmage the Academy City of Divine Arts
74741494,2,能力調整,能力调整,Level Tuning
74752631,1,六武衆の軍大将,六武众的军大将,Battle Shogun of the Six Samurai
74762582,1,サブテラーの妖魔,地中族妖魔,Subterror Fiendess
74798297,3,不知火流 才華の陣,不知火流 才华之阵,Shiranui Style Success
74820316,1,宵星の騎士エンリルギルス,宵星之骑士 恩利尔吉尔苏,"Enlilgirsu, the Orcust Mekk-Knight"
74822425,1,エルシャドール・シェキナーガ,神影依·舍金纳迦,El Shaddoll Shekhinaga
74823665,1,インフェルノ,因菲尔诺,Inferno
74825788,2,Ｈ－ヒートハート,H-火热之心,H - Heated Heart
74839123,2,デストーイ・サンクチュアリ,魔玩具圣域,Frightfur Sanctuary
74841885,1,天魔神 インヴィシル,天魔神 因维希尔,Sky Scourge Invicil
74845897,2,真炎の爆発,真炎的爆发,Rekindling
74848038,2,死者転生,死者转生,Monster Reincarnation
74850403,2,星霜のペンデュラムグラフ,星霜之灵摆读阵,Star Pendulumgraph
74852097,1,幻のグリフォン,幻之狮鹫,Phantom Gryphon
74852810,2,オーバーレイ・キャプチャー,叠光捕获,Overlay Capture
74854609,3,ゼクト・コンバージョン,虫装变换,Zekt Conversion
74860293,1,ジャンク・デストロイヤー,废品破坏王,Junk Destroyer
74875003,1,ラーの使徒,太阳神的使徒,Ra's Disciple
74879881,1,ミミックリル,亚克力玩偶怪,Mimikuril
74889525,1,黄金狂エルドリッチ,黄金狂 黄金国巫妖,Eldlich the Mad Golden Lord
74891384,1,魔救の奇石－ラプタイト,魔救之奇石-猛禽晶石,Adamancipator Crystal - Raptite
74892653,1,スターダスト・ウォリアー,星尘战士,Stardust Warrior
74906081,3,睨み統べるスネークアイズ,睨统之蛇眼龙,Startling Stare of the Snake-Eyes
74920585,3,壱世壊に奏でる哀唱,壹世坏奏响的哀唱,Tearlaments Sulliek
74923978,3,強制接収,强制接收,Forced Requisition
74926274,2,ペンデュラム・アライズ,灵摆显现,Pendulum Rising
74936480,1,ダイノルフィア・ステルスベギア,恐啡肽狂龙·乔斯坦伯格隐形翼龙,Dinomorphia Stealthbergia
74937659,1,サブテラーマリスの妖魔,地中族邪界妖魔,Subterror Behemoth Fiendess
74941992,1,月の魔術師,月之魔术师,Moon Magician
74952447,1,かつて神と呼ばれた亀,曾被称为神的龟,Testudo erat Numen
74968065,1,ヘカテリス,赫卡忒利斯,Hecatrice
74974229,1,エーリアン・ソルジャー Ｍ／フレーム,外星人士兵 强力外骨骼,Alien Shocktrooper M-Frame
74976215,1,クロスソード・ハンター,十字剑猎手,Cross-Sword Beetle
74983881,1,モロコシーナ,小玉米,Sweet Corn
74997493,1,鎖龍蛇－スカルデット,锁龙蛇-骷髅四面鬼,Saryuja Skull Dread
75003700,1,星辰槍手ルキアス,星辰枪手 巨蟹魔,Dracotail Lucias
75014062,2,魔力掌握,魔力掌握,Spell Power Grasp
75025112,3,魍魎跋扈,魍魉跋扈,Free-Range Monsters
75041269,2,幽獄の時計塔,幽狱之时计塔,Clock Tower Prison
75043725,1,冥界の使者,冥界的使者,Emissary of the Afterlife
75046994,1,Ｎｏ－Ｐ.Ｕ.Ｎ.Ｋ.ライジング・スケール,能朋克 鳞阶,Noh-P.U.N.K. Rising Scale
75047173,3,フェイバリット・コンタクト,至爱接触,Favorite Contact
75059201,1,Ｆ.Ａ.ターボチャージャー,方程式运动员 涡轮增压车手,F.A. Turbo Charger
75064463,1,ハーピィ・クィーン,鹰身女王,Harpie Queen
75078585,3,スクランブル・エッグ,截敌蛋,Scramble Egg
75081613,1,ジャイアントワーム,巨大钻土虫,"Aztekipede, the Worm Warrior"
75083197,1,告天子竜パイレン,告天子龙 百灵,Dragonlark Pairen
75105429,3,シンクロ・イジェクション,同调驱逐,Synchro Ejection
75109441,1,半蛇人サクズィー,半蛇人 萨库兹,Cobraman Sakuzy
75116619,1,真六武衆－エニシ,真六武众-缘,Legendary Six Samurai - Enishi
75119040,1,ティンダングル・アキュート・ケルベロス,廷达魔三角之锐角地狱犬,Tindangle Acute Cerberus
75130221,1,コード・ラジエーター,代码散热员,Code Radiator
75132317,1,雄炎星－スネイリン,雄炎星-蛇林,Brotherhood of the Fire Fist - Snake
75141056,2,ヒーロー・マスク,英雄假面,Hero Mask
75147529,1,閃刀姫－ジーク,闪刀姬-泽克,Sky Striker Ace - Zeke
75153328,2,強制切断,强制切断,Packet Swap
75157704,3,双天の使命,双天的使命,Dual Avatar Compact
75162696,1,ウィクトーリア,维多利亚,Victoria
75180828,1,水精鱗－サルフアビス,水精鳞-大蓝深渊鲸,Mermail Abyssbalaen
75190122,2,黒・爆・裂・破・魔・導,黑·爆·裂·破·魔·导,Dark Burning Magic
75195825,1,竜剣士マスターＰ,龙剑士 卓辉星·灵摆,"Master Pendulum, the Dracoslayer"
75198893,1,スキヤナー,扫描机器人,Scanner
75209824,1,ガーディアン・スタチュー,守护者雕像,Guardian Statue
75214390,1,オーバーレイ・ブースター,叠光推进者,Overlay Booster
75215744,1,弩級軍貫－いくら型一番艦,无畏军贯-鲑鱼子级一号舰,Gunkan Suship Ikura-class Dreadnought
75220074,1,鎧竜－アームド・ドラゴン－,铠龙-武装龙-,"Armed Dragon, the Armored Dragon"
75223115,2,Ｓｉｎ Ｔｅｒｒｉｔｏｒｙ,罪 领域,Malefic Territory
75249652,3,業炎のバリア －ファイヤー・フォース－,业炎防护罩 -火焰之力-,Blazing Mirror Force
75252099,1,ローズ・バード,蔷薇鸟,Bird of Roses
75253697,1,Ｎｏ.７２ ラインモンスター チャリオッツ・飛車,No.72 行列怪兽 战车之飞车,Number 72: Shogi Rook
75285069,1,モイスチャー星人,莫伊斯彻星人,Moisture Creature
75286621,1,召喚獣メルカバー,召唤兽 梅尔卡巴,Invoked Mechaba
75290703,1,セリオンズ・イレギュラー,兽带斗神·非正规轩辕十四,Therion Irregular
75292259,1,ポセイドン・オオカブト,海神独角仙,Great Poseidon Beetle
75294187,3,狂惑の落とし穴,狂惑的落穴,Terrifying Trap Hole Nightmare
75304793,2,アンプリファイヤー,音响放大器,Symph Amplifire
75311421,1,ボティス,布提斯,Votis
75326861,1,天刑王 ブラック・ハイランダー,天刑王 黑天,Dark Highlander
75347539,1,磁石の戦士マグネット・バルキリオン,磁石战士 电磁武神,Valkyrion the Magna Warrior
75352507,1,蕾禍ノ玄神憑月,蕾祸之玄神凭月,Ragnaraika Selene Snapper
75356564,1,プチリュウ,小龙,Petit Dragon
75361204,3,グレイドル・スプリット,灰篮分裂,Graydle Split
75363626,1,マドルチェ・シューバリエ,魔偶甜点·泡芙骑士,Madolche Chouxvalier
75364199,3,相視相殺,相视相杀,Mutually Affured Destruction
75366958,1,ダイナレスラー・コエロフィシラット,恐龙摔跤手·席拉腔骨龙,Dinowrestler Coelasilat
75367227,1,ゴーストリック・アルカード,鬼计妖魔·阿鲁卡德,Ghostrick Alucard
75372290,1,絶対防御将軍,绝对防御将军,Total Defense Shogun
75375465,1,地獄の番熊,地狱的番熊,Pandemonium Watchbear
75376965,1,恍惚の人魚,恍惚的人鱼,Enchanting Mermaid
75380687,1,呪符竜,咒符龙,Amulet Dragon
75390004,1,メガザウラー,巨身多角龙,Megazowler
75392615,3,マインド・ハック,心灵透视,Mind Haxorz
75416738,1,キノの蟲惑魔,基诺之虫惑魔,Traptrix Arachnocampa
75417459,2,拘束解除,拘束解除,Release Restraint
75421661,1,ドドドガッサー,怒怒怒斗笠剑士,Dododo Swordsman
75425043,1,ＰＳＹフレームギア・α,PSY骨架装备·α,PSY-Framegear Alpha
75425320,2,真竜凰の使徒,真龙凰的使徒,Disciples of the True Dracophoenix
75433814,1,Ｎｏ.４０ ギミック・パペット－ヘブンズ・ストリングス,No.40 机关傀儡-天堂弦乐手,Number 40: Gimmick Puppet of Strings
75434695,1,Ｅ・ＨＥＲＯ フォレストマン,元素英雄 森林侠,Elemental HERO Woodsman
75448086,2,王の試練,王战的试练,Generaider Boss Quest
75452921,1,トロイメア・ケルベロス,梦幻崩影·地狱犬,Knightmare Cerberus
75457624,2,霊獣の相絆,灵兽的相绊,Ritual Beast's Bond
75487237,1,ミドル・シールド・ガードナー,中型盾守卫者,Mid Shield Gardna
75498415,1,ＢＦ－暁のシロッコ,黑羽-晓之希洛克,Blackwing - Sirocco the Dawn
75499502,1,マスター・アン・エキスパート,主人与能手,Master & Expert
75500286,2,封印の黄金櫃,封印之黄金柜,Gold Sarcophagus
75524092,2,ヴィシャス・クロー,堕恶之爪,Vicious Claw
75525309,3,六武派二刀流,六武派二刀流,Six Style - Dual Wield
75539614,2,サイコ・ブレイド,念力宝剑,Psychic Blade
75559356,1,魔界の機械兵,魔界的机械兵,Cyber Soldier of Darkworld
75560629,2,フリント,打火石,Flint
75574498,1,プリンセス・コロン,珂珑公主,Princess Cologne
75582395,1,セイント・バード,圣鸟,Faith Bird
75620895,1,隻眼のスキル・ゲイナー,独眼学艺者,One-Eyed Skill Gainer
75622824,2,トリッキーズ・マジック４,诡术师的魔术4,Tricky Spell 4
75646173,1,ファランクス,法兰克斯,Synchar
75646520,3,金属探知器,金属探知器,Metal Detector
75652080,2,ダブル・サイクロン,二重旋风,Double Cyclone
75660578,1,死の王 ヘル,死界王战 赫尔女王,"Hela, Generaider Boss of Doom"
75672051,1,黒牙の魔術師,黑牙之魔术师,Black Fang Magician
75673220,1,スナップドラゴン,龙口花,Snapdragon
75675029,1,記憶破壊王,记忆破坏王,Memory Crush King
75676192,1,Ｆ.Ａ.ホームトランスポーター,方程式运动员车辆运输房车,F.A. Motorhome Transport
75690317,1,カラクリ蝦蟇 四六弐四,机巧蛤蟆 四六二四,"Karakuri Gama mdl 4624 ""Shirokunishi"""
75702749,2,幻煌龍の螺旋絞,幻煌龙的螺旋绞,Phantasm Spiral Grip
75713017,1,燎星のプロメテオロン,燎星之天火流星神,"Prometeor, the Burning Star"
75719089,2,栄光の聖騎士団,光荣的圣骑士团,Glory of the Noble Knights
75728539,3,新世廻,新世回,Sharv Sarga
75730490,1,白銀の城の召使い アリアーヌ,白银之城的召使 阿里亚娜,Ariane the Labrynth Servant
75732622,1,トーチ・ゴーレム,拷问巨人,Grinder Golem
75733063,1,機皇兵スキエル・アイン,机皇兵 神空一型,Meklord Army of Skiel
75745607,1,火之迦具土,火之迦具土,Hino-Kagu-Tsuchi
75748977,1,ＸＹＺ－ハイパー・ドラゴン・キャノン,XYZ-极超神龙炮,XYZ-Hyper Dragon Cannon
75771170,1,アラヒメの御巫,荒日女之御巫,Arahime the Manifested Mikanko
75775867,1,Ｄ・パッチン,变形斗士·弹弓,Morphtronic Slingen
75779210,1,ヴァイロン・エプシロン,艾普西龙大日,Vylon Epsilon
75780818,1,ダイナ・タンク,恐龙战车,Dyna Tank
75782277,2,ハーピィの狩場,鹰身女妖的狩猎场,Harpies' Hunting Ground
75797046,1,フォトン・アレキサンドラ・クィーン,光子亚历山大蝶后,Photon Alexandra Queen
75830094,1,ホルスの黒炎竜 ＬＶ４,荷鲁斯之黑炎龙 LV4,Horus the Black Flame Dragon LV4
75833426,3,マドルチェ・ティーブレイク,魔偶甜点茶休,Madolche Tea Break
75840616,1,武神帝－スサノヲ,武神帝-须佐之男,Bujintei Susanowo
75850803,1,ラムーン,月之魔法师,LaMoon
75874514,1,輝ける星の竜,辉煌的星之龙,Shining Star Dragon
75878039,1,星因士 デネブ,星因士 天津四,Satellarknight Deneb
75884822,3,おジャマパーティ,扰乱睡衣派对,Ojama Pajama
75886890,1,ヴァイロン・スフィア,大日球体,Vylon Sphere
75888208,1,夢魔鏡の夢魔－イケロス,梦魔镜的梦魔-伊刻罗斯,"Ikelos, the Dream Mirror Mara"
75889523,1,デーモン・ビーバー,恶魔海狸,Archfiend Marmot of Nefariousness
75892194,1,古代の機械竜,古代的机械龙,Ancient Gear Dragon
75901113,1,鎧竜の聖騎士,铠龙之圣骑士,Knight of Armor Dragon
75902998,3,串刺しの落とし穴,穿刺的落穴,Trap Hole of Spikes
75906310,1,アームド・ドラゴン・カタパルトキャノン,武装龙强击炮,Armed Dragon Catapult Cannon
75917088,1,魔法の国の王女－ピケル,魔法之国的王女-绒儿,Princess Pikeru
75922381,1,スプライト・レッド,卫星闪灵·红色精灵,Spright Red
75923050,1,レアメタル・ヴァルキリー,稀有金属女武神,Super Robolady
75926389,3,ＡｔｏＺエナジーロード,AtoZ能量载入,A-to-Z Energy Load
75937826,1,巨大戦艦 ビッグ・コアＭｋ－ＩＩ,巨大战舰 巨核Mk-2,B.E.S. Big Core MK-2
75944053,1,ブンボーグ００３,文具电子人003,Deskbot 003
75946257,1,混沌の呪術師,混沌咒术师,Witch Doctor of Chaos
75952542,2,ＶＶ－百識公国,群豪世界-百识公国,Vaylantz World - Konig Wissen
75953262,1,戦士ダイ・グレファー,战士 戴·格雷法,Warrior Dai Grepher
75956913,2,ガガガ・ホープ・タクティクス,我我我希望战术,Gagaga Hope Tactics
75967082,2,漏電,漏电,Short Circuit
75987257,3,隷属の鱗粉,隶属鳞粉,Butterflyoke
75988594,1,超重剣聖ムサ－Ｃ,超重剑圣 武藏-C,Superheavy Samurai Swordmaster Musashi
75991479,1,異次元の哨戒機,异次元的哨戒机,D.D. Patrol Plane
75991898,1,ラヴァルバル・ドラゴン,熔岩谷龙,Lavalval Dragon
76004142,3,不運の爆弾,不运的爆弹,Bad Luck Blast
76029419,1,ＤＤＤ超視王ゼロ・マクスウェル,DDD 超视王 零·麦克斯韦,D/D/D Supersight King Zero Maxwell
76039636,1,デビルドーザー,恶魔铲土虫,Doom Dozer
76045757,3,身代わりの闇,替罪的黑暗,Dark Sacrifice
76052811,1,地獄詩人ヘルポエマー,地狱诗人,Helpoemer
76066541,1,ドラゴンダウザー,小龙探物摆,Dragon Dowser
76067258,1,Ｎｏ.６６ 覇鍵甲虫マスター・キー・ビートル,No.66 霸键甲虫,Number 66: Master Key Beetle
76072561,1,閃刀姫＝ゼロ,闪刀姬=零露,Sky Striker Ace = Zero
76075139,1,ヴァリアンツＧ－グランデューク,群豪之创始者-大公,Vaylantz Genesis Grand Duke
76075810,1,投石部隊,投石部队,Throwstone Unit
76076738,2,闇竜族の爪,暗龙族之爪,Dragon Nails
76078185,1,異端なるフォボスコボス,异端之福波斯科波斯,Heretical Phobos Covos
76080032,1,ＺＷ－一角獣皇槍,异热同心武器-独角兽皇枪,ZW - Unicorn Spear
76103404,1,サイバー・プチ・エンジェル,电子化小天使,Cyber Petit Angel
76103675,2,火の粉,火星,Sparks
76133574,1,ゴーティスの紅玉ゼップ,魊影的红玉 泽普,"Zep, Ruby of the Ghoti"
76136345,2,転回操車,回转调车,Revolving Switchyard
76137276,3,マジック・キャプチャー,魔法捕获,Spell Reclamation
76137614,1,聖なる解呪師,圣解咒师,Disenchanter
76145142,1,オルフェゴール・ロンギルス,自奏圣乐·朗吉尔苏,"Longirsu, the Orcust Orchestrator"
76145933,1,スプライト・ブルー,卫星闪灵·蓝色喷流灵,Spright Blue
76184692,1,サイクロプス,独眼巨人,Hitotsu-Me Giant
76202610,1,ダークロン,暗黑怪,Darklon
76203291,1,光鱗のトビウオ,光鳞飞鱼,Golden Flying Fish
76209339,3,メガリス・エマージョン,巨石遗物出现,Megalith Emergence
76211194,1,Ｄ・ナポレオン,暗黑拿破仑,Meda Bat
76214441,1,ライフ・コーディネイター,生命协调体,Lifeforce Harmonizer
76218313,1,破壊剣－ドラゴンバスターブレード,破坏剑-龙破坏之剑,Dragon Buster Destruction Sword
76218643,1,ブラックポータン,黑面波波,Black Potan
76224717,2,アドバンス・ゾーン,上级进化区,Advance Zone
76232340,1,千年原人,千年原人,Sengenjin
76232522,1,リカバリー・ソーサラー,恢复巫师,Recovery Sorcerer
76263644,1,Ｄｒａｇｏｏｎ Ｄ－ＥＮＤ,龙骑士 D-终,Destiny End Dragoon
76290637,1,ギミック・パペット－ファンタジクス・マキナ,机关傀儡-机械降临的粉丝幻想,Gimmick Puppet Fantasix Machinix
76297408,3,魂粉砕,魂粉碎,Soul Demolition
76302448,2,アルカナスプレッド,秘仪牌阵,Arcana Spread
76305638,1,岩の精霊 タイタン,岩之精灵 泰坦,The Rock Spirit
76321376,1,マイン・ゴーレム,地雷石人,Mine Golem
76348260,1,極星天ミーミル,极星天 密弥尔,Mimir of the Nordic Ascendant
76352503,1,霊道士チャンシー,灵道士 僵尸,Changshi the Spiridao
76353872,1,デフコンバード,戒备转换鸟,Defcon Bird
76359406,1,水晶機巧－アメトリクス,水晶机巧-矩阵紫黄晶,Crystron Ametrix
76372778,1,イビリチュア・メロウガイスト,邪遗式人鱼风灵,Evigishki Merrowgeist
76375976,2,魔鍾洞,魔钟洞,Mystic Mine
76382116,1,鉄の王 ドヴェルグス,铁界王战 矮人联合王,"Dovelgus, Generaider Boss of Iron"
76384284,3,トロイの剣闘獣,特洛伊剑斗兽,Trojan Gladiator Beast
76403456,3,パワー・ウォール,力量之壁,Power Wall
76407432,3,バスター・カウンター,爆裂反击,Assault Counter
76416959,1,戦華の義－関雲,战华之义-关云,Ancient Warriors - Loyal Guan Yun
76419637,1,ＣＸ 激烈華戦艦タオヤメ,混沌超量 激烈华战舰 手弱女,CXyz Battleship Cherry Blossom
76436988,1,ギラギランサー,闪闪枪兵,Gillagillancer
76442347,1,子型ペンギン,子型企鹅,Puny Penguin
76442616,2,ＨＥＲＯ’Ｓ ボンド,英雄联合,HERO's Bond
76446915,1,ディスク・マジシャン,圆盘魔术师,Disk Magician
76459806,1,ヴォルカニック・ロケット,火山火箭弹,Volcanic Rocket
76471944,1,超重忍者サルト－Ｂ,超重忍者 猿飞-B,Superheavy Samurai Ninja Sarutobi
76473843,2,マジェスティックＰ,威风阵·飞马,Majesty's Pegasus
76500786,2,一曲集中,一曲集中,Star Power!!
76512652,1,クロコダイラス,鳄鱼人,Krokodilus
76515293,3,心鎮壷,心镇壶,Xing Zhen Hu
76520646,1,インフィニティ・ダーク,无限暗魔,Infinity Dark
76524506,1,ガーデン・ローズ・フローラ,花园蔷薇花神,Garden Rose Flora
76532077,3,底なし流砂,无底的流沙,Bottomless Shifting Sand
76539047,2,ポイズン・ファング,猛毒之牙,Poison Fangs
76543119,1,ギミック・パペット－死の木馬,机关傀儡-死之木马,Gimmick Puppet Des Troy
76547525,1,レッド・ワイバーン,红莲翼龙,Red Wyvern
76552147,3,Ｄ・Ｄ・Ｄ,异次元赛马,D.D.D. - Different Dimension Derby
76573247,1,エーリアン・ベーダー,外星人侵略者,Alien Infiltrator
76587747,3,クロノダイバー・レトログラード,时间潜行者逆跳,Time Thief Retrograde
76589546,1,オーバーフロー・ドラゴン,溢出龙,Overflow Dragon
76589815,1,ＢＫ チート・コミッショナー,燃烧拳击手 犯规拳击委员,Battlin' Boxer Cheat Commissioner
76593718,1,強欲なポッド,强欲之皿,Greed Jar
76614003,1,ダーク・リペアラー,暗黑修理师,Dark Tinker
76614340,1,ジェムナイト・ルビーズ,宝石骑士·红玉,Gem-Knight Ruby
76615300,1,火霊媒師ヒータ,火灵媒师 希塔,Hiita the Fire Channeler
76634149,1,海竜神,海龙神,Kairyu-Shin
76641981,3,ＴＧ１－ＥＭ１,TG1-EM1,TG1-EM1
76647978,2,超越融合,超越融合,Ultra Polymerization
76650663,1,Ａ・Ｏ・Ｊ ブラインド・サッカー,正义盟军 遮光吸收兵,Ally of Justice Nullfier
76660409,3,ペンデュラム・バック,灵摆回归,Pendulum Back
76672730,2,暗黒界の文殿,暗黑界的文殿,Dark World Archives
76683171,1,ワーム・アグリィ,阿格里异虫,Worm Ugly
76685519,1,オルターガイスト・キードゥルガー,幻变骚灵·击键录杜尔迦,Altergeist Kidolga
76704943,1,ヤマタノ竜絵巻,八俣龙绘卷,Yamatano Dragon Scroll
76714458,2,痛魂の呪術,痛魂之咒术,Spell of Pain
76721030,3,暴君の暴言,暴君的暴言,Tyrant's Tirade
76722334,1,カプシェル,扭蛋魔壳,Capshell
76728962,1,デスペラード・リボルバー・ドラゴン,亡命左轮手枪龙,Desperado Barrel Dragon
76751255,2,イグナイト・リロード,点火骑士上膛,Igknight Reload
76754619,2,ピラミッドパワー,金字塔能量,Pyramid Energy
76763417,1,サイバー・ジムナティクス,电子化体操员,Cyber Gymnast
76766706,2,混沌の種,混沌之种,Chaos Seed
76774528,1,スクラップ・ドラゴン,废铁龙,Scrap Dragon
76775123,1,パトロール・ロボ,巡逻机器人,Patrol Robo
76782778,1,ドラゴンメイド・エルデ,半龙女仆·地慈龙女,Dragonmaid Ernus
76792184,2,カオス－黒魔術の儀式,混沌-黑魔术的仪式,Black Magic Ritual
76794549,1,アストログラフ・マジシャン,宙读之魔术士,Astrograph Sorcerer
76798740,2,ヴェンデット・チャージ,复仇死者的突击,Vendread Charge
76806714,2,亀の誓い,龟的誓言,Turtle Oath
76812113,1,ハーピィ・レディ,鹰身女郎,Harpie Lady
76815942,1,ＬＬ－インディペンデント・ナイチンゲール,抒情歌鸲-独立夜莺,Lyrilusc - Independent Nightingale
76821171,1,ヴァルモニカの異神－ジュラルメ,异响鸣之异神-光耀天使,"Duralume, Vaalmonican Heathen Hallow"
76823930,3,血肉の代償,血肉之代偿,Ultimeat Offering
76830505,1,無限起動ブルータルドーザー,无限起动 残暴推土机,Infinitrack Brutal Dozer
76833149,1,メルフィー・マミィ,童话动物·魔魅妈咪,Melffy Mommy
76840111,3,覇王天龍の魂,霸王天龙之魂,Soul of the Supreme Celestial King
76848240,3,絶対不可侵領域,绝对不可侵领域,Non Aggression Area
76862289,1,八俣大蛇,八俣大蛇,Yamata Dragon
76865611,1,Ｄ・ライトン,变形斗士·照明灯,Morphtronic Lantron
76869711,2,六花来々,六花来来,Rikka Konkon
76871889,2,ヴェンデット・ナイト,复仇死者之夜,Vendread Nights
76891401,1,神海竜ギシルノドン,神海龙 基希尔诺顿,Sea Dragon Lord Gishilnodon
76895648,2,デンジャラスマシン ＴＹＰＥ－６,危险机器 6型,Dangerous Machine Type-6
76902476,1,幻獣機タートレーサー,幻兽机 追踪海龟,Mecha Phantom Beast Turtletracer
76908448,1,ジェムナイト・クリスタ,宝石骑士·白晶,Gem-Knight Crystal
76909279,1,激昂のミノタウルス,激昂的牛头人,Enraged Battle Ox
76913983,1,ＢＦ－アームズ・ウィング,黑羽-兵翼鸦,Blackwing Armed Wing
76922029,1,首領・ザルーグ,首领 扎鲁格,Don Zaloog
76925842,1,ダーク・パーシアス,暗黑骑士 珀耳修斯,Darknight Parshath
76930964,1,黄昏の忍者将軍－ゲツガ,黄昏之忍者将军-月牙,"Twilight Ninja Getsuga, the Shogun"
76937326,1,ダイガスタ・ラプラムピリカ,大薰风兽使 翼心皮莉佳,Daigusto Laplampilica
76972801,3,ガガガガード,我我我防御,Gagagaguard
76978105,1,Ｅ－ＨＥＲＯ ヘル・ライダー,邪心英雄 地狱苍骑,Evil HERO Infernal Rider
76981308,2,メルフィーとにらめっこ,童话动物对视游戏,Melffy Staring Contest
76986005,1,サイバー・ジラフ,电子麒麟,Cyber Kirin
76990617,1,幻奏の音女ソナタ,幻奏的音女 索娜塔,Sonata the Melodious Diva
77007920,2,レーザー砲機甲鎧,镭射炮机甲铠,Laser Cannon Armor
77013169,1,超重武者ソード－９９９,超重武者 刀狩-999,Superheavy Samurai Swordsman
77027445,2,ポセイドンの力,波塞冬之力,Power of Kaishin
77036039,1,バスター・マーセナリ,爆裂佣兵,Assault Mercenary
77044671,1,ピラミッド・タートル,金字塔龟,Pyramid Turtle
77058170,1,アンダークロックテイカー,降频承办员,Underclock Taker
77060848,1,極星霊デックアールヴ,极星灵 暗精灵,Svartalf of the Nordic Alfar
77066768,2,カードスキャナー,卡片扫描者,Card Scanner
77075360,1,ジャンク・スピーダー,废品增速者,Junk Speeder
77084837,1,因幡之白兎,因幡之白兔,Inaba White Rabbit
77087109,1,クロック・リゾネーター,时钟共鸣者,Clock Resonator
77092311,1,毒の魔妖－土蜘蛛,毒之魔妖-土蜘蛛,"Tsuchigumo, the Poisonous Mayakashi"
77098449,2,ギャラクシー・ウェーブ,银河波动,Galaxy Wave
77102944,1,洗濯機塊ランドリードラゴン,洗濯机块 洗衣龙,Appliancer Laundry Dragon
77103950,2,壱世壊＝ペルレイノ,壹世坏-珍珠世界,Primeval Planet Perlereino
77116346,2,ダイナミスト・チャージ,雾动机龙充能,Dinomist Charge
77121851,1,暗黒のマンティコア,暗黑之蝎尾狮,Manticore of Darkness
77124096,2,ダーク・コンタクト,暗黑接触,Dark Contact
77133792,3,マグネット・コンバージョン,磁力变换,Magnet Conversion
77135531,1,竜の尖兵,龙之尖兵,Vanguard of the Dragon
77150143,1,十二獣サラブレード,十二兽 马剑,Zoodiac Thoroughblade
77152542,1,ＢＦ－砂塵のハルマッタン,黑羽-沙尘之哈麦丹,Blackwing - Harmattan the Dust
77153811,1,儀式魔人カースエンチャンター,仪式魔人 诅咒魔法师,Djinn Cursenchanter of Rituals
77189532,1,ヴァレット・コーダー,弹丸编码员,Rokket Coder
77202120,1,アサルト・シンクロン,强袭同调士,Assault Synchron
77205367,1,ＣＮｏ.９６ ブラック・ストーム,混沌No.96 黑飙,Number C96: Dark Storm
77207191,1,バフォメット,巴风特,Berfomet
77229910,3,Ｄ・バリア,变形斗士·防护罩,Morphtronic Forcefield
77235086,1,サイバー・エンジェル－弁天－,电子化天使-弁天-,Cyber Angel Benten
77252217,1,電動刃虫,电动刃虫,Chainsaw Insect
77297908,2,魔界劇場「ファンタスティックシアター」,魔界剧场「奇幻剧场」,Abyss Playhouse - Fantastic Theater
77307161,1,トリックスター・ブルム,淘气仙星·布露姆,Trickstar Bloom
77312273,1,混沌殻,混沌壳,Shell of Chaos
77313225,1,白き森の魔性ルシエラ,白森林的魔性 血蝠,"Rciela, Sinister Soul of the White Forest"
77330185,1,ＸＸ－セイバー ガルセム,XX-剑士 加尔塞姆,XX-Saber Garsem
77334267,1,発条装攻ゼンマイオー,发条装攻 发条王,Wind-Up Arsenal Zenmaioh
77336644,1,レッド・デーモンズ・ドラゴン／バスター,红莲魔龙/爆裂体,Red Dragon Archfiend/Assault Mode
77360173,1,シンクローン・リゾネーター,同调克隆共鸣者,Synkron Resonator
77363314,1,クリスタル・ドラゴン,水晶龙,Krystal Dragon
77372241,1,フレムベル・グルニカ,炎狱龙人,Flamvell Grunika
77379481,1,大盤振舞侍,大盘振舞侍,Sasuke Samurai #3
77384395,1,パズズル,拼图帕祖祖,Pazuzule
77387463,1,方界帝ヴァルカン・ドラグニー,方界帝 神火之德拉耆尼,Vulcan Dragni the Cubic King
77392987,1,ＴＧ ロケット・サラマンダー,科技属 火箭火精灵,T.G. Rocket Salamander
77402960,2,ヌメロン・ダイレクト,源数直系,Numeron Calling
77406972,1,魔導騎士ギルティア－ソウル・スピア,魔导骑士 基尔提亚-灵魂之枪,Giltia the D. Knight - Soul Spear
77411244,1,Ｂ－バスター・ドレイク,B-破坏龙兽,B-Buster Drake
77414722,3,マジック・ジャマー,魔法干扰阵,Magic Jammer
77421977,3,Ａｉシャドー,“艾”眼之影,A.I. Shadow
77428945,1,土地鋸,土地锯,Terrene Toothed Tsuchinoko
77432167,3,太陽神合一,太阳神合一,Sun God Unification
77449773,2,サイバネット・クロスワイプ,电脑网交叉清除,Cynet Crosswipe
77454922,2,要塞クジラの誓い,要塞鲸的誓言,Fortress Whale's Oath
77456781,1,デビル・クラーケン,恶魔乌贼,Fiend Kraken
77462146,3,幻影騎士団シャドーベイル,幻影骑士团 影佑,The Phantom Knights of Shadow Veil
77491079,1,爆風トカゲ,爆风蜥蜴,Gale Lizard
77498348,1,カオス・ソルジャー －宵闇の使者－,混沌战士 -宵暗的使者-,Black Luster Soldier - Envoy of the Evening Twilight
77505534,3,堕ち影の蠢き,堕影的蠢动,Sinister Shadow Games
77506119,1,サンダー・ユニコーン,雷电独角兽,Thunder Unicorn
77511331,1,カラテ魂 ＫＵＲＯ－ＯＢＩ,空手魂 黑带,Kuro-Obi Karate Spirit
77515704,3,ドラゴンメイド・リラクゼーション,半龙女仆的休息,Dragonmaid Downtime
77522571,1,デストーイ・マイスター,魔玩具大师,Frightfur Meister
77527210,1,神聖なる魂,神圣之魂,Soul of Purity and Light
77538567,3,魔宮の賄賂,魔宫的贿赂,Dark Bribe
77539547,1,戦華の美－周公,战华之美-周公,Ancient Warriors - Graceful Zhou Gong
77542832,1,ヴェルズ・ヘリオロープ,入魔鬼·血石,Evilswarm Heliotrope
77543769,3,騎士皇爆誕,骑士皇爆诞,Centur-Ion True Awakening
77558536,1,ライトロード・アサシン ライデン,光道暗杀者 莱登,"Raiden, Hand of the Lightsworn"
77561728,3,攪乱作戦,搅乱作战,Disturbance Strategy
77565204,2,未来融合－フューチャー・フュージョン,未来融合,Future Fusion
77568553,1,アシッドクロウラー,酸液爬虫,Acid Crawler
77571454,1,Ｎｏ.６９ 紋章神コート・オブ・アームズ－ゴッド・レイジ,No.69 纹章神 盾徽-神之愤怒,Number 69: Heraldry Crest - Dark Matter Demolition
77573354,3,蕾禍ノ曝藤,蕾祸之曝藤,Ragnaraika Wisteria of Woe
77581312,1,仮面道化,假面道化,Masked Clown
77584012,2,擬似空間,拟似空间,Pseudo Space
77585513,1,人造人間－サイコ・ショッカー,人造人-念力震慑者,Jinzo
77590412,1,パペット・ルーク,人偶城堡,Puppet Rook
77600660,1,サイコ・エンペラー,念力帝皇,Psychic Emperor
77603950,1,サターナ,萨塔那,Phantom Dewan
77608643,1,Ｄ－ＨＥＲＯ ダイハードガイ,命运英雄 顽强人,Destiny HERO - Captain Tenacious
77610503,3,ふわんだりぃずと怖い海,随风旅鸟与恐怖之海,Floowandereeze and the Scary Sea
77610772,1,星杯神楽イヴ,星杯神乐 夏娃,Ib the World Chalice Priestess
77622396,3,あまのじゃくの呪い,天邪鬼的诅咒,Reverse Trap
77625948,1,サイバー・ダーク・エッジ,电子暗黑刃翼,Cyberdark Edge
77631175,1,ＣＨキング・アーサー,漫画英雄 亚瑟王,Comics Hero King Arthur
77637979,1,ＬＡＮフォリンクス,LAN喙嘴龙,LANphorhynchus
77642288,1,剣闘獣セクトル,剑斗兽 追斗,Gladiator Beast Secutor
77656797,1,焔聖騎士帝－シャルル,焰圣骑士帝-查理,Infernoble Knight Emperor Charles
77672444,1,モーターバイオレンス,马达暴徒,Motor Frenzy
77679716,1,超重武者装留ブレイク・アーマー,超重武者装留 破坏铠,Superheavy Samurai Soulbreaker Armor
77683371,1,ディメンション・コンジュラー,次元施法者,Dimension Conjurer
77693536,1,フルメタルフォーゼ・アルカエスト,重炼装勇士·万溶炼金师,Fullmetalfoes Alkahest
77700347,1,ネクロ・ディフェンダー,死灵防御者,Necro Defender
77710579,1,機皇枢インフィニティ・コア,机皇枢 无限核,Meklord Nucleus Infinity Core
77714963,1,骸の魔妖－夜叉,骸之魔妖-夜叉,"Yasha, the Skeletal Mayakashi"
77723643,1,シャドール・ドラゴン,影依龙,Shaddoll Dragon
77751766,3,火器の祝台,火器的祝台,Summer Schoolwork Successful!
77754169,1,超装甲兵器ロボ ブラックアイアンＧ,超装甲兵器机器人 黑铁G,"Super Armored Robot Armed Black Iron ""C"""
77754944,3,万能地雷グレイモヤ,万能地雷 阔剑式,Widespread Ruin
77765207,2,誓いのエンブレーマ,誓言之徽记,Emblema Oath
77778835,3,ヒステリック・パーティー,歇斯底里的舞会,Hysteric Party
77783947,3,竜星の極み,龙星的极致,Yang Zing Unleashed
77797992,1,森の聖獣 アルパカリブ,森之圣兽 羊驼驯鹿,"Alpacaribou, Mystical Beast of the Forest"
77799846,1,廃品眼の太鼓竜,废品眼太鼓龙,Googly-Eyes Drum Dragon
77826734,3,ペンデュラム・リボーン,灵摆苏生,Pendulum Reborn
77827521,1,地獄の裁判,地狱的裁判,Trial of Nightmare
77832858,1,邪炎帝王テスタロス,邪炎帝王 泰斯塔罗斯,Thestalos the Shadowfire Monarch
77840540,2,超進化の繭,超进化之茧,Cocoon of Ultra Evolution
77841719,1,ヴェルズ・コッペリアル,入魔人偶 葛佩利亚,Evilswarm Coppelia
77847678,3,紫炎の計略,紫炎的计略,Shien's Scheme
77848740,1,マドルチェ・プティンセスール,魔偶甜点·布丁妹公主,Madolche Petingcessoeur
77855162,1,振子特急エントレインメント,摆式特急 同行列车,Tilting Entrainment
77859858,3,破滅へのクイック・ドロー,步向破灭的速攻抽卡,Destructive Draw
77864539,3,機皇廠,机皇厂,Meklord Factory
77876207,2,財宝への隠し通路,通向财宝的隐藏通路,Secret Pass to the Treasures
77891946,3,エクソシスター・バディス,救祓少女共赴何方,Exosister Vadis
77894049,1,ＶＳ ロックス,征服斗魂 洛克斯,Vanquish Soul Rocks
77895328,1,暗黒界の門番 ゼンタ,暗黑界的门番 真塔,"Genta, Gateman of Dark World"
77901552,1,聖刻龍－トフェニドラゴン,圣刻龙-泰芙龙,Hieratic Dragon of Tefnuit
77910045,3,死の演算盤,死之演算盘,Fatal Abacus
77913594,2,エクソシスター・パークス,救祓少女和平问候,Exosister Pax
77936940,1,ゲルニア,杰尔尼亚,Gernia
77946022,2,天威無窮の境地,天威无穷之境地,Tenyinfinity
77967790,1,ダイナレスラー・キング・Ｔレッスル,恐龙摔跤手·摔跤暴龙王,Dinowrestler King T Wrextle
77972406,3,反撃の毒牙,反击的毒牙,Ambush Fangs
77994337,1,ハロハロ,万万圣,Hallohallo
77998771,1,カラス天狗,乌鸦天狗,Crow Goblin
78004197,1,暗黒界の武神 ゴルド,暗黑界的武神 高尔德,"Goldd, Wu-Lord of Dark World"
78009994,1,ドラゴニック・ガード,龙神守卫,Dragonic Guard
78010363,1,黒き森のウィッチ,黑森林的魔女,Witch of the Black Forest
78033100,1,聖刻龍－ドラゴンゲイヴ,圣刻龙-半龙盖布,Hieratic Dragon of Gebeb
78053598,2,闇の指名者,暗之指名者,Dark Designator
78060096,1,ジェノサイドキングサーモン,灭绝国王鲑,Terrorking Salmon
78063197,2,サクリファイス・フュージョン,纳祭融合,Relinquished Fusion
78077209,1,魔竜将ディアボリカ,魔龙将 迪亚波利卡,Diabolica the Draconique General
78080961,1,ＳＰＹＲＡＬ－ジーニアス,秘旋谍-天才,SPYRAL Quik-Fix
78082039,2,クローザー・フォレスト,封闭的森林,Closed Forest
78084378,1,ダイプレクサ・キマイラ,双工器奇美拉,Diplexer Chimera
78098950,1,刀皇－都牟羽沓薙,刀皇-都牟羽沓薙,Tsumuha-Kutsunagi the Lord of Swords
78121572,1,黒魔力の精製者,黑魔力精制者,Alchemist of Black Spells
78135071,1,エクソシスター・カスピテル,救祓少女·卡斯皮特尔,Exosister Kaspitell
78144171,1,撃滅龍 ダーク・アームド,击灭龙 暗黑武装,"Dark Armed, the Dragon of Annihilation"
78156759,1,発条機雷ゼンマイン,发条机雷 发条雷,Wind-Up Zenmaines
78161361,1,ドライブレイブ,驱动勇士,Bravedrive
78161960,3,リジェクト・リボーン,抗拒苏生,Reject Reborn
78184733,3,エンタメ・フラッシュ,娱乐一闪,Command Performance
78193831,1,バスター・ブレイダー,破坏之剑士,Buster Blader
78199891,3,御巫かみくらべ,御巫神较,Mikanko Rivalry
78202553,1,サブテラーマリス・ジブラタール,地中族邪界兽·直布油岩兽,Subterror Behemoth Stalagmo
78211862,3,ライジング・エナジー,能量提升,Rising Energy
78217065,2,エヴォリューション・レザルト・バースト,进化结末光焰,Evolution End Burst
78225596,1,充電機塊セルトパス,充电机块 电池章鱼,Appliancer Celtopus
78229193,1,白闘気海豚,白斗气海豚,White Aura Dolphin
78231355,2,ドラゴンメイドのお心づくし,半龙女仆的盛情,Dragonmaid Hospitality
78243409,1,火口に潜む者,火山口的潜伏者,The Thing in the Crater
78266168,1,ジャイアントマミー,巨大木乃伊,Giant Axe Mummy
78274190,1,超重輝将サン－５,超重辉将 珊瑚-5,Superheavy Samurai General Coral
78275321,1,赤蟻アスカトル,赤蚁,Fire Ant Ascator
78293584,2,フィリアス・ディアベル,恶魔迪亚贝尔的友爱,Filia Diabell
78310590,1,魔界劇団－メロー・マドンナ,魔界剧团-圆熟女主演,Abyss Actor - Mellow Madonna
78316184,1,サイバー・エンジェル－美朱濡－,电子化天使-美朱濡-,Cyber Angel Vrash
78348934,2,破壊剣士の宿命,破坏剑士的宿命,Karma of the Destruction Swordsman
78349103,1,マシンナーズ・ピースキーパー,机甲和平卫士,Machina Peacekeeper
78355370,1,クリボーン,苏生栗子球,Kuribohrn
78358521,1,セイクリッド・ソンブレス,星圣·草帽星系,Constellar Sombre
78360952,1,白昼のスナイパー,白昼的狙击手,Sunlit Sentinel
78362751,1,しらうおの軍貫,银鱼军贯,Gunkan Suship Shirauo
78364470,1,セイクリッド・ポルクス,星圣·北河三,Constellar Pollux
78371393,1,ユベル,于贝尔,Yubel
78387742,2,フェイク・ヒーロー,冒牌英雄,Fake Hero
78391364,1,超重武者テンＢ－Ｎ,超重武者 天秤B-N,Superheavy Samurai Scales
78394032,1,モーターシェル,马达贝壳,Motor Shell
78402798,1,ナイト・リザード,蜥蜴骑士,Night Lizard
78420796,3,ダイノルフィア・フレンジー,恐啡肽狂龙激昂,Dinomorphia Frenzy
78422252,1,ＸＸ－セイバー フラムナイト,XX-剑士 富勒姆奈特,XX-Saber Fulhelmknight
78423643,1,三ツ首のギドー,三头基多,Three-Headed Geedo
78437364,1,剛鬼ザ・グレート・オーガ,刚鬼 巨人食人魔,Gouki The Great Ogre
78447174,1,電幻機塊コンセントロール,电幻机块 插座小人,Appliancer Socketroll
78474168,3,ブレイクスルー・スキル,突破技能,Breakthrough Skill
78486968,1,セイクリッド・シェラタン,星圣·娄宿一,Constellar Sheratan
78509901,1,方界獣ブレード・ガルーディア,方界兽 利刃之迦楼迪亚,Blade Garoodia the Cubic Beast
78512663,1,Ｅ・ＨＥＲＯ マグマ・ネオス,元素英雄 熔岩新宇侠,Elemental HERO Magma Neos
78527720,1,シンデレラ,灰姑娘,Prinzessin
78534861,1,スケアクロー・クシャトリラ,恐吓爪牙族型俱舍怒威族,Scareclaw Kashtira
78540593,1,姫葵マリーナ,姬葵 玛丽娜,"Mariña, Princess of Sunflowers"
78543464,2,九字切りの呪符,九字切咒符,Kuji-Kiri Curse
78552773,1,スーパイ,苏帕伊,Supay
78556320,1,ヴィシュワ・ランディー,女夜魔战士,Vishwar Randi
78564023,1,ＢＦ－二の太刀のエテジア,黑羽-二太刀之厄特西安,Blackwing - Etesian of Two Swords
78574395,2,ワンダー・バルーン,神奇气球,Wonder Balloons
78577570,2,ガルマソードの誓い,伽玛剑的誓言,Garma Sword Oath
78586116,3,パワーアップ・コネクター,加电插头,Power-Up Adapter
78598237,2,ヴァルモニカ・イントナーレ,异响鸣的调律,Vaalmonica Intonare
78610936,2,エクシーズ・オーバーディレイ,超量叠光延迟,Xyz Encore
78613627,1,デス・カンガルー,死亡袋鼠,Des Kangaroo
78621186,3,バーバリアン・ハウリング,野蛮人之吼,Battleguard Howling
78625448,1,Ｎｏ.３ ゲート・オブ・ヌメロン－トゥリーニ,No.3 源数之门-叁,Number 3: Numeron Gate Trini
78625592,3,光の護封霊剣,光之护封灵剑,Spiritual Swords of Revealing Light
78636495,1,ニュート,纽特,Slate Warrior
78637313,3,闇からの呼び声,来自黑暗的呼声,Call of Darkness
78642798,1,黄金の邪教神,黄金邪教神,Golden-Eyes Idol
78651105,1,神獣王バルバロス,神兽王 巴巴罗斯,Beast King Barbaros
78658564,1,ゴブリン突撃部隊,哥布林突击部队,Goblin Attack Force
78661338,1,幻創龍ファンタズメイ,幻创龙 奇幻龙人神,Fantastical Dragon Phantazmay
78663366,1,ヴェルズ・サンダーバード,入魔雷神鸟,Evilswarm Thunderbird
78665705,2,古の呪文,古之咒文,Ancient Chant
78679226,2,未来への沈黙,对未来的沉默,Future Silence
78693036,1,呪雷神ジュラ,咒雷神 折罗,"Juraishin, the Cursed Thunder God"
78697395,2,第三の棺,第三之棺,The Third Sarcophagus
78700060,1,死霊騎士デスカリバー・ナイト,死灵骑士,Doomcaliber Knight
78706415,1,ファイバーポッド,纤维壶,Fiber Jar
78748366,2,煉獄の消華,炼狱的消华,Void Vanishment
78751195,1,ドシン＠イグニスター,沉沉妖@火灵天星,Doshin @Ignister
78765160,3,不知火流 輪廻の陣,不知火流 轮回之阵,Shiranui Style Samsara
78778375,1,デストーイ・クルーエル・ホエール,魔玩具·残虐虎鲸,Frightfur Cruel Whale
78780140,1,トレント,特伦特,Trent
78783370,3,地獄の扉越し銃,地狱的冷枪,Barrel Behind the Door
78783557,1,滅亡龍 ヴェイドス,灭亡龙 威多释,Veidos the Eruption Dragon of Extinction
78785392,2,花合わせ,花合,Flower Gathering
78789356,2,黎溟界闢,黎溟界辟,Ogdoadic Daybreak
78792195,1,六武衆の露払い,六武众的先导,Hand of the Six Samurai
78794994,2,戦線復活の代償,战线复活的代偿,Symbols of Duty
78811937,2,忍び寄る闇,偷偷靠近的黑暗,Creeping Darkness
78835747,1,ＥＭカレイドスコーピオン,娱乐伙伴 万花筒蝎,Performapal Kaleidoscorp
78836195,3,瑞相剣究,瑞相剑究,Swordsoul Assessment
78845026,2,ライトニング・チューン,电光调整,Lightwave Tuning
78859567,3,パケットリンク,分组连接,Packet Link
78861134,1,炎の剣豪,炎之剑豪,Darkfire Soldier #2
78864369,2,リバースソウル,还魂,Soul Reversal
78868119,1,深海のディーヴァ,深海歌后,Deep Sea Diva
78868776,1,剣闘獣ラクエル,剑斗兽 绳斗,Gladiator Beast Laquari
78872731,1,十二獣モルモラット,十二兽 鼠骑,Zoodiac Ratpier
78876707,1,神聖騎士王コルネウス,神圣骑士王 康尼厄斯,Sacred Noble Knight of King Custennin
78888899,1,重騎兵エメトＶＩ,重骑兵 真理6,Centur-Ion Emeth VI
78905039,1,響魔従トライコーン,响魔从 吹号三角兽,Tricorn the Cacophonous Concert
78910579,3,儀水鏡の反魂術,仪水镜的返魂术,Aquamirror Cycle
78917791,1,天威の龍仙女,天威之龙仙女,Shaman of the Tenyi
78922939,1,ジャンク・サーバント,废品从者,Junk Servant
78933589,2,原初のスープ,原初之液,Primordial Soup
78936551,1,轍の魔妖－俥夫,辙之魔妖-车夫,"Shafu, the Wheeled Mayakashi"
78942513,3,魂源への影劫回帰,通向魂源的影劫回归,Purushaddoll Aeon
78949372,3,マジェスペクター・スーパーセル,威风妖怪超级单体,Majespecter Supercell
78984772,1,ビッグバンドラゴン,爆炎龙,Twin-Headed Fire Dragon
78986941,2,突撃指令,突击指令,Order to Charge
78990927,1,メガリス・フール,巨石遗物·富尔,Megalith Phul
79015062,2,繋がり－Ａｉ－,相连相系-协“艾”-,A.I. Connect
79016563,1,バイナル・ソーサレス,二进制女巫,Binary Sorceress
79059098,2,プランキッズの大暴走,调皮宝贝的大暴走,Prank-Kids Pandemonium
79068663,2,ジャンク・アタック,废品坠击,Junk Barrage
79072916,2,ミュートリア反射作用,秘异三变体反射作用,Myutant Blast
79080761,1,ギガストーン・オメガ,巨石终极龙,Gigastone Omega
79086452,1,ギミック・パペット－ビスク・ドール,机关傀儡-素瓷人偶,Gimmick Puppet Bisque Doll
79094383,1,光波異邦臣,光波异邦臣,Cipher Etranger
79106360,1,カオスポッド,混沌壶,Morphing Jar #2
79109599,1,沼地の魔神王,沼地的魔神王,King of the Swamp
79126789,1,暗黒界の狩人 ブラウ,暗黑界的狩人 布劳,"Broww, Huntsman of Dark World"
79130389,1,海晶乙女コーラルアネモネ,海晶少女 奶嘴海葵,Marincess Coral Anemone
79155167,2,アーマーブラスト,虫甲爆破,Armor Blast
79161790,3,反転世界,反转世界,Inverse Universe
79169622,1,極氷獣ポーラ・ペンギン,极冰兽 极地企鹅,Glacial Beast Polar Penguin
79176962,1,旋風機ストリボーグ,旋风机 风神电子人,Fantastic Striborg
79178930,3,時限カラクリ爆弾,时限机巧爆弹,Karakuri Klock
79182538,1,暗黒の狂犬,暗黑之狂犬,Mad Dog of Darkness
79185500,1,鉄巨人アイアンハンマー,铁巨人 大铁锤,Ironhammer the Giant
79194594,1,シンセシス・ミュートリアス,统合秘异三变联体,Myutant Synthesis
79205581,3,強制終了,强制终了,Scrubbed Raid
79206750,3,アビスコーン,深渊蔑噬,Abyss-scorn
79206925,1,墓守の異能者,守墓的异能者,Gravekeeper's Supernaturalist
79210531,1,星騎士 リュラ,星骑士 织女星,Tellarknight Lyran
79229522,1,キメラテック・フォートレス・ドラゴン,嵌合要塞龙,Chimeratech Fortress Dragon
79234734,1,超戦士の魂,超战士之魂,Super Soldier Soul
79266769,1,闇鋼龍 ダークネスメタル,暗钢龙 暗钢,"Darkness Metal, the Dragon of Dark Steel"
79279397,1,Ｄボーイズ,D少年组,D-Boyz
79306385,2,宣告者の神託,宣告者的神托,Oracle of the Herald
79323590,2,魔力の枷,魔力之枷,Chain Energy
79324191,2,隠密忍法帖,隐密忍法帖,Ninjitsu Art Notebook
79333300,3,風霊術－「雅」,风灵术-「雅」,Spiritual Wind Art - Miyabi
79335209,1,おジャマ・ブラック,扰乱·黑,Ojama Black
79337169,1,ガントレット・ウォリアー,手甲战士,Gauntlet Warrior
79339613,3,ソウルエナジーＭＡＸ！！,灵魂能量最大级！！,Soul Energy MAX!!!
79371769,3,ラドリートラップ,洗衣龙女困境,Laundry Trap
79371897,2,増援部隊,增援部队,Reinforcement of the Army's Troops
79383919,3,断罪の呪眼,断罪之咒眼,Evil Eye Retribution
79387392,1,リアクター・スライム,增殖炉史莱姆,Reactor Slime
79400597,2,静冠の呪眼,静冠之咒眼,Evil Eye Repose
79402185,2,ボンディング－Ｄ２Ｏ,化学结合-D2O,Bonding - D2O
79407975,1,究極宝玉神 レインボー・ダーク・ドラゴン,究极宝玉神 虹暗龙,Rainbow Dark Dragon
79409334,1,暗黒ステゴ,暗黑剑龙,Black Stego
79415624,1,蛇眼の断罪龍,蛇眼断罪龙,Snake-Eyes Vengeance Dragon
79418153,1,ランサー・デーモン,枪兵恶魔,Lancer Archfiend
79418928,1,電磁石の戦士β,电磁石战士β,Beta The Electromagnet Warrior
79441381,1,黄昏の忍者－ジョウゲン,黄昏之忍者-上弦,Twilight Ninja Jogen
79444933,1,炎の魔精イグニス,炎之魔精 伊格尼斯,Flame Spirit Ignis
79447365,3,トゥーン・マスク,卡通面具,Toon Mask
79473793,1,青氷の白夜龍,青冰白夜龙,White Night Dragon
79480466,1,魂喰魔獣 バズー,食魂魔兽 巴祖,Bazoo the Soul Eater Beast
79491903,1,レプティレス・ナージャ,爬虫妖眼镜蛇,Reptilianne Naga
79509511,2,銀河超航行,银河超航行,Galaxy Journey
79514956,1,幻奏の音女エレジー,幻奏的音女 埃勒姬,Elegy the Melodious Diva
79523365,1,ヴァンパイア・スカージレット,吸血鬼·红灾星,Vampire Scarlet Scourge
79531196,1,クリスタル・ローズ,水晶蔷薇,Crystal Rose
79538761,1,トルクチューン・ギア,扭力调整齿轮,Torque Tune Gear
79544790,3,リグレット・リボーン,悔恨苏生,Regretful Rebirth
79552283,3,肆世壊の牙掌突,肆世坏的牙掌突,Scareclaw Sclash
79555535,2,イグニッションＰ,点火阵·凤凰,Ignition Phoenix
79559912,1,ＤＤＤ怒涛大王エグゼクティブ・シーザー,DDD 怒涛大王 决策凯撒,D/D/D Wave High King Caesar
79569173,3,大地震,大地震,Seismic Shockwave
79571449,2,天使の施し,天使的施舍,Graceful Charity
79575620,1,お注射天使リリー,注射天使 莉莉,Injection Fairy Lily
79580323,1,剣闘獣スパルティクス,剑斗兽 斯巴达克斯,Gladiator Beast Spartacus
79582540,1,戦華の暴－董穎,战华之暴-董颖,Ancient Warriors - Savage Don Ying
79600447,3,メメント・クレニアム・バースト,莫忘颅骨爆发,Mementotlan Cranium Burst
79606837,1,虹光の宣告者,虹光之宣告者,Herald of the Arc Light
79613121,1,マジシャン・オブ・ブラックカオス・ＭＡＸ,黑混沌之魔术师·黑混沌极魔导,Magician of Black Chaos MAX
79625003,1,ＳＮｏ.３７ スパイダー・シャーク,闪光No.37 蜘蛛鲨,Number S37: Spider Shark
79627627,1,半纏鳥官－コンバード,半缠鸟官-转变鸟,Conbirdable
79629370,1,月明かりの乙女,月光少女,Maiden of the Moonlight
79636594,1,ブロック・スパイダー,积木蜘蛛,Block Spider
79649195,3,アーマーブレイク,铠甲破坏,Armor Break
79656239,1,アロマセラフィ－スイート・マジョラム,芳香炽天使-甜马郁兰,Aromaseraphy Sweet Marjoram
79663524,1,オイリーゼミ,油油蝉,Oily Cicada
79698395,2,未界域－ユーマリア大陸,未界域-幽魔里亚大陆,Realm of Danger!
79703905,1,雲魔物－アルトス,云魔物-高层云,Cloudian - Altus
79707116,2,パラライズ・チェーン,麻痹链,Paralyzing Chain
79718768,2,急転直下,急转直下,Out of the Blue
79724755,1,黄紡鮄デュオニギス,黄纺鮄 黄鲂二重奏,Guitar Gurnards Duonigis
79747096,1,ＣＮｏ.１ ゲート・オブ・カオス・ヌメロン－シニューニャ,混沌No.1 混沌源数门-空,Number C1: Numeron Chaos Gate Sunya
79755671,1,星辰法宮グラメル,星辰法宫 狮子宝瓶龙魔,Dracotail Gramel
79757784,1,幻奏の音女タムタム,幻奏的音女 唐唐,Tamtam the Melodious Diva
79759367,3,魔導人形の夜,魔导人偶之夜,Madolche Nights
79759861,2,死者への手向け,对死者的供奉,Tribute to The Doomed
79766336,3,闇よりの罠,黑暗中的陷阱,Trap of Darkness
79775821,3,セリオンズ・スタンダップ,兽带斗神起身,Therion Stand Up!
79777187,2,バリア・バブル,护罩泡泡,Bubble Barrier
79783880,1,逢魔ノ妖刀－不知火,逢魔之妖刀-不知火,Shiranui Spectralsword Shade
79785958,1,ヴェルズ・カストル,入魔鬼·北河二,Evilswarm Castor
79791878,2,光の黄金櫃,光之黄金柜,Shining Sarcophagus
79794767,1,アモルファージ・オルガ,无形噬体·愤怒,Amorphage Wrath
79796561,1,シンクロ・ガンナー,同调炮手,Synchro Soldier
79798060,1,地縛神 Ｃｃａｒａｙｈｕａ,地缚神 卡拉伊瓦,Earthbound Immortal Ccarayhua
79814787,1,伝説の白石,传说的白石,The White Stone of Legend
79816536,2,召喚師のスキル,召唤师的技艺,Summoner's Art
79844764,2,帝王の烈旋,帝王的烈旋,The Monarchs Stormforth
79850798,1,爆走特急ロケット・アロー,爆走特急 火箭飞矢,Rocket Arrow Express
79852326,3,死霊ゾーマ,死灵佐玛,Zoma the Spirit
79853073,1,サイファー・スカウター,密码侦察者,Cipher Soldier
79856792,1,究極宝玉神 レインボー・ドラゴン,究极宝玉神 虹龙,Rainbow Dragon
79858629,1,エクソシスター・イレーヌ,救祓少女·伊雷娜,Exosister Irene
79861914,2,妖仙大旋風,妖仙大旋风,Yosen Whirlwind
79864860,1,捕食植物トリフィオヴェルトゥム,捕食植物 穗叶藤三尖狱花神,Predaplant Triphyoverutum
79867938,1,ＢＫ ヘッドギア,燃烧拳击手 护头拳手,Battlin' Boxer Headgeared
79868386,2,ゴッド・ハンド・クラッシャー,神手粉碎拳,Fist of Fate
79870141,1,猛進する剣角獣,猛进的剑角兽,Mad Sword Beast
79875176,1,トゥーン・キャノン・ソルジャー,卡通加农炮兵,Toon Cannon Soldier
79875526,1,アタッチメント・サイバーン,附属电子翼,Attachment Cybern
79890560,1,占い魔女 フウちゃん,占卜魔女 小风,Fortune Fairy Hu
79905468,1,守護竜プロミネシス,守护龙 普罗米尼西斯,Guardragon Promineses
79912449,2,御巫の誘い輪舞,御巫的诱轮舞,Mikanko Reflection Rondo
79922118,2,おかしの家,糖果屋,Gingerbread House
79928401,1,勇気の天使ヴィクトリカ,勇气之天使 维多利卡,"Victorica, Angel of Bravery"
79933029,1,ピュアリィ・リリィ,纯爱妖精·夜妖精,Purrelyly
79965360,2,アマゾネスの秘宝,亚马逊的秘宝,Amazoness Heirloom
79967395,1,ＥＭウィップ・バイパー,娱乐伙伴 鞭子蛇,Performapal Whip Snake
79968632,2,六武衆の影忍術,六武众的影忍术,Secret Skills of the Six Samurai
79972330,1,幻蝶の刺客アゲハ,幻蝶刺客 凤蝶,Swallowtail Butterspy
79979666,1,Ｅ・ＨＥＲＯ バブルマン,元素英雄 水泡侠,Elemental HERO Bubbleman
79985120,1,ＲＲ－レヴォリューション・ファルコン－エアレイド,急袭猛禽-革命猎鹰-大空袭,Raidraptor - Revolution Falcon - Air Raid
79997591,3,ドゥーブルパッセ,二重巴塞舞姿,Doble Passe
80019195,1,伝説の騎士 ティマイオス,传说的骑士 蒂迈欧,Legendary Knight Timaeus
80032567,1,ジュラック・ギガノト,朱罗纪巨兽龙,Jurrac Giganoto
80033124,2,サイバーダーク・インパクト！,电子暗黑冲击！,Cyberdark Impact!
80036543,3,活路への希望,对活路的希望,Hope for Escape
80040886,1,碧鋼の機竜,碧钢之机龙,Navy Dragon Mech
80044027,2,御巫の火叢舞,御巫的火丛舞,Mikanko Fire Dance
80045583,1,古代の機械砲台,古代的机械炮台,Ancient Gear Cannon
80071763,1,魔人 ダーク・バルター,魔人 暗黑护持师,Dark Balter the Terrible
80073414,1,アブソリュートサイキッカー,绝对念动力体,Absolute Axon Kicker
80075749,2,バブルイリュージョン,水泡幻像,Bubble Illusion
80086070,1,ベアルクティ－グラン＝シャリオ,北极天熊-帝车,Ursarctic Grand Chariot
80088625,1,バイナル・ブレーダー,二进制剑士,Binary Blader
80101899,3,トラップトリック,蛊惑谋陷,Trap Trick
80102359,1,強化人類サイコ,强化人类 赛克,Reinforced Human Psychic Borg
80108118,1,Ｘ－セイバー ウルベルム,X-剑士 乌尔贝鲁姆,X-Saber Urbellum
80117527,1,Ｎｏ.１１ ビッグ・アイ,No.11 巨眼,Number 11: Big Eye
80141055,1,クマモール,熊掌魔手卫,Bearblocker
80141480,1,ハンター・スパイダー,猎手蜘蛛,Hunter Spider
80143954,3,オルターガイスト・カモフラージュ,幻变骚灵伪装,Altergeist Camouflage
80159717,1,ドラグニティナイト－トライデント,龙骑兵团骑士-三叉龙骑士,Dragunity Knight - Trident
80161395,2,神秘の中華なべ,神秘的中华锅,Mystik Wok
80163754,3,バーストブレス,爆裂龙息,Burst Breath
80168720,2,闇の訪れ,暗之拜访,Darkness Approaches
80170678,2,ＥＮ－エンゲージ・ネオスペース,EN-交战新宇宙,EN - Engage Neo Space
80181649,2,“Ｃａｓｅ ｏｆ Ｋ９”,“K9案件”,"""Case of K9"""
80186010,1,キラーザウルス,嗜杀恐龙,Destroyersaurus
80190753,1,桜姫タレイア,樱姬 塔利亚,"Talaya, Princess of Cherry Blossoms"
80193355,3,救出劇,救出剧,Dramatic Rescue
80196387,2,天啓の薔薇の鐘,天启之蔷薇钟,Rose Bell of Revelation
80204957,2,借カラクリ蔵,借机巧藏,Karakuri Cash Cache
80208158,1,異次元エスパー・スター・ロビン,异次元超能人·星斗罗宾,D.D. Esper Star Sparrow
80208323,1,異界の棘紫獣,异界的棘紫兽,Interplanetarypurplythorny Beast
80230510,2,埋葬されし生け贄,被埋葬的牲祭,Tribute Burial
80233946,1,ゴラ・タートル,筮龟,Gora Turtle
80234301,1,プリズマン,棱镜人,Prisman
80237445,1,アーティファクト－ミョルニル,古遗物-雷神锤,Artifact Mjollnir
80244114,1,スターダスト・ファントム,星尘幻影,Stardust Phantom
80250185,1,オートヴァレット・ドラゴン,自动手枪弹丸龙,Autorokket Dragon
80250319,1,グレイドル・スライムＪｒ.,小灰篮史莱姆,Graydle Slime Jr.
80254726,3,ブラック・バード・クローズ,黑鸟断道翼,Blackbird Close
80275707,1,道化鳥ラフィンパフィン,道化鸟 欢笑海鹦,Laughing Puffin
80280737,3,バスター・モード,爆裂模式,Assault Mode Activate
80280944,1,ジャイアント・レックス,巨王棘龙,Giant Rex
80304126,1,マジシャンズ・ヴァルキリア,魔术女武神,Magician's Valkyria
80312545,2,七精の解門,七精的解门,Opening of the Spirit Gates
80321197,1,クリムゾン・ブレーダー,深红剑士,Crimson Blader
80326401,2,青き眼の祈り,青色眼睛的祈祷,Wishes for Eyes of Blue
80335817,1,刻剣の魔術師,刻剑之魔术师,Timebreaker Magician
80344569,1,Ｎ・グラン・モール,新空间侠·大地鼹鼠,Neo-Spacian Grand Mole
80352158,2,マグネット・リバース,磁力再生,Magnet Reverse
80367387,1,コアキメイル・ベルグザーク,核成双刀手,Koa'ki Meiru Bergzak
80368942,2,コクーン・パーティ,茧状体派对,Cocoon Party
80402389,2,大樹海,大树海,Verdant Sanctuary
80433039,1,ふわんだりぃず×すとりー,随风旅鸟×鸵鸟,Floowandereeze & Stri
80441106,1,ケルドウ,凯尔多,Keldo
80447641,1,森の忍者 バット,森之忍者 小蝙,"Bat, the Forest Ninja"
80453041,1,ファントム・オブ・ユベル,于贝尔幻影,Phantom of Yubel
80457744,1,ブースト・ウォリアー,推进战士,Boost Warrior
80476891,1,進化合獣ヒュードラゴン,进化合兽 水蛇龙,Poly-Chemicritter Hydragon
80485722,1,ヴァンパイア・キラー,吸血鬼杀手,Vampire Hunter
80495985,1,フォトン・サーベルタイガー,光子剑齿虎,Photon Sabre Tiger
80513550,1,バッド・エンド・クイーン・ドラゴン,悲剧结局女王龙,Dragon Queen of Tragic Endings
80516007,1,レア・フィッシュ,珍鱼,Rare Fish
80529459,1,スクラップ・ラプター,废铁盗龙,Scrap Raptor
80532587,1,旧神ヌトス,旧神 努茨,Elder Entity N'tss
80534031,3,ヴァーチュ・ストリーム,善德激流弹,Virtue Stream
80538728,1,ゼンマイナイト,发条骑士,Wind-Up Knight
80549379,1,ドラグニティ－ジャベリン,龙骑兵团-标枪龙,Dragunity Javelin
80551130,3,奇跡の光臨,奇迹之光临,Miraculous Descent
80555062,1,武神器－チカヘシ,武神器-道返,Bujingi Warg
80555116,1,ナチュル・ガーディアン,自然守护者,Naturia Guardian
80559548,1,ＳＲシェイブー・メラン,疾行机人 变形回力镖,Speedroid Razorang
80560728,3,ディメンション・ミラージュ,次元海市蜃楼,Dimension Mirage
80566312,2,祝祷の聖歌,祝祷的圣歌,Hymn of Light
80570228,1,六武衆の破戒僧,六武众的破戒僧,Anarchist Monk of the Six Samurai
80577258,2,雪の天気模様,雪之天气模样,The Weather Snowy Canvas
80584548,3,弩弓部隊,弩弓部队,Ballista Squad
80600490,1,シャドウ・ファイター,暗影战士,Kageningen
80604091,3,血の代償,血之代偿,Ultimate Offering
80611581,1,ふわんだりぃず×えんぺん,随风旅鸟×帝企,Floowandereeze & Empen
80621253,1,マナドゥム・トリッド,末那愚子族·小热情,Mannadium Torrid
80621422,2,海造賊－象徴,海造贼-象征,Emblem of the Plunder Patroll
80627281,3,海晶乙女雪花,海晶少女雪花,Marincess Snow
80630522,1,花札衛－桐－,花札卫-桐-,Flower Cardian Paulownia
80637190,1,スパイダー・スパイダー,间谍蜘蛛,Spyder Spider
80651316,1,エヴォルダー・ケラト,进化龙·角鼻龙,Evolsaur Cerato
80666118,1,レッド・デーモンズ・ドラゴン・スカーライト,红莲魔龙·右红痕,Scarlight Red Dragon Archfiend
80678380,3,蛇神の勅命,蛇神的敕命,Snake Deity's Command
80681226,2,サイキック・ウェーブ,念动力波,Psychic Wave
80696379,1,オッドアイズ・メテオバースト・ドラゴン,异色眼陨火龙,Odd-Eyes Meteorburst Dragon
80701178,1,魔神儀－タリスマンドラ,魔神仪-曼德拉护符草,Impcantation Talismandra
80722024,2,メメント・ボーン・パーティー,莫忘骨头派对,Mementotlan Bone Party
80723580,3,大落とし穴,大落穴,Giant Trap Hole
80727036,1,黒き人食い鮫,黑色食人鲛,Man-eating Black Shark
80727721,1,ジュラック・アウロ,朱罗纪异特龙,Jurrac Aeolo
80738884,3,ＶＳ 龍帝ノ槍,征服斗魂 龙帝之枪,Vanquish Soul Calamity Caesar
80741828,1,見習い魔女,见习魔女,Witch's Apprentice
80744121,1,Ｄ－ＨＥＲＯ ドゥームガイ,命运英雄 破灭人,Destiny HERO - Fear Monger
80758812,3,デュアル・アブレーション,二重烧蚀,Gemini Ablation
80764541,1,Ｎｏ.４４ 白天馬スカイ・ペガサス,No.44 白天马,Number 44: Sky Pegasus
80769747,1,Ｃ・スネーク,链·锁缚蛇,Iron Chain Snake
80770678,1,ハープの精,竖琴精灵,Spirit of the Harp
80773359,1,Ａ ＢＦ－神立のオニマル,强袭黑羽-神立之鬼丸刀鸟,Assault Blackwing - Onimaru the Divine Thunder
80776622,1,ドドレミコード・クーリア,多之七音服·库莉娅,DoSolfachord Coolia
80794697,1,フレイム・バッファロー,帧缓存火牛,Flame Bufferlo
80796456,1,Ｎｏ.７０ デッドリー・シン,No.70 大罪蛛,Number 70: Malevolent Sin
80801743,3,破械雙極,破械双极,Abominable Chamber of the Unchained
80802524,3,ゴーストリック・ブレイク,鬼计心碎,Ghostrick Break
80811661,2,ハンバーガーのレシピ,汉堡的食谱,Hamburger Recipe
80813021,1,サイガー,犀牛,Torike
80825553,1,雲魔物－スモークボール,云魔物-小烟球,Cloudian - Smoke Ball
80831552,1,ダイナレスラー・バーリオニクス,恐龙摔跤手·无限制重爪龙,Dinowrestler Valeonyx
80831721,2,賢者の石－サバティエル,贤者之石-萨巴希尔,Sabatiel - The Philosopher's Stone
80839052,1,コアキメイル・サプライヤー,核成供给者,Koa'ki Meiru Supplier
80845034,2,“罪宝狩りの悪魔”,“罪宝狩猎之恶魔”,WANTED: Seeker of Sinful Spoils
80863132,3,無効,无效,Muko
80870883,1,レッドアイズ・ブラックフルメタルドラゴン,真红眼黑重钢龙,Red-Eyes Black Fullmetal Dragon
80885284,1,ゴーストリック・キョンシー,鬼计僵尸,Ghostrick Jiangshi
80885324,1,サーチ・ストライカー,突击搜查官,Search Striker
80887714,2,ギャラクシー・ストーム,银河风暴,Galaxy Storm
80887952,1,ヘリオス・デュオ・メギストス,双子太阳 赫利俄斯,Helios Duo Megistus
80889750,1,デストーイ・サーベル・タイガー,魔玩具·军刀剑齿虎,Frightfur Sabre-Tooth
80893872,2,ロイヤル・ペンギンズ・ガーデン,王家企鹅花园,Royal Penguins Garden
80896940,1,涅槃の超魔導剣士,涅槃之超魔导剑士,Nirvana High Paladin
80908502,1,Ｅ・ＨＥＲＯ キャプテン・ゴールド,元素英雄 黄金队长,Elemental HERO Captain Gold
80921533,2,死皇帝の陵墓,死皇帝之陵墓,Mausoleum of the Emperor
80925836,1,コアキメイル・デビル,核成恶魔,Koa'ki Meiru Doom
80949182,1,Ｂ・Ｆ－降魔弓のハマ,蜂军-降魔弓之破魔矢蜂,Battlewasp - Hama the Conquering Bow
80955168,3,王墓の罠,王墓的陷阱,Trap of the Imperial Tomb
80959027,1,魔導獣 バジリスク,魔导兽 巴西利斯克冠蜥,Mythical Beast Bashilisk
80965043,1,斬機アディオン,斩机 加武,Mathmech Addition
80978111,1,飛翔するＧ,飞翔的G,"Flying ""C"""
80987696,3,時の機械－タイム・マシーン,时间机械,Time Machine
80993256,1,亜種羅王,亚种罗王,Ashura King
81000306,2,渾身の一撃,浑身一击,Full-Force Strike
81003500,1,Ｅ・ＨＥＲＯ ネクロイド・シャーマン,元素英雄 死灵萨满,Elemental HERO Necroid Shaman
81005500,1,お菓子の大精霊ウィーン,点心大精灵 维恩,"Ween, the Spirit of Treats"
81019803,1,うきうきメルフィーズ,欢快童话动物家族,Merry Melffys
81020140,1,ヴォルカニック・リボルバー,火山转轮,Volcanic Blaster
81020646,1,煉獄龍 オーガ・ドラグーン,炼狱龙 食人魔龙鬼,Void Ogre Dragon
81028112,1,エレキック・ファイター,电气念力斗士,Wattsychic Fighter
81034083,1,暗黒の招来神,暗黑之招来神,Dark Beckoning Beast
81035362,1,魔サイの戦士,魔犀族战士,Fiendish Rhino Warrior
81038234,3,夢魔鏡の夢語らい,梦魔镜的说梦,Dream Mirror Recap
81055000,1,ＥＭリターンタンタン,娱乐伙伴 返回狸,Performapal Handstandaccoon
81057455,3,壊獣捕獲大作戦,坏兽捕获大作战,Kaiju Capture Mission
81057959,1,ドラゴヒューマン,龙人,D. Human
81059524,1,デス・ヴォルストガルフ,死亡魔导龙,Des Volstgalph
81066751,3,神罰,神罚,Divine Punishment
81078880,1,Ｌｉｖｅ☆Ｔｗｉｎ リィラ・トリート,直播☆双子 璃拉·糖果,Live☆Twin Lil-la Treat
81096431,1,ドレイク・シャーク,龙兽鲨,Drake Shark
81105204,1,ＢＦ－残夜のクリス,黑羽-残夜之波刃剑鸟,Blackwing - Kris the Crack of Dawn
81108658,1,ベアルクティ－メガビリス,北极天熊-大灰熊,Ursarctic Megabilis
81109178,1,ファイヤークラッカー,爆竹鬼,Fire Cracker
81119816,1,プランキッズ・パルス,调皮宝贝·脉冲娃,Prank-Kids Fansies
81122844,1,発条空母ゼンマイティ,发条空母 发条巨舰,Wind-Up Carrier Zenmaity
81128478,3,ライヤー・ワイヤー,蛛穴丝网,Lair Wire
81146288,1,大凛魔天使ローザリアン,大凛魔天使 蔷薇仙,"Rosaria, the Stately Fallen Angel"
81167171,3,ヒーロースピリッツ,英雄精神,Hero Spirit
81171949,2,ジャックポット７,头奖壶7,Jackpot 7
81172176,3,デビル・コメディアン,恶魔喜剧演员,Fiend Comedian
81179446,1,青虫,青虫,Kattapillar
81191584,2,悪夢再び,噩梦再临,Recurring Nightmare
81192859,2,Ｇａ－Ｐ.Ｕ.Ｎ.Ｋ.ワイルド・ピッキング,雅乐朋克野蛮弹奏,Gagaku-P.U.N.K. Wild Picking
81193865,2,エターナル・エヴォリューション・バースト,永恒进化光焰,Super Strident Blaze
81196066,1,月光舞香姫,月光舞香姬,Lunalight Perfume Dancer
81197327,1,Ｅ・ＨＥＲＯ スチーム・ヒーラー,元素英雄 蒸汽医治者,Elemental HERO Steam Healer
81210420,3,マジカルシルクハット,魔术礼帽,Magical Hats
81218874,3,侵略の波紋,侵略的波纹,Infestation Ripples
81223446,3,死魂融合,死魂融合,Necro Fusion
81231742,2,破邪の魔法壁,破邪之魔法壁,Sorcerous Spell Wall
81254059,1,ワーム・クィーン,异虫女王,Worm Queen
81260679,1,オオヒメの御巫,大日女之御巫,Ohime the Manifested Mikanko
81263643,1,幻妖フルドラ,幻妖 胡尔德拉,Mystrick Hulder
81269231,1,古代の機械合成竜,古代的机械合成龙,Ancient Gear Hydra
81275020,1,ＳＲベイゴマックス,疾行机人 贝陀螺集合体,Speedroid Terrortop
81275309,1,氷結界の虎将 ライホウ,冰结界的虎将 莱蓬,General Raiho of the Ice Barrier
81278754,1,裏ガエル,里青蛙,Flip Flop Frog
81306186,3,リターン・オブ・ザ・ワールド,世界再生,Renewal of the World
81306586,1,ペンギン・ナイトメア,梦魇企鹅,Nightmare Penguin
81321206,1,ベアルクティ－ミクビリス,北极天熊-小灰熊,Ursarctic Mikbilis
81325903,2,アマゾネスの呪詛師,亚马逊诅咒师,Amazoness Spellcaster
81330115,1,Ｎｏ.３０ 破滅のアシッド・ゴーレム,No.30 破灭之酸液石人,Number 30: Acid Golem of Destruction
81332143,2,友情 ＹＵ－ＪＹＯ,友情 YU-JYO,Yu-Jo Friendship
81336148,1,ソード・マスター,剑圣,Sword Master
81344070,1,海造賊－金髪の訓練生,海造贼-金头发训练生,"Goldenhair, the Newest Plunder Patroll"
81344637,1,呪眼の眷属 バジリウス,咒眼之眷属 巴西利乌斯,"Basilius, Familiar of the Evil Eye"
81354330,1,朱雀の召喚士,朱雀召唤士,Red Sparrow Summoner
81380218,2,聖域の歌声,圣域歌声,Chorus of Sanctuary
81383947,1,白魔導士ピケル,白魔导士 绒儿,White Magician Pikeru
81384993,2,Ｓｉｎ Ｃｒｏｓｓ,罪 十字,Malefic Divide
81385346,2,スタンピング・クラッシュ,粉碎践踏,Stamping Destruction
81386177,1,神魚,神鱼,Bottom Dweller
81418467,1,原石竜インペリアル・ドラゴン,原石龙 帝王黄玉龙,Primite Imperial Dragon
81426505,2,六武式三段衝,六武式三段冲,Six Strike - Triple Impact
81434470,1,サウザンド・アイズ・フィッシュ,千眼卵鱼,Thousand-Eyes Jellyfish
81439173,2,おろかな埋葬,愚蠢的埋葬,Foolish Burial
81443745,3,水遁封印式,水遁封印式,Sealing Ceremony of Suiton
81470373,1,ＢＦ－毒風のシムーン,黑羽-毒风之西蒙,Blackwing - Simoon the Poison Wind
81471108,1,ＺＷ－風神雲龍剣,异热同心武器-风神云龙剑,ZW - Tornado Bringer
81476402,1,邪悪龍エビルナイト・ドラゴン,邪恶龙 邪恶骑士龙,Wicked Serpent Night Dragon
81480460,1,リボルバー・ドラゴン,左轮手枪龙,Barrel Dragon
81481818,1,パッチワーク・ファーニマル,拼缝型毛绒动物,Patchwork Fluffal
81489939,3,デビリアン・ソング,魔人之歌,Stygian Dirge
81492226,1,太古の壺,太古之壶,Ancient Jar
81497285,1,迷宮城の白銀姫,迷宫城的白银姬,Lady Labrynth of the Silver Castle
81510157,2,ソウルテイカー,灵魂捕获者,Soul Taker
81519836,1,苗と霞の春化精,苗与霞的春化精,Vernusylph of the Misting Seedlings
81524756,1,天穹のパラディオン,天穹之圣像骑士,Crusadia Maximus
81524977,2,種子弾丸,种子弹丸,Seed Cannon
81549048,3,竜華三界流転,龙华三界流转,Ryu-Ge Rivalry
81555617,1,デスピアの凶劇,死狱乡的凶剧,Ad Libitum of Despia
81558967,1,ワルキューレ・フィアット,女武神四女,Valkyrie Vierte
81563416,1,泉の妖精,泉之妖精,Fairy of the Fountain
81566151,1,Ｅ・ＨＥＲＯ フレア・ネオス,元素英雄 火焰新宇侠,Elemental HERO Flare Neos
81570454,1,焔聖騎士－ローラン,焰圣骑士-罗兰,Infernoble Knight - Roland
81571633,1,ＤＤプラウド・オーガ,DD 高傲食人魔,D/D Proud Ogre
81587028,1,おもちゃ箱,玩具盒,Box of Friends
81599449,1,化合獣カーボン・クラブ,化合兽 碳素蟹,Chemicritter Carbo Crab
81601517,3,ヴィクティム・カウンター,受害者的反击,Gemini Counter
81612598,1,メタルフォーゼ・アダマンテ,炼装勇士·精金超人,Metalfoes Adamante
81613061,2,ウォークライ・ミーディアム,战吼灵媒,War Rock Medium
81615450,2,レプティレス・ラミフィケーション,爬虫妖女的蛇化分歧,Reptilianne Ramifications
81616639,1,ゾンビーナ,僵尸女孩,Zombina
81618817,1,ゼミアの神,杰米亚之神,Lord of Zemia
81661951,1,ドラグニティ－ミリトゥム,龙骑兵团-士兵,Dragunity Militum
81665333,3,撤収命令,撤收命令,Sound the Retreat!
81670445,2,クロノダイバー・ハック,时间潜行者停秒,Time Thief Hack
81674782,2,次元の裂け目,次元的裂缝,Dimensional Fissure
81677154,1,メメント・シーホース,莫忘海马兽,Mementotlan Tatsunootoshigo
81686058,1,セイレーン,塞壬,Ill Witch
81696879,1,影騎士シメーリア,影骑士 奇美莉娅,Centur-Ion Chimerea
81743801,1,竜王キング・レックス,龙王 恐龙王,Mighty Dino King Rex
81752019,1,花札衛－松－,花札卫-松-,Flower Cardian Pine
81755371,1,ダークフレーム,暗构体,Dark Effigy
81756619,2,死を謳う魔瞳,讴歌死亡的魔瞳,Succumbing-Song Morganite
81756897,2,ゼラの儀式,杰拉的仪式,Zera Ritual
81759748,1,ダーク・スパイダー,暗黑蜘蛛,Dark Spider
81767888,3,烙印の剣,烙印之剑,Branded Sword
81769387,1,扇風機塊プロペライオン,扇风机块 螺旋风扇狮,Appliancer Propelion
81777047,2,シャインスパーク,光芒冲击,Luminous Spark
81782101,1,レプティア・エッグ,爬虫蛋,Reptia Egg
81782376,3,運命の発掘,命运之发掘,Dig of Destiny
81788994,2,影牢の呪縛,影牢之咒缚,Curse of the Shadow Prison
81791932,3,スネーク・ホイッスル,蛇哨,Snake Whistle
81810441,2,星輝士の因子,星辉士的因子,Stellarknight Alpha
81816475,1,オーバーレイ・イーター,叠光吞噬者,Overlay Eater
81820689,2,未熟な密偵,未熟的密探,The Inexperienced Spy
81823360,1,メガロスマッシャーＸ,巨噬者X,Megalosmasher X
81825063,1,氷結界の虎将 ウェイン,冰结界的虎将 韦恩,General Wayne of the Ice Barrier
81843628,1,ニードルワーム,针虫,Needle Worm
81846453,1,武力の軍奏,武力军奏,Martial Metal Marcher
81846636,1,ジェムナイト・ラズリー,宝石骑士·小璃,Gem-Knight Lazuli
81863068,1,悪魔の偵察者,恶魔侦察者,Hiro's Shadow Scout
81866673,1,Ｄ－ＨＥＲＯ ダッシュガイ,命运英雄 冲刺人,Destiny HERO - Dasher
81873903,1,エヴォルド・ウェストロ,进化虫·西洛仙蜥,Evoltile Westlo
81878201,2,アビスティング－トリアイナ,深渊刺器-三叉戟,Abyss-sting Triaina
81881839,2,二重露光,二重曝光,Double Exposure
81896370,1,疾風鳥人ジョー,疾风鸟人 乔,Swift Birdman Joe
81896771,1,エレキジ,电气雉鸡,Wattpheasant
81907872,1,ゴーストリック・スペクター,鬼计亡灵,Ghostrick Specter
81913510,2,ＮＥＸ,新空间侠界限,NEX
81914447,1,Ｎｏ－Ｐ.Ｕ.Ｎ.Ｋ.オーガ・ナンバー,能朋克 鬼能乐,Noh-P.U.N.K. Ogre Dance
81919143,1,ブレイン・クラッシャー,大脑破坏虫,Brain Crusher
81927732,1,ＲＲ－レヴォリューション・ファルコン,急袭猛禽-革命猎鹰,Raidraptor - Revolution Falcon
81933259,2,悪魔鏡の儀式,恶魔镜的仪式,Beastly Mirror Ritual
81945676,1,メメント・メイス,莫忘心钥精,Mementotlan Mace
81945678,3,ジョーカーズ・ワイルド,王牌百搭,Joker's Wild
81951640,1,奇動装置メイルファクター,奇动装置 无许可因子,Unauthorized Bootup Device
81954378,2,死神の大鎌－デスサイス,死神的大镰-断魂,Reaper Scythe - Dreadscythe
81962318,1,ドラグニティ－トリブル,龙骑兵团-军事官,Dragunity Tribus
81974607,1,光波翼機,光波翼机,Cipher Wing
81977953,1,デザート・ツイスター,荒漠龙卷怪,Desert Twister
81978611,2,エクシーズ・エントラスト,超量信托,Xyz Entrust
81983656,1,ＢＦ Ｔ－漆黒のホーク・ジョー,黑羽驯鸟师-漆黑之鹰匠·乔,Blackwing Tamer - Obsidian Hawk Joe
81985784,1,デスグレムリン,死亡精怪,Des Feral Imp
81992475,1,彼岸の悪鬼 バルバリッチャ,彼岸的恶鬼 巴尔巴里恰,"Barbar, Malebranche of the Burning Abyss"
81994591,2,コアキメイルの金剛核,核成兽的金刚核,Diamond Core of Koa'ki Meiru
81997228,1,プランキッズ・ハウスバトラー,调皮宝贝屋子管家,Prank-Kids Battle Butler
82003859,2,通行税,通行税,Toll
82005435,1,女忍者ヤエ,女忍者 八重,Lady Ninja Yae
82012319,1,スクラップ・ゴーレム,废铁石人,Scrap Golem
82016179,2,森羅の施し,森罗的施舍,Sylvan Charity
82035781,1,ツインヘデッド・ビースト,双头猛兽,Twinheaded Beast
82041999,1,Ｊｏ－Ｐ.Ｕ.Ｎ.Ｋ.Ｍｍｅ.スパイダー,净琉璃朋克 蜘蛛夫人,Joruri-P.U.N.K. Madame Spider
82044279,1,クリアウィング・シンクロ・ドラゴン,幻透翼同调龙,Clear Wing Synchro Dragon
82045034,3,百雷のサンダー・ドラゴン,百雷之雷龙,Thunder Dragons' Hundred Thunders
82050203,1,ドテドテング,走溜溜天狗,Dotedotengu
82052602,2,ガガガバック,我我我回归,Gagagaback
82065276,1,オシロ・ヒーロー,电波英雄,Oscillo Hero
82085295,1,魔神儀－ペンシルベル,魔神仪-羽毛刀钢笔,Impcantation Penciplume
82085619,1,フレンドシップ,友谊天使,Shining Friendship
82090807,1,アルギロスの落胤,阿吉罗斯的落胤,Fallen of Argyros
82099401,1,水晶の占い師,水晶占卜师,Crystal Seer
82103466,1,蛇神ゲー,蛇神 格,Divine Serpent Geh
82105704,2,ピュアリィ・ハッピーメモリー,纯爱妖精快乐回忆,Purrely Happy Memory
82108372,1,ムドラ,姆多拉,Mudora
82112494,1,超重神童ワカ－Ｕ４,超重神童 牛若-U4,Superheavy Samurai Prodigy Wakaushi
82112775,1,Ｄ・Ｄ・Ｍ,异次元之主,D.D.M. - Different Dimension Master
82114013,1,ドラコニアの海竜騎兵,德拉科尼亚的海龙骑兵,Sea Dragoons of Draconia
82116191,1,ギガント・セファロタス,巨大土瓶草,Gigantic Cephalotus
82128978,1,リブロマンサー・マジガール,书灵师·魔法少女,Libromancer Magigirl
82134632,3,メルフィータイム,童话动物时间,Melffy Playhouse
82135803,1,刻まれし魔ディエスイレ,刻魔 震怒之日,Fiendsmith's Desirae
82140600,3,約束の地 －アヴァロン－,约定之地 -阿瓦隆-,Avalon
82162616,3,永遠なる銀河,永远的银河,Eternal Galaxy
82176812,1,魔装戦士 ハイドロータス,魔装战士 水龟,"Hydrotortoise, the Empowered Warrior"
82184400,1,アビス・オーパー,深渊怪鱼卫士,Abyss Keeper
82190203,2,光翼の竜,光翼之龙,Wings of Light
82197831,1,驀進装甲ライノセイバー,蓦进装甲 剑角犀牛,Rampaging Smashtank Rhynosaber
82199284,1,霞の谷のファルコン,霞之谷的猎鹰,Mist Valley Falcon
82213171,1,闇王プロメティス,暗王 普罗米修斯,"Prometheus, King of the Shadows"
82224646,1,ＥＭオッドアイズ・シンクロン,娱乐伙伴 异色眼同调士,Performapal Odd-Eyes Synchron
82243738,1,エンジェルＯ１,天使O1,Angel O1
82255872,3,戦華史略－大丈夫之義,战华史略-大丈夫之义,Ancient Warriors Saga - Chivalrous Path
82257671,1,ガッチリ＠イグニスター,牢牢妖@火灵天星,Gatchiri @Ignister
82257940,2,プレゼント交換,礼物交换,Gift Exchange
82260502,1,ヒエラコスフィンクス,斯芬克斯 海尔拉克,Hieracosphinx
82263578,2,戦火の残滓,战火的残余,After the Storm
82270047,2,Ｋｏｚｍｏ－レイブレード,星际仙踪-光线剑,Kozmo Lightsword
82286798,2,クシャトリラ・アクストラ,俱舍怒威族的恶修罗星,Kashtira Akstra
82293134,1,紋章獣レオ,纹章兽 狮子,Heraldic Beast Leo
82301904,1,混沌帝龍 －終焉の使者－,混沌帝龙 -终焉的使者-,Chaos Emperor Dragon - Envoy of the End
82308875,1,Ｎｏ.７ ラッキー・ストライプ,No.7 幸运条纹人,Number 7: Lucky Straight
82315403,1,サイバー・エタニティ・ドラゴン,电子永恒龙,Cyber Eternity Dragon
82315772,1,紋章獣エアレー,纹章兽 野迩,Heraldic Beast Eale
82319644,1,邪王トラカレル,邪王 特拉卡埃莱尔,"Tlakalel, His Malevolent Majesty"
82321037,1,真竜皇バハルストスＦ,真龙皇 巴哈斯督·统领,"True King Bahrastos, the Fathomer"
82324105,3,極限への衝動,对极限的冲动,Limit Impulse
82324312,1,ゴブリン偵察部隊,哥布林侦察部队,Goblin Recon Squad
82340056,3,栄誉の贄,荣誉的祭品,Offering to the Immortals
82361206,2,霊滅独鈷杵,灵灭独钴杵,Tokkosho of Ghost Destroying
82361809,1,スケアクロー・ライヒハート,恐吓爪牙族·莱希哈特,Scareclaw Reichheart
82377606,1,Ａ・Ｏ・Ｊ アンリミッター,正义盟军 无限虫,Ally of Justice Unlimiter
82382815,3,王者の看破,王者的看破,Champion's Vigilance
82385847,1,ダイナレスラー・パンクラトプス,恐龙摔跤手·潘克拉辛角龙,Dinowrestler Pankratops
82386016,2,烏合の行進,乌合之行进,The Big Cattle Drive
82404868,2,黒魔術のヴェール,黑魔术的帷幕,Dark Magic Veil
82419869,1,Ｕ.Ａ.パーフェクトエース,超级运动员 完美王牌投手,U.A. Perfect Ace
82422049,3,ガスタへの祈り,对薰风的祈祷,Blessings for Gusto
82428674,3,サイバネティック・オーバーフロー,电子溢出,Cybernetic Overflow
82432018,2,凶暴化の仮面,凶暴化之假面,Mask of Brutality
82434071,1,インフェルニティ・ポーン,永火兵卒,Infernity Pawn
82452993,3,孤高の格闘家,孤高的格斗家,Lone Wolf
82458280,1,マジック・ホール・ゴーレム,魔孔石人,Magic Hole Golem
82460246,2,伍世壊＝カラリウム,伍世坏-喜悦世界,Peaceful Planet Calarium
82466274,1,呪眼の死徒 サリエル,咒眼之死徒 沙利叶,"Serziel, Watcher of the Evil Eye"
82482194,1,ミレニアム・スコーピオン,千年蝎,Millennium Scorpion
82489470,1,軒轅の相剣師,轩辕之相剑师,The Golden Swordsoul
82496097,1,クロノダイバー・ベゼルシップ,时间潜行者表圈潜艇,Time Thief Bezel Ship
82498947,1,氷結界の守護陣,冰结界的守护阵,Defender of the Ice Barrier
82529174,3,希望の光,希望之光,Ray of Hope
82542267,2,墓掘りグール,掘墓的食尸鬼,Gravedigger Ghoul
82556058,1,デモニック・モーター・Ω,魔机马达·Ω,Fiendish Engine Ω
82562802,1,サイバー・ダーク・クロー,电子暗黑恶爪,Cyberdark Claw
82566662,1,トウテツドラゴン,饕餮龙,Taotie Dragon
82570174,1,燦幻昇龍バイデント・ドラギオン,灿幻升龙 双叉戟龙军王,Sangenpai Bident Dragion
82579942,1,ライトレイ マドール,光芒使者 魔道士,Lightray Madoor
82593786,1,タスケルトン,骨猪一掷,Bacon Saver
82627406,1,キウイ・マジシャン・ガール,奇异果魔术少女,Kiwi Magician Girl
82633039,1,鳥銃士カステル,鸟铳士 卡斯泰尔,"Castel, the Skyblaster Musketeer"
82633308,3,サイコ・チャージ,念力聚能,Psychic Overload
82639107,2,コンバート・コンタクト,转变接触,Convert Contact
82642348,1,クルーエル,残酷,Kryuel
82661461,1,ＥＭオッドアイズ・バレット,娱乐伙伴 异色眼贴身男仆,Performapal Odd-Eyes Valet
82661630,2,登竜華恐巄門,登龙华恐巃门,Ryu-Ge Realm - Dino Domains
82670878,1,血涙のオーガ,血泪食人魔,Ogre of the Scarlet Sorrow
82685480,2,海竜神の怒り,海龙神之怒,Rage of Kairyu-Shin
82693042,1,混沌球体,混沌球体,Sphere of Chaos
82693917,1,フォーチュンレディ・ウインディー,命运女郎·温蒂,Fortune Lady Wind
82697249,1,Ｎｏ.５９ 背反の料理人,No.59 背反之料理人,Number 59: Crooked Cook
82697428,1,Ｖ・ＨＥＲＯ ウィッチ・レイド,幻影英雄 突袭魔女,Vision HERO Witch Raider
82699999,1,Ｌｉｖｅ☆Ｔｗｉｎ リィラ・スウィート,直播☆双子 璃拉·甜蜜,Live☆Twin Lil-la Sweet
82705573,3,バックファイア,逆火,Backfire
82732705,3,スキルドレイン,技能抽取,Skill Drain
82734805,1,インフェルノイド・ティエラ,狱火机·提耶拉,Infernoid Tierra
82735249,2,ゲネラールプローベ,彩排,Generalprobe
82738008,2,赫の烙印,赫之烙印,Branded in Red
82738277,1,ランカの蟲惑魔,兰卡之虫惑魔,Traptrix Mantis
82742611,1,デビル・スネーク,恶魔蛇,Serpent Marauder
82744076,1,チューニングガム,调和口香糖,Tuning Gum
82760689,2,宝札雲,宝札云,Lucky Cloud
82768499,2,螺旋のストライクバースト,螺旋之强袭炸裂,Spiral Flame Strike
82773292,1,悦楽の堕天使,悦乐之堕天使,Indulged Darklord
82777208,1,氷水のアクティ,冰水之阳起石精,Icejade Acti
82791472,1,戦華の叛－呂奉,战华之叛-吕奉,Ancient Warriors - Rebellious Lu Feng
82818645,1,岩石の精霊,岩石之精灵,Rock Spirit
82821760,1,巨大戦艦 ビッグ・コアＭｋ－ＩＩＩ,巨大战舰 巨核Mk-3,B.E.S. Big Core MK-3
82828051,2,アースクエイク,地震,Earthquake
82832464,3,ネフティスの覚醒,奈芙提斯的觉醒,Awakening of Nephthys
82841979,1,大和神,大和神,Yamato-no-Kami
82878489,2,シャイン・キャッスル,光之城,Shine Palace
82886276,3,サイバネット・サーキット,电脑网回路,Cynet Circuit
82888408,1,魔轟神獣ケルベラル,魔轰神兽 刻耳柏拉,The Fabled Cerburrel
82896870,1,ファーニマル・ドルフィン,毛绒动物·海豚,Fluffal Dolphin
82913020,1,セイクリッド・カドケウス,星圣商神杖使,Constellar Caduceus
82944432,1,機甲忍者ブレード・ハート,机甲忍者 刃心,Blade Armor Ninja
82946847,1,プチラノドン,小翼龙,Petiteranodon
82956214,3,ドラグマ・パニッシュメント,教导的惩罚,Dogmatika Punishment
82956492,1,ＤＤＤ神託王ダルク,DDD 神托王 达克,D/D/D Oracle King d'Arc
82962242,1,ヴァンプ・オブ・ヴァンパイア,吸血鬼妖女,Vampire Vamp
82971335,1,フォーチュンレディ・アーシー,命运女郎·厄希,Fortune Lady Earth
82977464,3,Ｓ－Ｆｏｒｃｅ スペシメン,治安战警队样本,S-Force Specimen
82983267,3,ピュアリィープ！？,纯爱妖精跳越！？,Purrelyeap!?
82994509,1,ツクシー,小笔头菜,Horseytail
82999629,2,ウォーターワールド,水世界,Umiiruka
83008724,2,おすすめ軍貫握り,推荐捏军贯,Gunkan Suship Catch-of-the-Day
83011277,1,キラー・トマト,杀人番茄,Mystic Tomato
83021423,1,チャッチャカアーチャー,急匆匆弓手,Chachaka Archer
83027236,3,ライト・オブ・デストラクション,破坏之光,Light of Destruction
83032858,1,エレメントセイバー・アイナ,元素灵剑士·辟地,Elementsaber Aina
83035296,1,メギストリーの儀術師,墨吉斯特里仪术师,Megistric Maginician
83039608,1,魔轟神獣アバンク,魔轰神兽 阿凡克,The Fabled Abanc
83039729,1,六武衆の師範,六武众的师范,Grandmaster of the Six Samurai
83048208,1,電子光虫－ＬＥＤバグ,电子光虫-LED瓢虫,Digital Bug LEDybug
83054225,2,緊急発進,紧急起飞,Scramble!! Scramble!!
83061014,1,後に亀と呼ばれる神,后被称为龟的神,Numen erat Testudo
83094004,1,エアロピΞ,健美操妖精Ξ,Aeropixthree
83102080,2,パラレル・ツイスター,平行龙卷,Parallel Twister
83104731,1,古代の機械巨人,古代的机械巨人,Ancient Gear Golem
83107873,1,雷鳥龍－サンダー・ドラゴン,雷鸟龙-雷龙,Thunder Dragonhawk
83108603,2,陽炎柱,阳炎柱,Hazy Pillar
83116692,1,死眼の伝霊－プシュコポンポス,死眼之传灵-普绪科蓬波斯,Doombearer Psychopompos
83121692,1,Ｅ・ＨＥＲＯ テンペスター,元素英雄 暴风侠,Elemental HERO Tempest
83133491,3,重力解除,重力解除,Zero Gravity
83135907,1,スクラップ・ゴブリン,废铁哥布林,Scrap Goblin
83152482,1,ユニオン・キャリアー,同盟运输车,Union Carrier
83190280,1,月光虎,月光虎,Lunalight Tiger
83195035,3,竜嵐還帰,龙岚还归,Storm Dragon's Return
83199011,3,スプリガンズ・コール！,护宝炮妖呼唤！,Springans Call!
83203672,1,スプリガンズ・バンガー,护宝炮妖·爆竹,Springans Branga
83225447,2,ドーピング,兴奋剂,Stim-Pack
83228073,1,針二千本,两千根针,Two Thousand Needles
83235263,1,ディノインフィニティ,无限恐龙,Tyranno Infinity
83236601,1,ＲＲ－トリビュート・レイニアス,急袭猛禽-进贡伯劳,Raidraptor - Tribute Lanius
83239739,1,オイスターマイスター,牡蛎大王,Oyster Meister
83241722,3,リバースダイス,反转骰子,Dice Re-Roll
83257450,1,幻の召喚神エクゾディア,幻之召唤神 艾克佐迪亚,The Unstoppable Exodia Incarnate
83258273,3,追い剥ぎゾンビ,僵尸拦路贼,Robbin' Zombie
83266006,2,逢華妖麗譚－魔妖語,逢华妖丽谭-魔妖语,Ghost Meets Girl - A Mayakashi's Manuscript
83266092,3,超古代生物の墓場,超古代生物的墓场,Grave of the Super Ancient Organism
83269557,1,ダーク・ヴァルキリア,暗黑女武神,Dark Valkyria
83272895,1,バチバチバチ,劈啪劈啪蜜蜂,Bachibachibachi
83274244,1,ドドドウォリアー,怒怒怒战士,Dododo Warrior
83283063,1,戦神－不知火,战神-不知火,Shiranui Shogunsaga
83286340,1,ウォークライ・フォティア,战吼斗士·福蒂亚,War Rock Fortia
83289866,2,ウィッチクラフト・バイストリート,魔女术的小巷,Witchcrafter Bystreet
83293307,1,クローラー・レセプター,机怪虫·受体虫,Krawler Receptor
83293635,2,七皇覚醒,七皇觉醒,Seventh Force
83295594,1,スチーム・シンクロン,蒸汽同调士,Steam Synchron
83301414,2,ウィッチクラフト・サボタージュ,魔女术的怠工,Witchcrafter Holiday
83303851,1,ＤＤＤ極智王カオス・アポカリプス,DDD 极智王 混沌默示神,D/D/D Chaos King Apocalypse
83308376,2,赫聖の相剣,赫圣之相剑,Swordsoul Punishment
83315222,1,ＢＫ プロモーター,燃烧拳击手 推广人,Battlin' Boxer Promoter
83319610,3,発条の巻き上げ,发条拧紧,Zenmaiday
83326048,3,次元障壁,次元障壁,Dimensional Barrier
83334932,1,超重武者バイ－Ｑ,超重武者 摩托-Q,Superheavy Samurai Motorbike
83340560,1,偉大なるダブルキャスター,伟大的双演员法师,The Great Double Casted Caster
83347294,1,オッドアイズ・ランサー・ドラゴン,异色眼枪兵龙,Odd-Eyes Lancer Dragon
83370323,1,トラパート,陷阱颠倒者,Torapart
83392426,1,ヴィークラー,二轮车人,Bicular
83407038,3,アマゾネスの急襲,亚马逊的急袭,Amazoness Onslaught
83414006,1,Ｖ・ＨＥＲＯ ポイズナー,幻影英雄 剧毒人,Vision HERO Poisoner
83438826,2,聖剣アロンダイト,圣剑 阿隆戴特,Noble Arms - Arfeudutyr
83443619,1,水晶機巧－スモーガー,水晶机巧-烟晶虎,Crystron Smiger
83446909,1,充電池メン,充电池人,Batteryman Charger
83461421,2,ペンデュラム・ストーム,灵摆风暴,Pendulum Storm
83464209,1,スリーピィ,催眠羊,Mystical Sheep #2
83467607,3,リフレクト・ネイチャー,自然反射,Nature's Reflection
83477829,1,星遺物－『星鎧』,星遗物-『星铠』,"World Legacy - ""World Armor"""
83488497,1,スケアクロー・アストラ,恐吓爪牙族·雷电恐惧兽,Scareclaw Astra
83500096,1,Ａ・ジェネクス・ソリッド,盟军·次世代冷冻兵,Genex Ally Solid
83512285,2,ハイパー・ギャラクシー,超银河,Hyper Galaxy
83518674,1,未界域のオゴポゴ,未界域的奥古布古,Danger! Ogopogo!
83519853,1,魔聖騎士皇ランスロット,魔圣骑士皇 兰斯洛特,Ignoble Knight of High Laundsallyn
83531441,1,彼岸の旅人 ダンテ,彼岸的旅人 但丁,"Dante, Traveler of the Burning Abyss"
83533296,2,転生炎獣の炎軍,转生炎兽的炎军,Salamangreat Charge
83544697,2,ガスタの交信,薰风的交信,Contact with Gusto
83546647,3,無抵抗の真相,无抵抗的真相,Wolf in Sheep's Clothing
83550869,1,トワイライトロード・ファイター ライコウ,暮光道斗犬 雷光,"Ryko, Twilightsworn Fighter"
83554231,2,転生炎獣の再起,转生炎兽的再起,Salamangreat Recureance
83555666,3,破壊輪,破坏轮,Ring of Destruction
83558891,2,肆世壊の新星,肆世坏的新星,Scareclaw Arrival
83575471,1,Ａ宝玉獣 ルビー・カーバンクル,高等宝玉兽 红玉兽,Advanced Crystal Beast Ruby Carbuncle
83584898,2,魔界の足枷,魔界的足枷,Darkworld Shackles
83589191,2,ライフハック,生命入侵,Life Hack
83602069,1,共闘するランドスターの剣士,共同战斗的地星剑士,Comrade Swordsman of Landstar
83604828,1,雲魔物－ゴースト・フォッグ,云魔物-鬼雾,Cloudian - Ghost Fog
83610035,1,セリオンズ“リリー”ボレア,兽带斗神“百合”胃宿二,"Therion ""Lily"" Borea"
83629030,1,トゥーン・サイバー・ドラゴン,卡通电子龙,Toon Cyber Dragon
83656563,1,中生代化石マシン スカルワゴン,中生代化石机动车 骷髅旅行车,Fossil Machine Skull Wagon
83670388,2,氷水呪縛,冰水咒缚,Icejade Curse
83675475,3,トークン謝肉祭,衍生物谢肉祭,Token Feastevil
83678433,1,ミッドナイト・デビル,午夜恶魔,Midnight Fiend
83682209,1,海霊賊,海灵贼,Piwraithe the Ghost Pirate
83682725,2,テールスイング,摆尾攻击,Tail Swipe
83705073,1,ワルキューレ・エルダ,女武神·埃尔达,Valkyrie Erda
83711531,1,真紅眼の鋼爪竜,真红眼钢爪龙,Red-Eyes Metal Claws Dragon
83715234,2,ムーン・スクレイパー,削月刀,Attack the Moon!
83723605,3,海晶乙女環流,海晶少女环流,Marincess Circulation
83725008,1,ライトロード・プリースト ジェニス,光道祭司 珍妮丝,"Jenis, Lightsworn Mender"
83743222,1,女神の聖弓－アルテミス,女神的圣弓-矢月,Goddess Bow
83746708,2,魔導師の力,魔导师之力,Mage Power
83747250,3,黄昏の交衣,黄昏之交衣,Twilight Cloth
83755611,1,輝竜星－ショウフク,辉龙星-蚣蝮,"Baxia, Brightness of the Yang Zing"
83764718,2,死者蘇生,死者苏生,Monster Reborn
83764996,1,魔導紳士－Ｊ,魔导绅士-J,The Illusory Gentleman
83778600,3,ミス・リバイブ,错误复活,Foolish Revival
83793721,1,幻奏の華歌神フラワリング・エトワール,幻奏的华歌神 花开之埃图瓦勒,Flowering Etoile the Melodious Magnificat
83810690,1,Ｘ－セイバー ウェイン,X-剑士 韦恩,X-Saber Wayne
83812099,1,フリントロック,火石战机,Flint Lock
83819309,1,冷える火,冷却之火,Cooling Embers
83827392,1,エクスピュアリィ・ノアール,历练纯爱妖精·黑暗妖精,Expurrely Noir
83828288,3,豆まき,撒豆,Mamemaki
83831356,2,カラクリ大暴走,机巧大暴走,Runaway Karakuri
83838727,2,ドローパン,抽卡面包,Drawbread
83866861,1,デストーイ・マッド・キマイラ,魔玩具·狂乱奇美拉,Frightfur Chimera
83880087,2,ムーンバリア,弯月罩,Light Wing Shield
83880473,2,ウォークライ・スピリッツ,战吼精神,War Rock Spirit
83887306,3,はさみ撃ち,夹击,Two-Pronged Attack
83888009,3,七皇再生,七皇再生,Rebirth of the Seventh Emperors
83903521,1,ファラオの化身,法老的化身,Beast of the Pharaoh
83928661,2,未界域捕縛作戦,未界域捕缚作战,Danger! Feets of Strength!
83957459,1,ライノタウルス,犀牛头人,Rhinotaurus
83962752,3,シンクロ・パニック,同调恐慌,Synchro Panic
83965310,1,Ｄ－ＨＥＲＯ Ｂｌｏｏ－Ｄ,命运英雄 血魔-D,Destiny HERO - Plasma
83968380,3,強欲な瓶,强欲之瓶,Jar of Greed
83980492,1,銅鑼ドラゴン,铜锣龙,Dragong
83982270,1,雲魔物－ポイズン・クラウド,云魔物-毒云,Cloudian - Poison Cloud
83986578,1,王虎ワンフー,王虎,King Tiger Wanghu
83991690,1,ブーテン,天猪福,Buten
83994433,1,閃珖竜 スターダスト,闪珖龙 星尘,Stardust Spark Dragon
83994646,1,死の４つ星てんとう虫,死之四星瓢虫,4-Starred Ladybug of Doom
84012625,2,シューティング・ソニック,流星音击,Cosmic Flare
84013237,1,Ｎｏ.３９ 希望皇ホープ,No.39 希望皇 霍普,Number 39: Utopia
84025439,1,超量機神王グレート・マグナス,超级量子机神王 大磁炎,Super Quantal Mech King Great Magnus
84040113,1,ドロドロゴン,泥糊泥龙王,Muddy Mudragon
84046493,1,ゴースト・ビーフ,鬼牛肉,Ghost Beef
84055227,1,ゲイシャドウ,艺妓之影,Maiden of Macabre
84058253,1,キメラテック・ランページ・ドラゴン,嵌合狂暴龙,Chimeratech Rampage Dragon
84079032,1,面子蝙蝠,面子蝙蝠,Bettan Bat
84080938,1,慈悲深き修道女,大慈大悲的修女,The Forgiving Maiden
84103702,1,カニカブト,甲壳蟹,Kanikabuto
84117021,2,魔力隔壁,魔力隔壁,Spell Wall
84121193,1,コードブレイカー・ウイルスソードマン,代码破坏者·病毒剑士,Codebreaker Virus Swordsman
84121302,2,リブロマンサー・オリジン,书灵师本源,Libromancer Origin Story
84124261,1,Ｎｏ.３９ 希望皇ホープ・ルーツ,No.39 希望皇 霍普·源望,Number 39: Utopia Roots
84125619,3,刺し違ＧＵＹ,粗人对刺,Expendable Dai
84133008,1,モンスター・アイ,眼球怪,Monster Eye
84136000,3,復活の墓穴,复活的墓穴,The Grave of Enkindling
84138874,3,ヴォルカニック・インフェルノ,火山业火,Volcanic Inferno
84171830,2,真帝王領域,真帝王领域,Domain of the True Monarchs
84173492,1,不屈闘士レイレイ,不屈斗士 磊磊,Indomitable Fighter Lei Lei
84177693,1,ホーリー・ジェラル,神圣天使,Radiant Jeral
84192580,1,マルチャミー・プルリア,欢聚友伴·抖抖海月水母,Mulcharmy Purulia
84206435,2,氷結界の紋章,冰结界的纹章,Medallion of the Ice Barrier
84211599,2,金満で謙虚な壺,金满而谦虚之壶,Pot of Prosperity
84218527,3,フォーチュンレディ・リワインド,命运女郎倒回,Fortune Lady Rewind
84220251,2,蘇生紋章,苏生纹章,Heraldry Reborn
84224627,1,キャット・シャーク,猫鲨,Cat Shark
84243274,1,ＶＷＸＹＺ－ドラゴン・カタパルトキャノン,VWXYZ-神龙强击炮,VWXYZ-Dragon Catapult Cannon
84257639,2,治療の神 ディアン・ケト,治疗之神 迪安·凯特,Dian Keto the Cure Master
84257883,1,巨大戦艦 ブラスターキャノン・コア,巨大战舰 爆炮核,B.E.S. Blaster Cannon Core
84262395,3,地縛解放,地缚解放,Earthbound Release
84268896,1,アーティファクト－カドケウス,古遗物-商神杖,Artifact Caduceus
84271823,1,落消しのパズロミノ,落消之方块游戏家,"Puzzlomino, the Drop-n-Deleter"
84274024,3,ペンデュラム・ディメンション,灵摆次元,Pendulum Dimension
84281045,3,ＶＶ－マスターフェイズ,群豪波次-主持人阶段,Vaylantz Wave - Master Phase
84285623,1,はにわ,埴轮,Haniwa
84290642,1,スナイプストーカー,潜行狙击手,Snipe Hunter
84298614,3,強化蘇生,强化苏生,Powerful Rebirth
84305651,1,ゴヨウ・キング,御用王,Goyo King
84313685,1,ヴァイロン・テセラクト,大日超立方体,Vylon Tesseract
84327329,1,Ｅ・ＨＥＲＯ クレイマン,元素英雄 黏土侠,Elemental HERO Clayman
84330567,1,ティアラメンツ・ルルカロス,珠泪哀歌族·鲁莎卡人鱼,Tearlaments Rulkallos
84332527,1,セリオンズ“ブルズ”アイン,兽带斗神“公牛”毕宿一,"Therion ""Bull"" Ain"
84335863,2,白薔薇の回廊,白蔷薇回廊,White Rose Cloister
84339249,1,守護天霊ロガエス,守护天灵 洛加埃斯,Protecting Spirit Loagaeth
84341431,1,デーモンの巨神,恶魔巨神,Archfiend Giant
84343351,1,クリスタルクリアウィング・オーバー・シンクロ・ドラゴン,水晶幻透翼突破同调龙,Crystal Clear Wing Over Synchro Dragon
84361420,3,エッジ・ハンマー,金刃锤击,Edge Hammer
84366728,1,地底王の尖兵,地底王的尖兵,Vanguard of the Underground Emperor
84384943,1,カブレラストーン,卡布雷拉石,Cabrera Stone
84385264,1,ライカン・スロープ,合成狼人,Lycanthrope
84388461,1,剣聖の影霊衣－セフィラセイバー,剑圣之影灵衣-神数剑士,"Zefrasaber, Swordmaster of the Nekroz"
84389640,3,窮鼠の進撃,穷鼠的进击,Attack of the Cornered Rat
84397023,3,レベル変換実験室,等级变换实验室,Level Conversion Lab
84401683,1,ゴルゴニック・ガーディアン,蛇头守护者,Gorgonic Guardian
84404797,3,リターナブル瓶,可回收瓶,Redeemable Jar
84417082,1,Ｎｏ.９１ サンダー・スパーク・ドラゴン,No.91 雷闪龙,Number 91: Thunder Spark Dragon
84425220,1,アームド・ドラゴン ＬＶ１０－ホワイト,武装龙 LV10-白,Armed Dragon LV10 White
84428023,2,エレキャッシュ,电气存储枪,Wattjustment
84430165,3,海晶乙女潮流,海晶少女潮流,Marincess Current
84430950,1,重装武者－ベン・ケイ,重装武者-弁庆,Armed Samurai - Ben Kei
84433129,1,スター・ライゼオル,星式热气雷火沸动机,Star Ryzeal
84433295,1,クインテット・マジシャン,五阵魔术师,Quintet Magician
84442536,3,グレイドル・コンバット,灰篮战斗,Graydle Combat
84451804,1,デスガエル,死亡青蛙,Des Frog
84453939,1,サイコ・エース,念力王牌机师,Psychic Ace
84462118,1,竜咬蟲,龙咬虫,Dragonbite
84472026,1,ゴーストリック・イエティ,鬼计雪人,Ghostrick Yeti
84478195,1,深淵の結界像,深渊之结界像,Barrier Statue of the Abyss
84482694,2,顕現する紋章,显现的纹章,Charged-Up Heraldry
84488827,1,インヴェルズ・ガザス,侵入魔鬼·巨角,Steelswarm Caucastag
84491298,3,細胞爆破ウイルス,细胞爆破病毒,Cell Explosion Virus
84504242,2,メガリス・ポータル,巨石遗物传送门,Megalith Portal
84521924,1,グランドレミコード・クーリア,大钢琴之七音服·库莉娅,GranSolfachord Coolia
84523092,1,ウィッチクラフト・ハイネ,魔女术工匠·服装女巫,Witchcrafter Haine
84530620,1,ＯＴｏサンダー,雷电爸爸,Pahunder
84536654,2,フォーム・チェンジ,形态变化,Form Change
84539520,1,アマゾネス王女,亚马逊王女,Amazoness Princess
84544192,1,究極宝玉神 レインボー・ドラゴン オーバー・ドライブ,究极宝玉神 虹龙 超越,Ultimate Crystal Rainbow Dragon Overdrive
84546257,1,海晶乙女コーラルトライアングル,海晶少女 珊瑚大三角,Marincess Coral Triangle
84550200,1,ソニックジャマー,声波干扰虫,Sonic Jammer
84565800,1,伝説の騎士 ヘルモス,传说的骑士 赫谟,Legendary Knight Hermos
84569017,1,スピアフィッシュソルジャー,旗鱼战士,Spearfish Soldier
84569886,1,ＤＤＤ超死偉王パープリッシュ・ヘル・アーマゲドン,DDD 超死伟王 紫地狱终末神,D/D/D Super Doom King Purple Armageddon
84592800,1,Ｄ・ビデオン,变形斗士·摄像机,Morphtronic Videon
84613836,3,神速の具足,神速之具足,Swiftstrike Armor
84620194,1,ギロチン・クワガタ,断头台锹甲,Girochin Kuwagata
84631951,1,ディノベーダー・ドクス,恐龙侵略者·双梁龙,Dinovatus Docus
84635192,1,ツルプルプルン,小果冻水怪,Tsuru-Puru-Purun
84636823,1,マジック・キャンセラー,魔法抵消器,Spell Canceller
84640866,3,電網の落とし穴,电网的落穴,Network Trap Hole
84650463,1,フラッピィ,冰沙怪,Slushy
84653834,2,超能力増幅器,超能力增幅器,ESP Amplifier
84664085,1,サテライト・ウォリアー,卫星战士,Satellite Warrior
84673417,1,トワイライトロード・ジェネラル ジェイン,暮光道将军 简,"Jain, Twilightsworn General"
84677654,3,大金星！？,大金星！？,BIG Win!?
84686841,1,キング・スモーク,烟之王,King Fog
84687358,1,ミラーフォース・ドラゴン,反射镜力龙,Mirror Force Dragon
84696266,1,音速ダック,音速鸭,Sonic Duck
84731222,2,希望の記憶,希望之记忆,Memories of Hope
84740193,2,バスターランチャー,破坏炮,Buster Rancher
84747429,1,エアジャチ,空邪鲸,Airorca
84749824,3,神の警告,神之警告,Solemn Warning
84754430,1,機界騎士アヴラム,机界骑士 亚伯拉姆,Mekk-Knight Avram
84755744,1,転生炎獣ティガー,转生炎兽 老虎,Salamangreat Tiger
84764038,1,彼岸の悪鬼 スカラマリオン,彼岸的恶鬼 斯卡尔米利奥内,"Scarm, Malebranche of the Burning Abyss"
84766279,1,ダイガスタ・ガルドス,大薰风翔鹏,Daigusto Gulldos
84769941,1,対壊獣用決戦兵器スーパーメカドゴラン,对坏兽用决战兵器 超级机械多哥兰,Super Anti-Kaiju War Machine Mecha-Dogoran
84778110,1,フリント・クラッガー,火石岩壁龙,Flint Cragger
84792926,2,円盤闘技場セリオンズ・リング,圆盘斗技场 兽带斗神环形擂台,Therion Discolosseum
84794011,1,ソリテュード,孤寂,Solitude
84797028,2,機械仕掛けの夜－クロック・ワーク・ナイト－,机械驱动之夜,Clockwork Night
84808313,2,大進化薬,大进化药,Big Evolution Pill
84812868,1,月光白兎,月光白兔,Lunalight White Rabbit
84813516,1,鉄球魔神ゴロゴーン,铁球魔神 戈逻工,Thunder Ball
84814897,1,騎竜,骑龙,Kiryu
84815190,1,フルール・ド・バロネス,鲜花女男爵,Baronne de Fleur
84816244,1,ドングルドングリ,软件狗橡子,Datacorn
84824601,1,ボタニティ・ガール,植物少女,Botanical Girl
84834865,1,ドラゴンフライ,蜻蜓,Flying Kamakiri #1
84845628,1,獄落鳥,狱落鸟,Bird of Paradise Lost
84847656,1,テレキアタッカー,念动攻击者,Telekinetic Shocker
84851250,1,ＷＷ－ブリザード・ベル,风魔女-雪暴铃,Windwitch - Blizzard Bell
84869738,3,覇王の逆鱗,霸王的逆鳞,Supreme Rage
84877802,2,最強の盾,最强之盾,Magnum Shield
84899094,1,星杯の守護竜,星杯的守护龙,World Chalice Guardragon
84900597,1,ラミア,拉弥亚,Lamia
84903021,1,ウォークライ・マムード,战吼斗士·猛穆德,War Rock Mammud
84905691,1,ナチュル・ホーストニードル,自然黄蜂针,Naturia Horneedle
84914462,1,アックス・ドラゴニュート,巨斧龙人,Axe Dragonute
84916669,1,ドリアード,树精,Doriado
84926738,1,雷仙人,雷仙人,The Immortal of Thunder
84932271,1,ワーム・ジェートリクプス,贾特里克普斯异虫,Worm Jetelikpse
84941194,1,ホルスの栄光－イムセティ,荷鲁斯的荣光-伊姆塞特,"Imsety, Glory of Horus"
84962466,3,ビーストライザー,兽毛竖起,Beast Rising
84965420,3,ドライトロン流星群,龙辉巧流星群,Drytron Meteor Shower
84968490,3,針虫の巣窟,针虫的巢窟,Needlebug Nest
84970821,3,暗黒の呪縛,暗黑之咒缚,Curse of Darkness
84976088,1,バックグランド・ドラゴン,后盾龙,Background Dragon
84988419,1,幻奏の華歌聖ブルーム・ディーヴァ,幻奏的华歌圣 花之蒂娃,Bloom Diva the Melodious Choir
84990171,1,ビーン・ソルジャー,豌豆战士,Bean Soldier
85004150,1,電子光虫－ライノセバス,电子光虫-总线独角仙,Digital Bug Rhinosebus
85008676,1,剛鬼マンジロック,刚鬼 锁臂章鱼,Gouki Octostretch
85028288,1,ジュラック・タイタン,朱罗纪巨神兽,Jurrac Titano
85032782,1,時花の賢者－フルール・ド・サージュ,时花之贤者,Sauge de Fleur
85034450,1,ＳＲパチンゴーカート,疾行机人 弹珠机卡丁车,Speedroid Pachingo-Kart
85055821,1,森の聖獣 カルピポニカ,森之圣兽 熊四手兽,"Carpiponica, Mystical Beast of the Forest"
85059922,1,超魔導戦士－マスター・オブ・カオス,超魔导战士-混沌制驭者,Master of Chaos
85060248,1,メンタルプロテクター,精神防护者,Mind Protector
85065943,1,聖アザミナ,圣蓟花,Saint Azamina
85066822,1,ウォーター・ドラゴン,水龙,Water Dragon
85080048,3,雷の裁き,雷之裁决,Judgment of Thunder
85080444,1,アーティファクト－アイギス,古遗物-神盾,Artifact Aegis
85087012,1,カードガンナー,卡片炮击士,Card Trooper
85101097,1,プリン隊,布丁队,Putrid Pudding Body Buddies
85101228,3,Ｄ・バインド,变形斗士·电网,Morphtronic Bind
85103922,1,アーティファクト－モラルタ,古遗物-巨怒剑,Artifact Moralltach
85106525,2,篝火,篝火,Bonfire
85115440,1,十二獣ブルホーン,十二兽 牛犄,Zoodiac Broadbull
85119159,2,オノマト選択,拟声选择,Onomatopickup
85121942,1,ＣＮｏ.１０５ ＢＫ 彗星のカエストス,混沌No.105 燃烧拳击手 彗星之指套拳王,Number C105: Battlin' Boxer Comet Cestus
85123771,1,ゴブリン降下部隊,哥布林降下部队,Goblin Freefall Squad
85136114,1,マシンナーズ・パゼストレージ,机甲魔化仓库兵,Machina Possesstorage
85138716,1,レスキューラビット,救援兔,Rescue Rabbit
85150300,3,精霊の狩人,精灵狩人,Spirit Hunter
85166216,1,恵みの像,恩惠之像,Elephant Statue of Blessing
85182315,2,粉砕せし破壊神,粉碎的破坏神,The Breaking Ruin God
85215458,1,ＢＦ－月影のカルート,黑羽-月影之卡鲁特,Blackwing - Kalut the Moon Shadow
85216896,1,セフィラ・メタトロン,神数炼机圣 梅塔特隆,Zefra Metaltron
85239662,1,神秘の妖精 エルフィリア,神秘之妖精 艾尔菲莉娅,Mystical Fairy Elfuria
85243784,1,リンクロス,连接十字,Linkross
85250352,2,ヴォルカニック・ブレイズ・キャノン,火山烈焰加农炮,Volcanic Blaze Accelerator
85252081,1,超量機獣グランパルス,超级量子机兽 脉冲虎鲸,Super Quantal Mech Beast Grampulse
85255550,1,異国の剣士,异国的剑士,Swordsman from a Distant Land
85277313,3,ティスティナの胎動,提斯蒂娜的胎动,Signs of the Tistina
85289965,1,ヴァレルソード・ドラゴン,刺刀枪管龙,Borrelsword Dragon
85306040,1,ゴブリンエリート部隊,哥布林精英部队,Goblin Elite Attack Force
85309439,1,北風と太陽,北风与太阳,Ray & Temperature
85310252,1,ドドドドライバー,怒怒怒车夫,Dododo Driver
85313220,1,漆黒の魔王 ＬＶ４,漆黑之魔王 LV4,Dark Lucius LV4
85314178,1,祈りの女王－コスモクイーン,祈祷的女王-宇宙女王,Cosmo Queen the Queen of Prayers
85325774,2,暗黒界の援軍,暗黑界的援军,Charge Into a Dark World
85326399,1,スパイクシードラ,尖刺海龙,Spike Seadra
85327820,2,Ａｉの儀式,“艾”之仪式,A.I.'s Ritual
85346853,1,光子竜の聖騎士,光子龙之圣骑士,Paladin of Photon Dragon
85352446,3,統制訓練,统制训练,Attention!
85359414,1,氷岩魔獣,冰岩魔兽,Freezing Beast
85360035,1,双天拳の熊羆,双天拳之熊罴,Dual Avatar Fists - Yuhi
85374678,1,超量士グリーンレイヤー,超级量子战士 绿光层,Super Quantum Green Layer
85399281,1,智天使ハーヴェスト,智天使 哈维斯特,Harvest Angel of Wisdom
85401123,1,モコモッコ,毛茸茸海獭,Mokomoko
85407683,3,星満ちる新世壊,星满的新世坏,New World Stars
85431040,1,イービル・ソーン,邪恶之棘,Evil Thorn
85442146,3,竜の精神,龙之精神,Dragon's Mind
85446833,2,ゼロゼロック,零零封锁,Zerozerock
85448931,1,海を守る戦士,守卫海洋的战士,Sentinel of the Seas
85457355,1,変容王 ヘル・ゲル,变容王 狱胶,Morph King Stygi-Gel
85463083,1,ゴーストリック・グール,鬼计食尸鬼,Ghostrick Ghoul
85475641,1,インフェルニティ・リベンジャー,永火复仇者,Infernity Avenger
85489096,1,ウェポンサモナー,武器召唤师,Arsenal Summoner
85497611,1,オッドアイズ・ウィザード・ドラゴン,异色眼魔导龙,Odd-Eyes Wizard Dragon
85505315,1,インヴェルズ・マディス,侵入魔鬼·螳镰,Steelswarm Mantis
85507811,1,Ｅ・ＨＥＲＯ グロー・ネオス,元素英雄 光辉新宇侠,Elemental HERO Glow Neos
85519211,3,岩盤爆破,岩盘爆破,Minefield Eruption
85520170,3,くず鉄の神像,废铁神像,Scrap-Iron Sacred Statue
85520851,1,超伝導恐獣,超传导恐兽,Super Conductor Tyranno
85528209,1,超重魔獣キュウ－Ｂ,超重魔兽 九尾-B,Superheavy Samurai Beast Kyubi
85541675,2,カラクリ解体新書,机巧解体新书,Karakuri Anatomy
85545073,1,デストーイ・シザー・ベアー,魔玩具·剪刀熊,Frightfur Bear
85551711,1,虚空の黒魔導師,虚空之黑魔导师,Ebon High Magician
85555787,3,悪のデッキ破壊ウイルス,恶之卡组破坏病毒,Grinning Grave Virus
85562745,2,悪夢の拷問部屋,噩梦之拷问室,Dark Room of Nightmare
85590798,2,聖なる降誕,神圣降诞,Starry Knight Ceremony
85602018,2,遺言状,遗言状,Last Will
85605684,1,バーサーク・デッド・ドラゴン,狂暴死龙,Berserk Dragon
85636437,2,土俵間際,土俵间际,Edge of the Ring
85638822,2,剛鬼死闘,刚鬼死斗,Gouki Cage Match
85639257,1,アクア・マドール,水魔道士,Aqua Madoor
85646474,1,墓守の使徒,守墓的使徒,Gravekeeper's Nobleman
85651167,1,真紅眼の鉄騎士－ギア・フリード,真红眼铁骑士-基亚·弗里德,Gearfried the Red-Eyes Iron Knight
85668449,2,脳開発研究所,脑开发研究所,Brain Research Lab
85673903,1,オルターガイスト・フィジアラート,幻变骚灵·警报食人水妖,Altergeist Fijialert
85679527,1,コスモブレイン,宇宙智者,Cosmo Brain
85682655,1,ゼンマイジャグラー,发条杂耍人,Wind-Up Juggler
85684223,1,ナイトメアを駆る死霊,驱使梦魇的死灵,Reaper on the Nightmare
85687952,1,原始生命態ティア,原始生命态 忒伊亚,"Theia, the Primal Being"
85692042,1,塊斬機ダランベルシアン,块斩机 算子达朗贝尔,Primathmech Alembertian
85696777,1,ハーピィ・コンダクター,鹰身引导者,Harpie Conductor
85698115,3,幽世離レ,幽世离,Terrors of the Afterroot
85704698,3,リサイコロ,再生骰子,Re-dyce-cle
85705804,1,ドレイク,鸭人,Kurama
85709845,3,ガムシャラ,有勇无谋,Gamushara
85718645,1,闇帝ディルグ,暗帝 迪尔格,Delg the Dark Monarch
85742772,3,グラヴィティ・バインド－超重力の網－,超重力网,Gravity Bind
85747929,1,銀河光子竜,银河光子龙,Galaxy Photon Dragon
85753549,1,月牙龍－クレセント・ドラゴン,月牙龙-新月龙,"Mikazukinoyaiba, the Moon Fang Dragon"
85754829,1,ワーム・グルス,格鲁斯异虫,Worm Gulse
85758066,3,機械じかけのマジックミラー,机械驱动的魔镜,Magical Trick Mirror
85763457,3,星遺物に響く残叫,响彻于星遗物的残叫,World Legacy's Sorrow
85766789,3,宝玉の祝福,宝玉的祝福,Crystal Boon
85771019,1,堕天使アスモディウス,堕天使 阿斯蒙蒂斯,Darklord Asmodeus
85775486,2,再機動,再机动,Reboot
85787173,2,ジェネレーション・ネクスト,次一世代,Generation Next
85800949,1,伝説の騎士 クリティウス,传说的骑士 克里底亚,Legendary Knight Critias
85802526,1,プリンセス人魚,人鱼公主,Cure Mermaid
85808813,2,タイム・ストリーム,时间流,Time Stream
85821180,2,チューナーズ・ハイ,调整欣快跑,Tuner's High
85827713,3,ゴーストリック・ナイト,鬼计之夜,Ghostrick Night
85839825,2,エクシーズエナジー,超量能量,Xyz Energy
85840608,1,ネオスペース・コネクター,新宇宙连接者,Neo Space Connector
85847157,1,プルーフ・プルフラス,恶魔证明之普鲁夫拉斯,Proof of Pruflas
85852291,2,打ち出の小槌,万宝槌,Magical Mallet
85854214,3,ヒーローズルール２,英雄规则2,Hero's Rule 2
85862791,3,泥仕合,同盗相窃,Fighting Dirty
85876417,1,Ａ・Ｏ・Ｊ サウザンド・アームズ,正义盟军 千械鬼,Ally of Justice Thousand Arms
85888377,3,澱神アポピス,淀神 阿匹卜,Apophis the Swamp Deity
85893201,3,連鎖誘爆,连锁诱爆,Chain Ignition
85908279,1,召喚獣コキュートス,召唤兽 科库托斯,Invoked Cocytus
85909450,1,ハーピィズペット幻竜,鹰身女妖的宠物幻龙,Harpie's Pet Phantasmal Dragon
85914562,1,魔救の探索者,魔救之探索者,Adamancipator Researcher
85936485,1,団結するレジスタンス,团结的反抗军,United Resistance
85967160,1,アロマージ－ベルガモット,芳香法师-香蜂草,Aromage Bergamot
85969517,1,海造賊－荘重のヨルズ号,海造贼-庄重之大地号,Plunder Patrollship Jord
85970321,1,妖仙獣 飯綱鞭,妖仙兽 饭纲鞭,Yosenju Izna
85991529,1,Ｋｏｚｍｏ－ダークプラネット,星际仙踪-达克星,Kozmo Dark Planet
86013171,1,Ｋｏｚｍｏ－パーヴィッド,星际仙踪-小胆,Kozmo Scaredy Lion
86016245,2,弱者の意地,弱者的意志,Pride of the Weak
86028783,1,新鋭の女戦士,新锐的女战士,Rookie Warrior Lady
86039057,1,タスケナイト,帮一把骑士,Tasuke Knight
86049351,3,ラスト・カウンター,最后反击,Last Counter
86060749,3,ストールターン,失速倒转,Stall Turn
86062400,1,エクシーズ・アヴェンジャー,超量复仇者,Xyz Avenger
86066372,1,アクセスコード・トーカー,访问码语者,Accesscode Talker
86088138,1,エンゼル・イヤーズ,耳天使,Ocubeam
86099788,1,異星の最終戦士,异星的最终战士,The Last Warrior from Another Planet
86100785,1,ゾーン・イーター,区域吞噬者,Zone Eater
86111442,1,ティスティナの歩哨,提斯蒂娜之步哨,Sentinel of the Tistina
86120751,1,召喚師アレイスター,召唤师 阿莱斯特,Aleister the Invoker
86124104,1,終焉の悪魔デミス,终焉之恶魔 迪米斯,"Demise, Agent of Armageddon"
86133013,3,レベル・レジストウォール,等级阻壁,Level Resist Wall
86137485,1,ヘル・ツイン・コップ,地狱双警,Stygian Sergeants
86148577,1,守護竜エルピィ,守护龙 厄尔庇,Guardragon Elpy
86154370,1,ＨＳＲ／ＣＷライダー,高速疾行机人/幻透翼骑手,Hi-Speedroid Clear Wing Rider
86157908,1,ＥＭオッドアイズ・ユニコーン,娱乐伙伴 异色眼独角兽,Performapal Odd-Eyes Unicorn
86164529,1,アクア・ドラゴン,水精龙,Aqua Dragon
86165817,1,Ｅ－ＨＥＲＯ マリシャス・ベイン,邪心英雄 恶刃死魔,Evil HERO Malicious Bane
86170989,1,ファルシオンβ,大刀β,Falchionβ
86174055,1,スピッド・バード,尖嘴鸟,Speed Bird
86188410,1,Ｅ・ＨＥＲＯ ワイルドマン,元素英雄 荒野侠,Elemental HERO Wildheart
86196216,2,ＲＵＭ－デス・ダブル・フォース,升阶魔法-死亡双力,Rank-Up-Magic Doom Double Force
86197239,1,インフェルニティ・ミラージュ,永火幻象,Infernity Mirage
86198326,2,７カード,7卡,7 Completed
86209650,1,迷走悪魔,迷走恶魔,Stray Asmodian
86221741,1,ＲＲ－アルティメット・ファルコン,急袭猛禽-究极猎鹰,Raidraptor - Ultimate Falcon
86223870,3,レベル・リチューナー,等级重调,Level Retuner
86229493,1,ダークネスソウル,暗冥之魂,Umbral Soul
86238081,1,覇王烈竜オッドアイズ・レイジング・ドラゴン,霸王烈龙 异色眼烈火龙,Odd-Eyes Raging Dragon
86239173,1,ヘルホーンドザウルス,地狱猎犬猛龙,Horned Saurus
86240887,1,竜破壊の剣士－バスター・ブレイダー,龙破坏的剑士-破坏之剑士,"Buster Blader, the Dragon Destroyer Swordsman"
86271510,1,機怪獣ダレトン,机怪兽 达莱特龙,Darton the Mechanical Monstrosity
86274272,1,聖霊獣騎 アペライオ,圣灵兽骑 火狮,Ritual Beast Ulti-Apelio
86277379,1,ガスタ・ヴェズル,薰风苍鹰,Gusto Vedir
86281779,1,ガジェット・ソルジャー,齿轮战士,Gadget Soldier
86282581,1,Ｅ－ＨＥＲＯ ダーク・ナイト,邪心英雄 暗黑骑魔,Evil HERO Darkest Knight
86304179,1,運否の天賦羅－ＥＢＩ,运否之天赋罗-虾,Tempura of Fortune - EBI
86308219,2,ハーピィ・レディ －鳳凰の陣－,鹰身女郎 -凤凰之阵-,Harpie Lady Phoenix Formation
86310763,3,粛声なる威光,肃声之威光,Radiance of the Voiceless Voice
86318356,2,草原,草原,Sogen
86321248,1,古代の機械合成獣,古代的机械合成兽,Ancient Gear Gadjiltron Chimera
86325573,1,ＢＫ ビッグバンテージ,燃烧拳击手 大绷带拳手,Battlin' Boxer Big Bandage
86325596,1,邪剣男爵,邪剑男爵,Baron of the Fiend Sword
86327225,1,天界王 シナト,天界王 志那都,"Shinato, King of a Higher Plane"
86331741,1,ガガガガマジシャン,我我我我魔术师,Gagagaga Magician
86346363,1,タイム・リワインダー,时间倒回者,Time Reloader
86346643,1,レインボー・ネオス,虹光新宇侠,Rainbow Neos
86361354,1,同族感電ウィルス,同族感电病毒,Tribe-Shocking Virus
86377375,1,悪王アフリマ,恶王 阿里曼,"Ahrima, the Wicked Warden"
86379342,3,鉄獣の血盟,铁兽的血盟,Tri-Brigade Oath
86395581,1,風霊媒師ウィン,风灵媒师 薇茵,Wynn the Wind Channeler
86396750,1,精霊獣 アペライオ,精灵兽 火狮,Spiritual Beast Apelio
86401517,1,嵐竜の聖騎士,岚龙之圣骑士,Paladin of Storm Dragon
86421986,1,悟りの老樹,悟道的老树,Ancient Tree of Enlightenment
86442081,1,サイレントアビス,寂静深渊,Silent Abyss
86445415,1,レッド・ガジェット,红色零件,Red Gadget
86449372,2,Ａｉ打ち,“艾”打式袭击,TA.I. Strike
86466163,1,星因士 カペラ,星因士 五车二,Satellarknight Capella
86469231,1,ブラックマンバ,黑曼巴蛇,Black Mamba
86474024,3,共同戦線,共同战线,United Front
86483512,1,電脳堺悟－老々,电脑堺悟-老老,Virtual World Roshi - Laolao
86489182,1,始祖神鳥シムルグ,始祖神鸟 斯摩夫,"Simorgh, Bird of Ancestry"
86498013,1,異次元トレーナー,异次元的驯兽师,D.D. Trainer
86509711,3,マジシャンズ・コンビネーション,魔术师的配合,Magicians' Combination
86516889,3,ゴーストリック・パニック,鬼计惊魂,Ghostrick Scare
86520461,1,新生代化石騎士 スカルポーン,新生代化石骑士 骷髅兵卒,Fossil Warrior Skull Bone
86532744,1,ＳＮｏ.３９ 希望皇ホープＯＮＥ,闪光No.39 希望皇 霍普一,Number S39: Utopia Prime
86541496,2,左腕の代償,左腕的代偿,Left Arm Offering
86547356,2,インフェルニティ・パラノイア,永火妄想,Infernity Paranoia
86553594,3,ティスティナの変晶,提斯蒂娜的变晶,Discordance of the Tistina
86555018,3,ストーンヘンジ・メソッド,环状列石术,Stonehenge Methods
86559484,1,Ｘ－レイ・ピアース,超量透视细剑龙,Xyz-Raypierce
86569121,1,メルキド四面獣,梅尔基多四面兽,Melchid the Four-Face Beast
86578200,2,魔界大道具「ニゲ馬車」,魔界大道具「逃命马车」,Abyss Prop - Wild Wagon
86585274,1,魔導法士 ジュノン,魔导法士 朱诺,High Priestess of Prophecy
86605184,1,ファイアウォール・ガーディアン,防火守护者,Firewall Guardian
86605515,1,賢瑞官カルダーン,贤瑞官 卡丹,Qardan the Clear-Sighted
86607583,3,リミット・コード,限制代码,Limit Code
86613346,1,ホーリーナイツ・フラムエル,圣夜骑士团·弗拉梅尔,Starry Knight Flamel
86643777,2,光虫基盤,光虫基盘,Bug Matrix
86652646,1,骨犬マロン,骨犬 小栗子,Skull Dog Marron
86676862,1,Ｅ－ＨＥＲＯ マリシャス・デビル,邪心英雄 恶刃魔鬼,Evil HERO Malicious Fiend
86682165,1,氷水啼エジル・ギュミル,冰水啼 霓石精·海神,Icejade Gymir Aegirine
86686671,2,サイバー・リペア・プラント,电子修理工厂,Cyber Repair Plant
86690572,3,炎渦の胎動,炎涡的胎动,Burgeoning Whirlflame
86742443,3,王宮の重税,王宫的重税,Royal Writ of Taxation
86750474,1,トリックスター・フォクシーウィッチ,淘气仙星·福克希维琪,Trickstar Foxglove Witch
86758746,2,アマゾネスの秘術,亚马逊的秘术,Amazoness Secret Arts
86758915,2,魔神儀の祝誕,魔神仪的祝诞,Impcantation Inception
86767655,1,Ｍｓ.ＪＵＤＧＥ,审判女士,Ms. Judge
86778566,3,攻撃の無敵化,攻击无敌化,Impenetrable Attack
86780027,2,一族の結束,一族的团结,Solidarity
86784733,1,サイバース・シンクロン,电子界同调士,Cyberse Synchron
86801871,1,スネークポット,蛇壶,Cobra Jar
86804246,1,スーパーバグマン,超级漏洞人,Super Crashbug
86805855,1,闇魔界の竜騎士 ダークソード,暗魔界的龙骑士 暗黑之剑,Dark Blade the Dragon Knight
86821010,3,パワー・ブレイク,武力解除,Power Break
86825114,1,トリックスター・ヒヨス,淘气仙星·菲沃斯,Trickstar Nightshade
86825483,2,神星なる領域,神星领域,Constellar Belt
86827882,3,極星宝メギンギョルズ,极星宝 梅金吉奥德,Nordic Relic Megingjord
86840720,1,魔轟神ディフ,魔轰神 迪夫,Fabled Dyf
86848580,1,零鳥獣シルフィーネ,零鸟兽 水风女精,Ice Beast Zerofyne
86852702,2,機甲部隊の再編制,机甲部队的再编制,Machina Redeployment
86868952,1,武神器－ヤツカ,武神器-八握,Bujingi Swallow
86871614,3,クローン複製,克隆复制,Cloning
86885905,3,オルターガイスト・エミュレルフ,幻变骚灵·模拟精灵,Altergeist Emulatelf
86889202,1,番犬－ウォッチドッグ,番犬-戴表看门狗,Watch Dog
86915847,1,アーマード・ビー,甲蜂,Armored Bee
86926989,1,麗神－不知火,丽神-不知火,Shiranui Skillsaga Supremacy
86937530,1,妖精伝姫－カグヤ,妖精传姬-辉夜,Fairy Tail - Luna
86938484,1,シャドール・ネフィリム,影依·拿非利,Shaddoll Construct
86943389,1,ＨＳＲ快刀乱破ズール,高速疾行机人 快刀乱破智游,Hi-Speedroid Puzzle
86952477,1,シャインナイト,光辉骑士,Shine Knight
86962245,1,転生炎獣フォクサー,转生炎兽 赤狐,Salamangreat Foxer
86976918,1,ＳＲマジックハウンド,疾行机人 机械手猎犬,Speedroid Ultra Hound
86988864,1,みつこぶラクーダ,三峰驼,3-Hump Lacooda
86993168,1,マッド・ハッカー,疯帽黑客,Mad Hacker
86997073,2,機動要塞フォルテシモ,机动要塞 极强音,Fortissimo the Mobile Fortress
86999951,1,結晶神ティスティナ,结晶神 提斯蒂娜,Crystal God Tistina
87003671,1,影霊衣の舞巫女 エミリア,影灵衣舞巫女 艾米莉娅,"Emilia, Dance Priestess of the Nekroz"
87008374,1,ＺＷ－不死鳥弩弓,异热同心武器-不死鸟弩弓,ZW - Phoenix Bow
87010442,1,レガシーハンター,遗产猎人,Legacy Hunter
87025064,2,銀龍の轟咆,银龙的轰咆,Silver's Cry
87043568,3,アサルト・スピリッツ,强袭之魂,Assault Spirits
87046457,3,オーバー・デッド・ライン,超越死线,Overdoom Line
87047074,2,甲虫装機の魔弓 ゼクトアロー,甲虫装机的魔弓 虫装弓箭,Inzektor Crossbow - Zektarrow
87047161,1,マーメイド・シャーク,人鱼鲨,Mermaid Shark
87052196,1,天威龍－アシュナ,天威龙-宽恕蟠龙,Tenyi Spirit - Ashuna
87054946,1,焔凰神－ネフティス,焰凰神-奈芙提斯,"Nephthys, the Sacred Flame"
87074380,1,マシンナーズ・カーネル,机甲上校,Machina Citadel
87091930,3,レイダーズ・アンブレイカブル・マインド,袭击队不破铁意,Raider's Unbreakable Mind
87102774,1,黄金の天道虫,黄金瓢虫,Golden Ladybug
87106146,3,ダメージ・ゲート,伤害之门,Damage Gate
87112784,2,堕天使の追放,堕天使的追放,Banishment of the Darklords
87116749,1,游覧艇サブマリード,游览艇 潜艇利兹鱼,Submareed Tour Ride
87116928,1,キメラテック・メガフリート・ドラゴン,嵌合巨舰龙,Chimeratech Megafleet Dragon
87118301,1,霊獣使い レラ,灵兽使 蕾拉,Ritual Beast Tamer Lara
87126721,1,マルチャミー・ニャルス,欢聚友伴·喵喵豹猫,Mulcharmy Meowls
87148330,1,光神テテュス,光神 忒堤斯,"Tethys, Goddess of Light"
87151205,1,エレキテルドラゴン,电气尾龙,Wattaildragon
87170768,1,接触するＧ,接触的G,"Contact ""C"""
87182127,1,古代の機械魔神,古代的机械魔神,Ancient Gear Howitzer
87188910,1,飢鰐竜アーケティス,饥鳄龙 古鱼龙,Ravenous Crocodragon Archethys
87209160,1,鉄獣戦線 フラクトール,铁兽战线 弗拉克杜尔,Tri-Brigade Fraktall
87210505,2,騎士の称号,骑士的称号,Knight's Title
87240371,2,騎甲虫隊降下作戦,骑甲虫队降下作战,Beetrooper Descent
87246309,1,ファーニマル・オクト,毛绒动物·章鱼,Fluffal Octopus
87255382,1,紋章獣アンフィスバエナ,纹章兽 双头蛇,Heraldic Beast Amphisbaena
87257460,1,魅惑の女王 ＬＶ３,魅惑的女王 LV3,Allure Queen LV3
87259077,1,ライトニング・ウォリアー,闪电战士,Lightning Warrior
87259933,3,宝玉の集結,宝玉的集结,Crystal Conclave
87263576,1,アウトバースト・ドラゴン,爆发龙,Outburst Dragon
87288189,1,怨邪帝ガイウス,怨邪帝 盖乌斯,Caius the Mega Monarch
87292536,1,ＸＸ－セイバー レイジグラ,XX-剑士 雷吉格拉,XX-Saber Ragigura
87294988,1,紅姫チルビメ,红姬 知流姬,"Chirubimé, Princess of Autumn Leaves"
87303357,1,シャイン・アビス,光辉深渊,Shining Abyss
87313164,3,ギョッ！,大吃鱼惊！,Oh F!sh!
87319876,1,トラスト・ガーディアン,信赖守护者,Trust Guardian
87321742,1,ＲＲ－ストラングル・レイニアス,急袭猛禽-扼杀伯劳,Raidraptor - Strangle Lanius
87322377,1,ＴＭ－１ランチャースパイダー,TM-1火箭炮蜘蛛,Launcher Spider
87327776,1,転生炎獣ミラージュスタリオ,转生炎兽 蜃景雄马,Salamangreat Miragestallio
87340664,1,原子ホタル,原子萤火虫,Atomic Firefly
87347365,1,リバイバルゴーレム,再生石人,Revival Golem
87350908,1,マスクド・チョッパー,假面斩杀者,Masked Chopper
87390067,1,ＢＦ－蒼天のジェット,黑羽-苍天之捷特,Blackwing - Jetstream the Blue Sky
87390798,2,魔界台本「ファンタジー・マジック」,魔界台本「幻想魔法」,Abyss Script - Fantasy Magic
87430304,1,先史遺産モアイ,先史遗产 摩艾石像,Chronomaly Moai
87430998,2,森,森,Forest
87451661,1,スカーレッド・デーモン,真红莲魔,Scarred Dragon Archfiend
87460579,1,花札衛－五光－,花札卫-五光-,Flower Cardian Lightflare
87462901,1,幻蝋館の使者,幻蜡馆的使者,Emissary from the House of Wax
87468732,1,変導機咎 クロックアーク,变导机咎 弧线钟摆机,Clock Arc
87473172,1,火炎鳥,火炎鸟,Firebird
87475570,1,宝玉の先導者,宝玉的先导者,Crystal Master
87481592,2,教導神理,教导神理,Dogmatikacism
87483942,1,渋い忍者,素银忍者,Senior Silver Ninja
87497553,2,テスタメント・パラディオン,圣像骑士的圣约,Crusadia Testament
87498729,1,ティスティナの落とし仔,提斯蒂娜之落仔,Fallen of the Tistina
87511987,1,スパイク・ヘッド,尖钉头,Spikebot
87514539,1,傀儡虫,傀儡虫,Marionette Mite
87523462,1,有翼賢者ファルコス,有翼贤者 法尔科斯,Winged Sage Falcos
87526784,1,バグマンＸ,漏洞人X,Crashbug X
87532344,3,エターナル・フェイバリット,永远的至爱,Eternal Favorite
87535691,1,超重武者ツヅ－３,超重武者 鼓-3,Superheavy Samurai Drum
87557188,1,厳格な老魔術師,严格的老魔术师,The Stern Mystic
87564352,1,暗黒の竜王,暗黑之龙王,Blackland Fire Dragon
87564935,1,メタル化寄生生物－ソルタイト,金属化寄生生物-日之衣,Metallizing Parasite - Soltite
87567063,2,造反劇,造反剧,Rebellion
87571563,2,星遺物の守護竜,星遗物的守护龙,World Legacy Guardragon
87588741,1,クリフォート・アクセス,机壳存取 残酷,Qliphort Cephalopod
87602890,1,轟雷帝ザボルグ,轰雷帝 扎博尔格,Zaborg the Mega Monarch
87608852,1,魔導召喚士 テンペル,魔导召唤士 坦佩尔,Temperance of Prophecy
87609391,2,ラプターズ・アルティメット・メイス,猛禽究极硬头锤,Raptor's Ultimate Mace
87614611,2,紅蓮魔竜の壺,红莲魔龙之壶,Red Dragon Vase
87621407,1,魔装機関車 デコイチ,魔装机关车 迪科伊奇,Dekoichi the Battlechanted Locomotive
87622767,1,ファイナルサイコオーガ,最终念力食人魔,Final Psychic Ogre
87624166,2,古の森,古之森,Ancient Forest
87639778,3,ハーピィの羽根吹雪,鹰身女妖的羽毛吹雪,Harpie's Feather Storm
87640391,1,リオート・ミグラトリー,冰候鸟,Migratory Zereort
87649699,1,ナチュル・ラグウィード,自然豚草,Naturia Ragweed
87669904,2,双天招来,双天招来,Dual Avatar Invitation
87676171,1,神蝕む光 ティスティナ,神蚀之光 提斯蒂娜,"Tistina, the Divinity that Defies Darkness"
87685879,1,コアラッコ,树熊海獭,Sea Koala
87742943,1,パワードクロウラー,强化履带车,Powered Crawler
87746184,1,烙印竜アルビオン,烙印龙 白界龙,Albion the Branded Dragon
87751584,1,ガトリング・ドラゴン,机炮龙,Gatling Dragon
87756343,1,ラーバモス,飞蛾幼虫,Larvae Moth
87765315,2,真竜の目覚め,真龙的觉醒,Forge of the True Dracos
87769556,2,魔術師の右手,魔术师的右手,Magician's Right Hand
87772572,3,量子猫,量子猫,Quantum Cat
87774234,1,ワタポン,棉花球,Watapon
87778106,2,Ｒｅｃｅｔｔｅ ｄｅ Ｐｏｉｓｓｏｎ～魚料理のレシピ～,鱼料理的食谱,Recette de Poisson (Fish Recipe)
87796900,1,砦を守る翼竜,守城的翼龙,"Winged Dragon, Guardian of the Fortress #1"
87798440,1,アーマー・ブレイカー,铠甲破坏士,Armor Breaker
87800375,3,聖剣の導く未来,圣剑引导的未来,Until Noble Arms are Needed Once Again
87804365,3,斬機超階乗,斩机超阶乘,Mathmech Superfactorial
87804747,1,完全態・グレート・インセクト,完全态大昆虫,Ultimate Great Insect
87819421,2,マスク・チャージ,假面充能,Mask Charge
87835759,1,創世の竜騎士,创世之龙骑士,Dragon Knight of Creation
87836938,1,ヴァイロン・ヴァンガード,大日前锋,Vylon Vanguard
87837090,1,帯刃龍 カイベルト,带刃龙 柯伊铠带龙,Kuibelt the Blade Dragon
87844926,3,ソウル・レヴィ,灵魂召集,Soul Levy
87871125,1,転生炎獣サンライトウルフ,转生炎兽 日光狼,Salamangreat Sunlight Wolf
87880531,2,拡散する波動,扩散的波动,Diffusion Wave-Motion
87890143,2,ジェネレーション・フォース,世代之力,Generation Force
87897777,1,ヴァリアンツＭ－マーキス,群豪之狂化者-侯爵,Vaylantz Mad Marquess
87902575,2,フューチャー・ヴィジョン,未来视界,Future Visions
87910978,2,洗脳－ブレインコントロール,洗脑,Brain Control
87911394,1,ＣＮｏ.３９ 希望皇ホープレイ・ヴィクトリー,混沌No.39 希望皇 霍普雷·胜光,Number C39: Utopia Ray Victory
87917187,1,暗黒の召喚神,暗黑之召唤神,Dark Summoning Beast
87931906,2,月光融合,月光融合,Lunalight Fusion
87955518,3,Ｒｅｃｅｔｔｅ ｄｅ Ｓｐéｃｉａｌｉｔé～料理長自慢のレシピ～,料理长自豪的食谱,Chef's Special Recipe
87973893,2,甲虫装機の魔斧 ゼクトホーク,甲虫装机的魔斧 虫装战斧,Inzektor Axe - Zektahawk
87978805,1,寄生体ダニー,寄生体 壁虱,Parasitic Ticky
87979586,1,エンジェル・トランペッター,曼陀罗天使号手,Angel Trumpeter
87988305,1,怨念の邪悪霊,怨念之邪恶灵,Dark Spirit of Malice
87990236,3,魅惑の堕天使,魅惑的堕天使,Darklord Enchantment
87997872,1,スフィンクス・アンドロジュネス,斯芬克斯·安德鲁吉尼斯,Theinen the Great Sphinx
88000953,1,ラスタライガー,光栅狮虎,Rasterliger
88001391,3,地縛死霊ゾーマ,地缚死灵 佐玛,Zoma the Earthbound Spirit
88021907,1,塊斬機ラプラシアン,块斩机 算子拉普拉斯,Primathmech Laplacian
88032368,1,セカンド・ブースター,二次推进士,Second Booster
88032456,2,コピーキャット,复制猫,Mimicat
88033975,1,幻層の守護者アルマデス,幻层守护者 阿玛迪斯,"Armades, Keeper of Boundaries"
88069166,3,オーディンの眼,奥丁之眼,Odin's Eye
88069597,2,プレデター・プランター,捕食花盆,Predaponics
88071625,1,Ｔｈｅ ｔｙｒａｎｔ ＮＥＰＴＵＮＥ,暴君海王星,The Tyrant Neptune
88078306,1,リセの蟲惑魔,莉塞之虫惑魔,Traptrix Genlisea
88083109,3,リブロマンサー・アフェクテッド,书灵师波及,Libromancer Displaced
88086137,3,直通断線,直通断线,Broken Line
88089103,2,四次元の墓,四次元之墓,The Graveyard in the Fourth Dimension
88093706,1,アップデートジャマー,更新干扰员,Update Jammer
88095331,1,エヴォルド・ナハシュ,进化虫·乃者史蛇,Evoltile Najasho
88106656,1,リブロマンサー・ファイアバースト,书灵师·炽火爆裂侠,Libromancer Fireburst
88120966,1,Ｎｏ.１５ ギミック・パペット－ジャイアントキラー,No.15 机关傀儡-巨人杀手,Number 15: Gimmick Puppet Giant Grinder
88123329,1,精霊獣 ラムペンタ,精灵兽 心企太,Spiritual Beast Rampengu
88124568,1,ＳＰＹＲＡＬ－ダブルフェイク,秘旋谍-双重冒牌货,SPYRAL Double Agent
88132637,1,ツインヘッド・ケルベロス,双头地狱犬,Twin-Headed Wolf
88139289,1,サイコガンナーＭｋ－ＩＩ,念力枪手Mk-2,Psychic Blaster Mk-II
88176533,1,ネフティスの祀り手,奈芙提斯之祭祀者,Devotee of Nephthys
88177324,1,Ｎｏ.１０７ 銀河眼の時空竜,No.107 银河眼时空龙,Number 107: Galaxy-Eyes Tachyon Dragon
88190453,1,チェイン・スラッシャー,链击者,Chain Thrasher
88190790,2,アサルト・アーマー,强袭气铠,Assault Armor
88197162,3,魂の転身,魂之转身,Soul Transition
88204302,2,スピードリバース,疾行再生,Speed Recovery
88205593,1,エレキングコブラ,电气眼镜王蛇,Wattcobra
88210105,2,雲魔物の雲核,云魔物的云核,Cloudian Aerosol
88225269,1,ジェムナイト・ヴォイドルーツ,宝石骑士·虚梦狱原核,Gem-Knight Hollowcore
88232397,1,熟練の栗魔導士,熟练的栗魔导士,Skilled Brown Magician
88234365,1,堕天使テスカトリポカ,堕天使 特斯卡特利波卡,Darklord Tezcatlipoca
88234821,1,ドラグニティナイト－アラドヴァル,龙骑兵团骑士-毒枪龙骑士,Dragunity Knight - Areadbhair
88236094,1,アスワンの亡霊,阿斯旺的亡灵,Aswan Apparition
88240808,1,霊滅術師 カイクウ,灵灭术师 海空,Kycoo the Ghost Destroyer
88240999,1,ディサイシブの影霊衣,决战兵器之影灵衣,Nekroz of Decisive Armor
88241506,1,青き眼の乙女,青色眼睛的少女,Maiden with Eyes of Blue
88264978,1,レッドアイズ・ダークネスメタルドラゴン,真红眼暗钢龙,Red-Eyes Darkness Metal Dragon
88279736,3,追い剥ぎゴブリン,哥布林拦路贼,Robbin' Goblin
88283496,1,極星獣ガルム,极星兽 加尔姆,Garmr of the Nordic Beasts
88284599,1,粛声の竜賢聖サウラヴィス,肃声的龙贤圣 始龙,"Sauravis, Dragon Sage of the Voiceless Voice"
88289295,2,シンクロ・コントロール,同调控制,Synchro Control
88301393,1,インフェルノイド・アドラメレク,狱火机·亚得米勒,Infernoid Attondel
88301833,2,昇華する魂,升华之魂,Ascending Soul
88305705,1,ブレイブアイズ・ペンデュラム・ドラゴン,勇猛眼灵摆龙,Brave-Eyes Pendulum Dragon
88305978,1,ＢＦ－陽炎のカーム,黑羽-阳炎之卡姆,Blackwing - Calima the Haze
88307361,1,超古深海王シーラカンス,超古深海王 空棘鱼,Superancient Deepsea King Coelacanth
88316955,1,クローラー・スパイン,机怪虫·树突棘虫,Krawler Spine
88332693,2,バスター・モード・ゼロ,爆裂模式零型,Assault Mode Zero
88341502,3,ブラック・アロー,黑翼箭矢,Ebon Arrow
88346805,3,斬リ番,斩番,You're Finished
88358139,1,ＥＭヘルプリンセス,娱乐伙伴 帮助公主,Performapal Helpprincess
88361177,1,ドラグニティ－アングス,龙骑兵团-窄带军事官,Dragunity Angusticlavii
88369727,2,おろかな転生,愚蠢的转生,Foolish Return
88392300,1,電送擬人エレキネシス,电送拟人 电气念动人,Wattkinetic Puppeteer
88406570,1,剛鬼デストロイ・オーガ,刚鬼 毁灭食人魔,Gouki Destroy Ogre
88409165,1,アビス・ウォリアー,深渊战士,Abyss Warrior
88412339,1,魔界劇団－エキストラ,魔界剧团-临时演员,Abyss Actor - Extras
88413677,1,ドヨン＠イグニスター,郁郁妖@火灵天星,Doyon @Ignister
88435542,1,ファイヤー・アイ,火眼,Fire Eye
88438982,1,ワーム・ディミクレス,迪米克雷斯异虫,Worm Dimikles
88453933,1,ドラゴンメイド・パルラ,半龙女仆·客厅龙女,Parlor Dragonmaid
88472456,1,ダーク・ヒーロー ゾンバイア,暗黑英雄 尸魔侠,Zombyra the Dark
88477149,2,極寒の氷柱,极寒冰柱,Twin Pillars of Ice
88482761,3,ダイスロール・バトル,掷骰战斗,Dice Roll Battle
88494120,3,不屈の闘志,不屈的斗志,Unbreakable Spirit
88494899,1,氷結界の交霊師,冰结界的交灵师,Medium of the Ice Barrier
88504133,2,ＲＵＭ－ファントム・フォース,升阶魔法-幻影之力,Phantom Knights' Rank-Up-Magic Force
88513608,3,捨て身の宝札,舍身的宝札,Card of Sacrifice
88540324,2,転生炎獣の烈爪,转生炎兽的烈爪,Salamangreat Claw
88544390,1,幻影騎士団ステンドグリーブ,幻影骑士团 污痕胫甲,The Phantom Knights of Stained Greaves
88552992,1,先史遺産ゴールデン・シャトル,先史遗产 黄金航天飞机,Chronomaly Golden Jet
88554436,1,破械神シュヤーマ,破械神 萨玛,Unchained Soul of Shyama
88559132,1,ターレット・ウォリアー,炮塔战士,Turret Warrior
88581108,1,真竜皇Ｖ.Ｆ.Ｄ.,真龙皇 法·王·兽,True King of All Calamities
88610708,2,シールドバッシュ,盾牌猛击,Bashing Shield
88616795,2,トーラの魔導書,律法之魔导书,Spellbook of Wisdom
88617904,2,プロモーション,升变,Promotion
88619463,1,黒の魔法神官,黑魔法神官,Sorcerer of Dark Magic
88643173,1,ナイトメア・スコーピオン,梦魇蝎,Nightmare Scorpion
88643579,1,ダークエンド・ドラゴン,暗黑终结龙,Dark End Dragon
88650530,1,ワーム・アポカリプス,阿波克立普斯异虫,Worm Apocalypse
88654892,2,突然回帰,突然回归,Mutamorphosis
88667504,3,超整地破砕,超整地破碎,Crusher Run
88671720,1,ブラック・ボンバー,黑色炸弹球,Black Salvo
88685329,1,ダークアイ・ナイトメア,暗眼梦魇骑士,Dark Eye Nightmare
88686573,1,素早いアンコウ,迅捷鮟鱇,Nimble Angler
88693151,2,トリックスター・フュージョン,淘气仙星融合,Trickstar Fusion
88695895,3,罪宝の咎人,罪宝的咎人,Guilt of the Sinful Spoils
88696724,1,融合呪印生物－地,融合咒印生物-地,The Earth - Hex-Sealed Fusion
88722973,1,昇竜剣士マジェスターＰ,升龙剑士 威风星·圣骑,"Majester Paladin, the Ascending Dracoslayer"
88724332,1,ナイト・ドラゴリッチ,夜龙巫妖,Night Dragolich
88728507,1,ヴァンパイア・ソーサラー,吸血鬼巫师,Vampire Sorcerer
88733579,1,穿孔虫,穿孔虫,Drill Bug
88753594,1,月光舞剣虎姫,月光舞剑虎姬,Lunalight Sabre Dancer
88753985,1,きつね火,狐火,Fox Fire
88754763,1,ＣＸ 熱血指導神アルティメットレーナー,混沌超量 热血指导神 究极教练,CXyz Coach Lord Ultimatrainer
88757791,1,法眼の魔術師,法眼之魔术师,Dharma-Eye Magician
88760522,2,多様進化,多样进化,Evo-Diversity
88774734,1,螺旋竜バルジ,螺旋龙 核球龙,Galactic Spiral Dragon
88789641,3,ホーリーライフバリアー,神圣生命防护罩,Hallowed Life Barrier
88819587,1,ベビードラゴン,宝贝龙,Baby Dragon
88820235,1,Ｅ・ＨＥＲＯ シャイニング・フェニックスガイ,元素英雄 闪光凤凰人,Elemental HERO Shining Phoenix Enforcer
88836438,2,スプライト・スマッシャーズ,卫星闪灵粉碎者群集,Spright Smashers
88845345,1,エレファン,飞象,Elephun
88851326,2,熱き決闘者たち,炽热的决斗者们,Legacy of the Duelist
88875132,1,爆走軌道フライング・ペガサス,爆走轨道 冲天飞马,Flying Pegasus Railroad Stampede
88890658,1,バグリエル・ド・ヌーベルズ,新式魔厨的烧烤巴力,Baelgrill de Nouvelles
88901771,1,熟練の青魔道士,熟练的青魔道士,Skilled Blue Magician
88901994,2,シンクロ・ランブル,同调鸣动,Synchro Rumble
88917691,1,ガガガガガール,我我我我少女,Gagagaga Girl
88919365,1,ヴァリアンツの武者－北条,群豪之武者-北条,Hojo the Vaylantz Warrior
88923963,1,聖騎士イヴァン,圣骑士 伊文,Noble Knight Iyvanne
88926295,1,イビリチュア・ネーレイマナス,邪遗式心意海仙女,Evigishki Neremanas
88928798,3,ボム・ガード,炸弹防御,Guard Mines
88935103,1,貴竜の魔術師,贵龙之魔术师,Nobledragon Magician
88940154,1,武神器－ハチ,武神器-蜂,Bujingi Centipede
88942504,1,管魔人メロメロメロディ,管魔人 迷迷旋律,Melomelody the Brass Djinn
88958576,1,ラヴァルバーナー,熔岩焚烧者,Laval Burner
88962829,1,騎甲虫ライト・フラッパー,骑甲虫 轻装振翅兵,Beetrooper Light Flapper
88975532,1,漆黒の戦士 ワーウルフ,漆黑的战士 狼人,Pitch-Black Warwolf
88979991,1,キラー・ビー,杀人蜂,Killer Needle
88989706,1,大神官デ・ザード,大神官 迪·扎德,Great Dezard
88996322,1,剣闘獣ウェスパシアス,剑斗兽 维斯帕西亚努斯,Gladiator Beast Vespasius
89015998,1,異次元の探求者,异次元的探求者,D.D. Seeker
89016236,1,ポワレティス・ド・ヌーベルズ,新式魔厨的生煎布提斯,Poeltis de Nouvelles
89019964,1,破械神の禍霊,破械神的祸灵,Unchained Soul of Disaster
89023486,2,原罪宝－スネークアイ,原罪宝-蛇眼,Original Sinful Spoils - Snake-Eye
89040386,3,ＢＦ－バックフラッシュ,黑羽-反闪,Blackwing - Backlash
89041555,3,生贄の抱く爆弾,牲祭怀抱的爆弹,Blast Held by a Tribute
89055154,1,力天使ヴァルキリア,力天使 女武神,Power Angel Valkyria
89058026,2,ＥＮウェーブ,EN波动,EN Wave
89086566,2,機雷化,机雷化,Detonate
89091579,1,昆虫人間,昆虫人,Basic Insect
89091772,1,超重武者ジシャ－Ｑ,超重武者 磁石-Q,Superheavy Samurai Magnet
89111398,1,砂塵の悪霊,沙尘之恶灵,Dark Dust Spirit
89112729,1,メカ・ザウルス,机械恐龙,Cyber Saurus
89113320,1,ＥＭビッグバイトタートル,娱乐伙伴 鱼饵大头龟,Performapal Bit Bite Turtle
89127526,1,バリア・リゾネーター,护罩共鸣者,Barrier Resonator
89132148,1,フォトン・オービタル,光子轨道,Photon Orbital
89172051,1,ドラグニティ－レガトゥス,龙骑兵团-司令官,Dragunity Legatus
89181134,1,捕食植物サンデウ・キンジー,捕食植物 茅膏菜伞蜥,Predaplant Chlamydosundew
89181369,2,星屑のきらめき,星屑的辉煌,Stardust Shimmer
89185742,1,風征竜－ライトニング,风征龙-霆龙,"Lightning, Dragon Ruler of Drafts"
89189982,1,メタファイズ・アームド・ドラゴン,玄化武装龙,Metaphys Armed Dragon
89190953,2,次元融合殺,次元融合杀,Dimension Fusion Destruction
89194033,1,聖獣セルケト,圣兽 塞勒凯特,Mystical Beast of Serket
89194103,1,魔轟神獣クダベ,魔轰神兽 件,The Fabled Kudabbi
89208725,3,メタバース,虚拟世界,Metaverse
89211486,1,ジェネクス・ドクター,次世代博士,Genex Doctor
89222931,1,機械王－プロトタイプ,机械王-原型,Machine King Prototype
89226534,2,蘇生の蜂玉,苏生之蜂玉,Revival Swarm
89235196,1,ビッグ・ワン・ウォリアー,大一战士,Big One Warrior
89238128,1,サイバース・アクセラレーター,电子界加速人,Cyberse Accelerator
89252153,1,Ｅ・ＨＥＲＯ ネクロダークマン,元素英雄 死灵暗侠,Elemental HERO Necroshade
89252157,1,薔薇恋人,蔷薇恋人,Rose Lover
89258225,1,ハ・デスの使い魔,哈·迪斯的使魔,Winged Minion
89258906,1,ＢＦ－そよ風のブリーズ,黑羽-微风之布利兹,Blackwing - Breeze the Zephyr
89264428,2,ベアルクティ・ビッグディッパー,北极天熊北斗星,Ursarctic Big Dipper
89272878,1,冥界の番人,冥界的番人,Guardian of the Labyrinth
89310929,1,霞の谷の雷神鬼,霞之谷的雷神鬼,Mist Valley Thunder Lord
89312388,1,Ｅ・ＨＥＲＯ プリズマー,元素英雄 棱镜侠,Elemental HERO Prisma
89320376,3,星遺物の傀儡,星遗物的傀儡,World Legacy Pawns
89326990,1,ＳＲオハジキッド,疾行机人 弹子小子,Speedroid Ohajikid
89328238,3,補強要員,补强要员,Backup Team
89333528,1,ジェネクス・ガイア,次世代地矿人,Genex Gaia
89355716,2,晴れの天気模様,晴之天气模样,The Weather Sunny Canvas
89357740,1,ユニオン・パイロット,同盟飞行员,Union Pilot
89362180,1,ナチュラル・ボーン・サウルス,天生的白骨恐龙,Skelesaurus
89386122,1,Ａ・Ｏ・Ｊ クラウソラス,正义盟军 辉剑鸟,Ally of Justice Clausolas
89397517,2,レジェンド・オブ・ハート,传说之心,Legend of Heart
89399912,1,嵐征竜－テンペスト,岚征龙-飙龙,"Tempest, Dragon Ruler of Storms"
89405199,3,グリード,欲望的幻象,Greed
89423971,1,インフェルノイド・アスタロス,狱火机·阿斯塔罗特,Infernoid Patrulea
89448140,3,マジシャンズ・プロテクション,魔术师的守护,Magicians' Defense
89450409,2,疾風のドラグニティ,疾风之龙骑兵团,Dragunity Whirlwind
89462956,3,ディーラーズ・チョイス,庄家选择,Dealer's Choice
89463537,1,ユニコールの影霊衣,尤尼科之影灵衣,Nekroz of Unicore
89474727,1,真閃珖竜 スターダスト・クロニクル,真闪珖龙 星尘·录,Stardust Chronicle Spark Dragon
89477759,1,ＣＮｏ.１０００ 夢幻虚神ヌメロニアス,混沌No.1000 梦幻虚神 原数天灵,Number C1000: Numerounius
89484053,1,転生炎獣モル,转生炎兽 鼹鼠,Salamangreat Mole
89493368,1,サモン・リアクター・ＡＩ,召唤反应机·大式,Summon Reactor ・SK
89494469,1,暗黒魔神 ナイトメア,暗黑魔神 梦魇,Dark Titan of Terror
89516305,1,Ｎｏ.８７ 雪月花美神クイーン・オブ・ナイツ,No.87 雪月花美神 月下美人,Number 87: Queen of the Night
89521713,1,マドルチェ・クロワンサン,魔偶甜点·牛角面包狗,Madolche Cruffssant
89529919,1,戦士ラーズ,战士 拉兹,Field-Commander Rahz
89538537,1,オルターガイスト・シルキタス,幻变骚灵·泛在羽衣精,Altergeist Silquitous
89544521,1,ブンボーグ・ジェット,文具电子人喷气机,Deskbot Jet
89547299,1,パワー・インジェクター,力量注射师,Power Injector
89552119,1,精霊冥騎－急還馬,精灵冥骑-急还马,Cucumber Horse
89558090,1,ダーク・プリズナー,暗黑囚犯,Dark Prisoner
89558743,2,スモール・ワールド,小世界现象,Small World
89563150,3,白銀のバリア－シルバーフォース－,白银防护罩 -银色之力-,Shining Silver Force
89567993,1,アマゾネス訓練生,亚马逊训练生,Amazoness Trainee
89569453,3,断絶の落とし穴,断绝的落穴,Banishing Trap Hole
89571015,1,ストームサイファー,风暴密码人,Storm Cipher
89594399,1,レプティレス・コアトル,爬虫妖女·科亚特尔,Reptilianne Coatl
89604813,1,青眼の究極霊竜,青眼究极灵龙,Blue-Eyes Ultimate Spirit Dragon
89609515,1,ラヴァル・フロギス,熔岩燃素人,Laval Phlogis
89617515,1,揺海魚デッドリーフ,摇海鱼 枯叶海龙,Lifeless Leaffish
89621922,1,Ｎ・フレア・スカラベ,新空间侠·火焰甲虫,Neo-Spacian Flare Scarab
89628781,3,忍法 空蝉の術,忍法 空蝉之术,Ninjitsu Art of Decoy
89631139,1,青眼の白龍,青眼白龙,Blue-Eyes White Dragon
89642993,1,Ｎｏ.６３ おしゃもじソルジャー,No.63 饭勺战士,Number 63: Shamoji Soldier
89662401,1,転生炎獣フォウル,转生炎兽 孔雀,Salamangreat Fowl
89662736,1,武神器－ヤタ,武神器-八咫,Bujingi Crow
89698120,1,華麗なる潜入工作員,华丽的潜入工作员,Tactical Espionage Expert
89707961,1,王家の守護者スフィンクス,王家的守护者 斯芬克斯,Pharaonic Guardian Sphinx
89718302,1,暴れ牛鬼,暴走牛鬼,Abare Ushioni
89719143,3,決戦融合－ファイナル・フュージョン,决战融合,Final Fusion
89731911,1,ファミリア・ナイト,亲善骑士,Familiar Knight
89732524,1,魔界発冥界行きバス,由魔界到冥界的巴士,Tour Bus To Forbidden Realms
89739383,2,グリモの魔導書,奥义之魔导书,Spellbook of Secrets
89743495,1,斬機ディヴィジョン,斩机 除武,Mathmech Division
89770167,1,炎熱刀プロミネンス,炎热刀 日珥,"Prominence, Molten Swordsman"
89771220,2,天斗輝巧極,天斗辉巧极,Ursarctic Drytron
89774530,1,Ｈ・Ｃ ダブル・ランス,英豪挑战者 双长枪兵,Heroic Challenger - Double Lance
89776023,1,エヴォルド・フォリス,进化虫·棱角鳞鳄,Evoltile Pholis
89785779,1,ミレニアム・アイズ・イリュージョニスト,千年眼幻想师,Millennium-Eyes Illusionist
89789152,3,タキオン・ギャラクシースパイラル,时空银河螺旋,Tachyon Spiral Galaxy
89792713,3,極星宝レーヴァテイン,极星宝 雷瓦汀,Nordic Relic Laevateinn
89801755,2,深淵の指名者,深渊的指名者,Abyssal Designator
89809665,1,焔聖騎士－テュルパン,焰圣骑士-杜平,Infernoble Knight Turpin
89810518,1,レプティレス・メデューサ,爬虫妖女·美杜莎,Reptilianne Medusa
89812483,3,メタル化・強化反射装甲,金属化·强化反射装甲,Max Metalmorph
89818984,1,花札衛－柳に小野道風－,花札卫-柳间小野道风-,Flower Cardian Willow with Calligrapher
89824842,3,蕾禍大輪首狩舞,蕾祸大轮首狩舞,Ragnaraika Hunting Dance
89832901,1,密林の黒竜王,密林的黑龙王,B. Dragon Jungle King
89839552,1,パペット・ポーン,人偶兵卒,Puppet Pawn
89851827,1,聖秘なる竜騎士,圣秘之龙骑士,Sacramentum Dragoon
89856523,1,罡炎星－リシュンキ,罡炎星-麟俊麒,Brotherhood of the Fire Fist - Kirin
89870349,1,Ｍ・ＨＥＲＯ ブラスト,假面英雄 阵风,Masked HERO Blast
89882100,2,ナイト・ショット,夜摄,Night Beam
89883517,2,濡れ衣,冤枉,Mistaken Accusation
89893715,1,ラヴァルの炎車回し,推炎车的熔岩人,Laval Miller
89899996,2,Ｄ－スピリッツ,D-精神,D - Spirit
89904598,1,恐竜人,恐龙人,Anthrosaurus
89907227,1,白闘気双頭神龍,白斗气双头神龙,White Aura Bihamut
89914395,3,ミョルニルの魔槌,米约尔尼尔之魔槌,Divine Relic Mjollnir
89928517,1,通販売員,通贩卖员,Two-for-One Team
89943723,1,Ｅ・ＨＥＲＯ ネオス,元素英雄 新宇侠,Elemental HERO Neos
89948817,2,ジュラック・ヴォルケーノ,朱罗纪火山,Jurrac Volcano
89959682,1,王家の守護者,王家的守护者,Pharaonic Protector
89974735,1,魔法妖精 バーガンディ,魔法妖精 勃艮第,Burgundy the Magic Elf
89974904,3,シンクロコール,同调呼唤,Synchro Call
89987208,1,東方の英雄,东方英雄,Hero of the East
89997728,2,トゥーンのもくじ,卡通目录,Toon Table of Contents
90000652,1,Ｒ－ＡＣＥファイア・エンジン,救援ACE队 消防战车人,Rescue-ACE Fire Engine
90011152,2,おジャマ・カントリー,扰乱之乡,Ojama Country
90019393,1,ジェムナイト・アレキサンド,宝石骑士·紫翠,Gem-Knight Alexandrite
90020065,1,タイム・ボマー,定时炸弹,Jigen Bakudan
90020780,1,シノビネクロ,尸忍,Shinobi Necro
90027012,1,チョウジュ・ゴッド,兆手神,Choju of the Trillion Hands
90036274,1,クリアウィング・ファスト・ドラゴン,幻透翼疾速龙,Clear Wing Fast Dragon
90050480,1,Ｅ・ＨＥＲＯ コスモ・ネオス,元素英雄 秩序新宇侠,Elemental HERO Cosmo Neos
90075978,3,Ｗ星雲隕石,W星云陨石,W Nebula Meteorite
90098780,1,鍵魔人ハミハミハミング,键魔人 挠挠哼唱,Humhumming the Key Djinn
90122655,1,天魔大帝,天魔大帝,Tenmataitei
90126061,1,Ｎｏ.５ 亡朧竜 デス・キマイラ・ドラゴン,No.5 亡胧龙 死亡嵌合龙,Number 5: Doom Chimera Dragon
90135989,2,雲魔物のスコール,云魔物的阵雨,Cloudian Squall
90140980,1,おジャマ・キング,扰乱王,Ojama King
90147755,1,炎の女暗殺者,炎之女暗杀者,Lady Assailant of Flames
90156158,2,セイクリッドの超新生,星圣的超新生,Constellar Star Cradle
90161770,1,Ｂ・Ｆ－早撃ちのアルバレスト,蜂军-急射之钢弩蜂,Battlewasp - Arbalest the Rapidfire
90162951,1,Ｎｏ.３５ ラベノス・タランチュラ,No.35 极饿捕鸟蛛,Number 35: Ravenous Tarantula
90164606,3,ＧＰ－ネック・アンド・ネック,黄金荣耀-并驾齐驱,Gold Pride - It's Neck and Neck!
90173539,2,ワールド・ダイナ・レスリング,世界恐龙摔跤,World Dino Wrestling
90176467,1,夢魔鏡の逆徒－ネイロイ,梦魔镜的逆徒-涅洛伊,"Neiroy, the Dream Mirror Traitor"
90179822,1,喜劇のデスピアン,喜剧之死狱乡演员,Despian Comedy
90200789,3,忍法 超変化の術,忍法 超变化之术,Ninjitsu Art of Super-Transformation
90207654,1,極星天グルヴェイグ,极星天 古尔薇格,Gullveig of the Nordic Ascendant
90219263,2,万華鏡－華麗なる分身－,万华镜-华丽的分身-,Elegant Egotist
90238142,1,ハーピィ・チャネラー,鹰身通灵师,Harpie Channeler
90239723,2,Ｄ・リペアユニット,变形斗士·修复装置,Morphtronic Repair Unit
90241276,1,蛇眼の炎燐,蛇眼炎磷,Snake-Eyes Poplar
90243945,1,ワイトプリンセス,白骨公主,Wightprincess
90246973,2,パワー・ピカクス,动力镐,Power Pickaxe
90247311,1,黄竜の忍者,黄龙忍者,Yellow Dragon Ninja
90263923,2,シャイニング・アブソーブ,闪光吸收,Leeching the Light
90276649,1,幻奏の歌姫クープレ,幻奏的歌姬 库普莱,Couplet the Melodious Songstress
90290572,1,代行者の近衛 ムーン,代行者的近卫 穆恩,Protector of The Agents - Moon
90299015,1,ヴァンパイアの幽鬼,吸血鬼的幽鬼,Vampire Ghost
90303176,1,サイレント・アングラー,寂静鮟鱇,Silent Angler
90303227,1,Ｋ９－ＥＸ “Ｗｅｒｅｗｏｌｆ”,K9-EX “狼人”,"K9 - EX ""Werewolf"""
90307498,1,Ｅ・ＨＥＲＯ ネオス・クルーガー,元素英雄 新宇智者,Elemental HERO Neos Kluger
90307777,1,影霊衣の術士 シュリット,影灵衣术士 施里特,"Shurit, Strategist of the Nekroz"
90311614,1,氷結界の水影,冰结界的水影,Dewdark of the Ice Barrier
90312154,3,失われた聖域,失落的圣域,Fallen Sanctuary
90315086,1,ジェット・シャーク,喷水鲨,Hydrojet Shark
90330453,2,魔女狩り,魔女狩猎,Last Day of Witch
90337190,1,魚雷魚,鱼雷鱼,Torpedo Fish
90351981,2,オルフェゴール・バベル,自奏圣乐的通天塔,Orcustrated Babel
90357090,1,シルバー・フォング,银牙狼,Silver Fang
90359458,2,トップ・シェア,业界首位,Top Share
90361010,1,超重武者装留イワトオシ,超重武者装留 岩融,Superheavy Samurai Soulpiercer
90361289,1,機巧狐－宇迦之御魂稲荷,机巧狐-宇迦之御魂稻荷,"Gizmek Uka, the Festive Fox of Fecundity"
90365482,1,河伯,河伯,"Hebo, Lord of the River"
90374791,2,アームド・チェンジャー,武装转换,Armed Changer
90384300,2,極超辰醒,极超辰醒,Hypernova Burst
90386276,3,罪なき罪宝,无罪的罪宝,Sinful Spoils Sanctification
90397998,1,六武衆－カモン,六武众-火门,The Six Samurai - Kamon
90407382,1,ザ・キックマン,蹴杀者,The Kick Man
90411554,1,巌征竜－レドックス,岩征龙-锈龙,"Redox, Dragon Ruler of Boulders"
90432163,1,幻影騎士団ダスティローブ,幻影骑士团 沾尘袍,The Phantom Knights of Ancient Cloak
90434657,3,ネクロバレーの王墓,王家长眠之谷的王墓,Imperial Tombs of Necrovalley
90434926,2,漆黒のトバリ,漆黑之帐,Veil of Darkness
90440725,3,サイバー・シャドー・ガードナー,电子黑影守卫者,Cyber Shadow Gardna
90444325,1,メガリス・ハギト,巨石遗物·海基思,Megalith Hagith
90448279,1,天霆號アーゼウス,天霆号 阿宙斯,Divine Arsenal AA-ZEUS - Sky Thunder
90452877,3,Ｋｏｚｍｏ－エナジーアーツ,星际仙踪-能术,Kozmojo
90464188,1,黒曜岩竜,黑曜岩龙,Obsidian Dragon
90465153,1,マナドゥム・プライムハート,末那愚子族·普莱姆哈特,Mannadium Prime-Heart
90470931,2,鬼神の連撃,鬼神的连击,Oni-Gami Combo
90488465,1,混沌の創世神,混沌创世神,The Chaos Creator
90500169,2,レベルダウン！？,等级下降！？,Level Down!?
90502999,2,地盤沈下,地盘沉下,Ground Collapse
90506641,2,魂の開封,魂之开封,Soul Unseal
90508760,1,Ｘ－セイバー エアベルン,X-剑士 艾尔伯恩,X-Saber Airbellum
90512490,1,グレートフライ,巨蝇,Greatfly
90519313,2,検疫,检疫,Quarantine
90555947,1,ナチュル・ガイアストライオ,自然地星狮,Naturia Gaiastrio
90557975,3,上昇気流,上升气流,Updraft
90576781,2,レプティレス・ポイズン,爬虫妖毒,Reptilianne Poison
90579153,1,Ｄ－ＨＥＲＯ ディストピアガイ,命运英雄 敌托邦人,Destiny HERO - Dystopia
90582719,1,剣闘獣アンダル,剑斗兽 独眼斗,Gladiator Beast Andal
90583279,1,八雷天神,八雷天神,"Yakusa, Lord of the Eight Thunders"
90587641,1,超重神将シャナ－Ｏ,超重神将 遮那王-O,Superheavy Samurai Commander Shanawo
90590303,1,Ｎｏ.４１ 泥睡魔獣バグースカ,No.41 泥睡魔兽 睡梦貘,Number 41: Bagooska the Terribly Tired Tapir
90592429,2,ヴァイロン・フィラメント,大日细丝,Vylon Filament
90615639,3,タイム・ディメンションホール,时间次元洞会馆,Time Dimension Hole
90616316,1,魔轟神獣ペガラサス,魔轰神兽 珀伽拉索斯,The Fabled Peggulsus
90640901,1,リバース・バスター,埋伏破坏者,Reverse Buster
90642597,1,未来サムライ,未来侍,Future Samurai
90654356,1,暗黒プテラ,暗黑翼龙,Black Ptera
90659259,2,Ｄ・コンバートユニット,变形斗士·变换装置,Morphtronic Converter
90660762,1,メテオ・ブラック・ドラゴン,流星黑龙,Meteor Black Dragon
90664684,3,竜華襲焉,龙华袭焉,Ryu-Ge End
90664857,1,電脳堺甲－甲々,电脑堺甲-甲甲,Virtual World Shell - Jaja
90669991,3,パイナップル爆弾,菠萝爆弹,Pineapple Blast
90673288,1,閃刀姫－シズク,闪刀姬-雫空,Sky Striker Ace - Shizuku
90673413,2,ガガガリベンジ,我我我复仇,Gagagarevenge
90681088,1,真炎王 ポニクス,真炎王 凤凰不死鸟,Legendary Fire King Ponix
90711610,2,百鬼羅刹大参上,百鬼罗刹大参上,Goblin Biker Grand Entrance
90724272,1,闇薔薇の妖精,暗蔷薇之妖精,Dark Rose Fairy
90726340,1,竜魔人 クィーンドラグーン,龙魔人 龙骑士女王,Queen Dragun Djinn
90727556,1,インヴェルズの斥候,侵入魔鬼的斥候,Steelswarm Scout
90740329,3,挑発,挑衅,Taunt
90743290,1,魔導老士 エアミット,魔导老士 艾尔米特,Hermit of Prophecy
90764875,1,ゴルゴニック・グール,蛇头食尸鬼,Gorgonic Ghoul
90788081,1,百年竜,百年龙,Hundred Dragon
90790253,1,リトル・ウィンガード,小翼守卫,Little-Winguard
90807199,1,未界域のサンダーバード,未界域的雷鸟,Danger! Thunderbird!
90809975,1,餅カエル,饼蛙,Toadally Awesome
90810762,1,逆巻く炎の精霊,逆卷的炎之精灵,Raging Flame Sprite
90812044,2,連鎖召喚,连锁召唤,Chain Summon
90814668,2,タイラント・プランテーション,暴君种植场,Tyrant Farm
90829280,1,スピリット・オブ・ユベル,于贝尔精灵,Spirit of Yubel
90835938,1,聖夜に煌めく竜,圣夜的煌龙,"Starry Night, Starry Dragon"
90844184,1,ガルマソード,伽玛剑,Garma Sword
90846359,3,群雄割拠,群雄割据,Rivalry of Warlords
90861137,2,『焔聖剣－ジョワユーズ』,『焰圣剑-咎瓦尤斯』,"""Infernoble Arms - Joyeuse"""
90873992,2,戦士抹殺,战士抹杀,Warrior Elimination
90876561,1,ジャックス・ナイト,卫兵骑士,Jack's Knight
90884403,1,究極幻神 アルティミトル・ビシバールキン,究极幻神 奥特美特尔·比希巴尔金,Phantasmal Lord Ultimitl Bishbaalkin
90885155,1,クリフォート・シェル,机壳壳层 拒绝,Qliphort Shell
90887783,2,竜の交感,龙之交感,Draconnection
90908427,1,鉄腕ゴーレム,铁腕巨人,Steel Ogre Grotto #2
90925163,1,踊る妖精,舞蹈妖精,Dancing Fairy
90928333,2,闇の量産工場,暗之量产工厂,Dark Factory of Mass Production
90934570,3,侵略の侵喰崩壊,侵略的侵食崩坏,Infestation Terminus
90939874,3,六武式真伝天魔六段衝,六武式真传天魔六段冲,Six Strike - Sextuple Barrage
90946420,3,百鬼羅刹大重畳,百鬼罗刹大重叠,Goblin Biker Grand Pileup
90951921,2,先史遺産技術,先史遗产技术,Chronomaly Technology
90953320,1,ＴＧ ハイパー・ライブラリアン,科技属 超图书馆员,T.G. Hyper Librarian
90957527,1,剣闘獣ゲオルディアス,剑斗兽 乔治,Gladiator Beast Gaiodiaz
90960358,1,トゥーン・ブラック・マジシャン・ガール,卡通黑魔术少女,Toon Dark Magician Girl
90963488,1,眠り子,睡眠之子,Nemuriko
90965652,2,二量合成,二量合成,Dimer Synthesis
90969892,3,トライブ・ドライブ,三族兽冲劲,Tribe Drive
90980792,1,ダークジェロイド,暗黑胶体人,Dark Jeroid
91011603,1,極星工イーヴァルディ,极星工 伊瓦尔迪,Nordic Smith Ivaldi
91020571,1,地征竜－リアクタン,地征龙-迹龙,"Reactan, Dragon Ruler of Pebbles"
91025875,1,Ｋ９－ØØ号 ルプス,K9-ØØ号 野狼,K9 - #ØØ Lupus
91027843,2,海晶乙女の闘海,海晶少女的斗海,Marincess Battle Ocean
91034681,1,デストーイ・デアデビル,魔玩具·冒失鬼,Frightfur Daredevil
91070115,1,エーリアン・テレパス,传心外星人,Alien Telepath
91073013,1,ＶＳ 龍帝ヴァリウス,征服斗魂 龙帝 瓦利乌斯,Vanquish Soul Caesar Valius
91078716,3,ポリノシス,花粉症,Pollinosis
91098230,1,古代の機械戦車兵,古代的机械战车兵,Ancient Gear Tanker
91107093,2,電磁シールド,电磁盾,Electromagnetic Shield
91110378,1,光天使スローネ,光天使 天座,Star Seraph Sovereignty
91123920,1,力の代行者 マーズ,力之代行者 玛尔斯,The Agent of Force - Mars
91133740,1,スノーマンイーター,雪人食人怪,Snowman Eater
91135480,1,クロノダイバー・ダブルバレル,时间潜行者·双条盒驱动员,Time Thief Double Barrel
91140491,1,熾天蝶,炽天蝶,Seraphim Papillion
91148083,2,神々の黄昏,诸神的黄昏,Gotterdammerung
91152256,1,エルフの剣士,精灵剑士,Celtic Guardian
91152455,3,メタル化・鋼炎装甲,金属化·钢炎装甲,Flame Coating Metalmorph
91182675,1,魔導獣 ジャッカル,魔导兽 胡狼,Mythical Beast Jackal
91188343,1,神秘の代行者 アース,神秘之代行者 厄斯,The Agent of Mystery - Earth
91222209,1,Ｒ－ＡＣＥイントルーダー,救援ACE队 双脉冲炮灭火员,Rescue-ACE Monitor
91228233,2,迷い花の森,迷幻花之森,Forest of Lost Flowers
91231901,2,「Ａ」細胞組み換え装置,「A」细胞重组装置,"""A"" Cell Recombination Device"
91250514,1,タン・ツイスター,绕舌怪,Tongue Twister
91258852,1,ＳＰＹＲＡＬ－グレース,秘旋谍-高雅女士,SPYRAL Master Plan
91262474,1,スターダスト・ヴルム,星尘亚龙,Stardust Wurm
91269402,3,サイバース・ビーコン,电子界信标,Cyberse Beacon
91272072,1,トリックスターバンド・ギタースイート,淘气仙星乐队·吉她斯薇特,Trickstar Band Sweet Guitar
91279700,1,ヴェルズ・オピオン,入魔龙主 俄菲翁,Evilswarm Ophion
91283212,1,Ｂ・Ｆ－追撃のダート,蜂军-追击之飞镖蜂,Battlewasp - Dart the Hunter
91284003,3,ＡＲＧ☆Ｓ－飛燕のカパネ,阿尔戈☆群星-飞燕的卡帕涅,Argostars - Swift Capane
91286284,2,ＧＰ－アウト・オブ・ノーウェア,黄金荣耀-突如其来,Gold Pride - That Came Out of Nowhere!
91299846,1,雷天気ターメル,雷天气 姜黄,The Weather Painter Thunder
91300233,1,騎甲虫クルーエル・サターン,骑甲虫 残酷撒旦独角仙,Beetrooper Cruel Saturnas
91323605,3,奇異界開,奇异界开,How Did Dai Get Here?
91336701,1,魔導耀士 デイブレイカー,魔导耀士 破晓者,Day-Breaker the Shining Magical Warrior
91337277,1,ビッグ・インフレート・ドラゴン,巨膜充气龙,Big Inflate Dragon
91345518,1,裁きの代行者 サターン,裁决之代行者 萨图恩,The Agent of Judgment - Saturn
91349449,1,ライトレイ ソーサラー,光芒使者 巫师,Lightray Sorcerer
91350799,1,マドルチェ・ホーットケーキ,魔偶甜点·热香饼猫头鹰,Madolche Hootcake
91351370,2,黒い旋風,黑旋风,Black Whirlwind
91392974,3,出幻,出幻,Apparition
91397409,1,ペンギン勇者,企鹅勇者,Penguin Brave
91405870,2,烈風の空牙団,烈风之空牙团,Mayhem Fur Hire
91407982,2,フォーチュン・ヴィジョン,命运视界,Fortune Vision
91420202,1,アドヴェンデット・セイヴァー,降灵复仇死者·救世侠,Avendread Savior
91420254,1,妖仙獣 右鎌神柱,妖仙兽 右镰神柱,Yosenju Shinchu R
91422370,3,螺旋式発条,螺旋式发条,Zenmailstrom
91434208,2,白の輪廻,白之轮回,White Reincarnation
91434602,1,マジェスティ・ヒュペリオン,权威者·许珀里翁,Majesty Hyperion
91438674,1,ＡＲＧ☆Ｓ－栄冠のアドラ,阿尔戈☆群星-荣冠的阿德拉,Argostars - Glorious Adra
91438994,1,Ａ・ジェネクス・ベルフレイム,盟军·次世代狱焰兵,Genex Ally Bellflame
91449144,1,ガスタの静寂 カーム,薰风的静寂 卡姆,"Caam, Serenity of Gusto"
91449532,1,ＥＭオールカバー・ヒッポ,娱乐伙伴 合掩河马,Performapal Flip Hippo
91468551,2,太陽の祭壇,太阳的祭坛,Temple of the Sun
91479482,1,紅恋の麗傑－ブラダマンテ,红恋之丽杰-布拉达曼特,Courageous Crimson Chevalier Bradamante
91482773,1,ゲートウェイ・ドラゴン,关口龙,Gateway Dragon
91499077,1,ガガガザムライ,我我我侍,Gagaga Samurai
91500017,2,トゥーンのしおり,卡通书签,Toon Bookmark
91501248,1,禁忌の壺,禁忌之壶,Pot of The Forbidden
91505214,1,トリックスター・ナルキッス,淘气仙星·那耳姬丝,Trickstar Narkissus
91509824,3,Ａｉ－ボウ,“艾”宝-搭档,SA.I.dekick
91512835,1,インセクト女王,昆虫女王,Insect Queen
91530236,2,精霊術の使い手,精灵术的能手,Spirit Charmers
91534476,3,ワン・バイ・ワン,一接一,One by One
91554542,1,ネオフレムベル・サーベル,新炎狱剑士,Neo Flamvell Sabre
91557476,1,聖蔓の剣士,圣蔓之剑士,Sunvine Thrasher
91559748,1,棘の妖精,棘之妖精,Prickle Fairy
91575236,1,イモータル・ドラゴン,不朽之龙,Immortal Dragon
91580102,2,レプティレス・アンガー,爬虫妖怒,Reptilianne Rage
91584698,1,ＥＭトランプ・ウィッチ,娱乐伙伴 扑克魔女,Performapal Trump Witch
91588074,1,創星神 ｔｉｅｒｒａ,创星神 提耶拉,"Tierra, Source of Destruction"
91592030,3,威迫鉱石－サモナイト,威迫矿石-迫选召唤石,Intimidating Ore - Summonite
91595718,2,秘術の書,秘术之书,Book of Secret Arts
91596726,1,ダーク・クルセイダー,暗黑十字军,Dark Crusader
91597389,3,ゲットライド！,骑乘！,Roll Out!
91598270,1,ソドレミコード・グレーシア,梭之七音服·格蕾西娅,SolSolfachord Gracia
91607976,1,Ｄ・クロックン,变形斗士·电子钟,Morphtronic Clocken
91623717,2,連鎖爆撃,连锁爆击,Chain Strike
91642007,1,海造賊－黒翼の水先人,海造贼-黑翼水先人,"Blackeyes, the Plunder Patroll Seaguide"
91646304,1,神樹のパラディオン,神树之圣像骑士,Crusadia Arboria
91650245,3,森羅の恵み,森罗的恩惠,Sylvan Blessing
91654806,2,宇宙との交信,与宇宙的交信,Cosmos Channelling
91662792,1,ガスタ・イグル,薰风鹰,Gusto Egul
91663373,1,サイバー・エスパー,电子超能人,Cyber Esper
91665064,2,セキュリティ・ブロック,安全屏蔽,Security Block
91668078,2,雪沓の 跡追うひとつ またひとつ,踩着雪鞋印 顺着足迹追呀追 一个接一个,In Papa's Footsteps
91668401,1,サイバー・エンジェル－伊舎那－,电子化天使-伊舍那-,Cyber Angel Izana
91677585,3,かっとビング・チャレンジ,毅飞冲天挑战,Hi-Five the Sky
91691605,1,Ｄ－ＨＥＲＯ ドリルガイ,命运英雄 钻头人,Destiny HERO - Drilldark
91697229,1,極星邪狼フェンリル,极星邪狼 芬里尔,Fenrir the Nordic Wolf
91703676,2,炎王神天焼,炎王神天烧,Fire King Sky Burn
91706817,2,青い涙の天使,蓝泪的天使,Angel of Blue Tears
91711547,1,フレムベル・デビル,炎狱恶魔,Flamvell Fiend
91712985,1,時械神カミオン,时械神 卡米恩,"Kamion, the Timelord"
91718579,1,ゴゴゴアリステラ＆デクシア,隆隆隆左手与右手,Gogogo Aristera & Dexia
91731841,1,ジェムナイト・ガネット,宝石骑士·红榴,Gem-Knight Garnet
91740879,2,ご隠居の大釜,隐居者的大釜,Cauldron of the Old Man
91742238,3,リターン・オブ・アンデット,不死族的骸旋,Return of the Zombies
91749600,1,王の呪 ヴァラ,王战之咒 伐拉,"Vala, Seidhr of the Generaider Bosses"
91754175,1,犬タウルス,人犬兽,Caninetaur
91781484,3,ＤＤＤヘッドハント,DDD猎头,D/D/D Headhunt
91781589,3,覇者の一括,霸者的独揽,Thunder of Ruler
91782219,1,クラブ・タートル,蟹龟,Crab Turtle
91798373,1,デュアル・スコーピオン,双蝎,Gemini Scorpion
91800273,1,ディメンション・アトラクター,次元吸引者,Dimension Shifter
91810826,1,天盃龍チュンドラ,天杯龙 中龙,Tenpai Dragon Chundra
91812341,1,トリオンの蟲惑魔,特莱恩之虫惑魔,Traptrix Myrmeleo
91818544,1,ＷＡＫＥ ＣＵＰ！ モカ,睡醒一杯！摩卡咖啡,WAKE CUP! Mocha
91819979,2,マジックブラスト,魔法爆破,Magical Blast
91822647,3,ガスタのつむじ風,薰风的旋风,Whirlwind of Gusto
91831066,2,水照明,水照明,Aquarium Lighting
91842653,1,トゥーン・デーモン,卡通恶魔,Toon Summoned Skull
91862578,1,激昂のムカムカ,激昂的姆卡姆卡,Enraged Muka Muka
91864689,1,Ｓ－Ｆｏｒｃｅ エッジ・レイザー,治安战警队 拔刃者,S-Force Edge Razor
91869203,1,アマゾネスの射手,亚马逊射手,Amazoness Archer
91870448,1,サイコ・ギガサイバー,念力电子巨人,Psychic Megacyber
91880660,2,仇すれば通図,仇极生智图,Way Where There's a Will
91895091,1,銀嶺の巨神,银岭之巨神,Soul of Silvermountain
91903221,1,エヴォルド・エルギネル,进化虫·埃尔金螈,Evoltile Elginero
91907707,1,クリフォート・アーカイブ,机壳档案 色欲,Qliphort Carrier
91939608,1,ホーリー・ドール,神圣人偶,Rogue Doll
91946859,2,応身の機械天使,应身之机械天使,Incarnated Machine Angel
91949988,1,迅雷の騎士ガイアドラグーン,迅雷之骑士 盖亚龙骑士,"Gaia Dragon, the Thunder Charger"
91951471,2,ＶＳ 螺旋流辻風,征服斗魂 螺旋流辻风,Vanquish Soul Dust Devil
91953000,1,海晶乙女ブルータン,海晶少女 蓝倒吊,Marincess Blue Tang
91957038,2,妖精の伝姫,妖精传姬,Fairy Tail Tales
91969909,2,女神ウルドの裁断,女神乌尔德的裁断,Goddess Urd's Verdict
91985515,2,鋼核初期化,钢核初期化,Koa'ki Meiru Initialize!
91989718,3,アタック・リフレクター・ユニット,攻击反射装置,Attack Reflector Unit
91996584,1,ウィップテイル・ガーゴイル,鞭尾石像怪,Whiptail Crow
91998119,1,ＸＹＺ－ドラゴン・キャノン,XYZ-神龙炮,XYZ-Dragon Cannon
92001300,2,古代の機械城,古代的机械城,Ancient Gear Castle
92003832,1,ＧＰ－ＲＢ,黄金荣耀-滚球手,Gold Pride - Roller Baller
92015800,1,Ｎｏ.７６ 諧調光師グラディエール,No.76 谐调光师 渐变天乐斗士,Number 76: Harmonizer Gradielle
92034192,1,超量士ブラックレイヤー,超级量子战士 黑光层,Super Quantum Black Layer
92035412,2,ヴァイロン・エレメント,大日元素,Vylon Element
92039899,1,デーモンの騎兵,恶魔骑兵,Archfiend Cavalry
92043888,3,ドレミコード・フォーマル,七音服的正装,Solfachord Formal
92053608,1,アクアアクトレス・アロワナ,水伶女·龙鱼,Aquaactress Arowana
92065772,1,氷結界に住む魔酔虫,住在冰结界的魔醉虫,Numbing Grub in the Ice Barrier
92067220,2,ジョーカーズ・ストレート,王牌顺子,Joker's Straight
92079625,1,影依の炎核 ヴォイド,影依的炎核 虚梦狱,Helshaddoll Hollow
92080692,3,見切りの極意,看破的极意,Showdown of the Secret Sense Scroll Techniques
92084010,1,ヒゲアンコウ,髭须鮟鱇,Unshaven Angler
92092092,3,調星のドラッグスター,调星之直线竞速士,Space Dragster
92099232,3,シェイプシスター,变形人姐妹,Shapesister
92107604,2,神碑の泉,神碑之泉,Runick Fountain
92110878,1,トリコロール・ガジェット,三色零件,Gadget Trio
92125819,1,聖騎士アルトリウス,圣骑士 阿托利斯,Noble Knight Artorigus
92133240,1,ダイノルフィア・テリジア,恐啡肽狂龙·镰刀龙,Dinomorphia Therizia
92142169,1,パクバグ,大吃虫,Bite Bug
92170894,1,ＥＭロングフォーン・ブル,娱乐伙伴 电话长角牛,Performapal Longphone Bull
92176681,1,サプレス・コライダー,抑制压缩对撞员,Suppression Collider
92182447,2,時の女神の悪戯,时间女神的恶作剧,Mischief of the Time Goddess
92200612,1,霊魂鳥－伝鳩,灵魂鸟-传鸠,Shinobird Pigeon
92204263,1,紺碧の機界騎士,绀碧之机界骑士,Mekk-Knight Indigo Eclipse
92219931,3,二者一両損,二者一两损,Simultaneous Loss
92221402,2,カオティック・エレメンツ,混沌态元素,Chaotic Elements
92223430,2,神鳥の霊峰エルブルズ,神鸟的灵峰 厄尔布尔士山,"Elborz, the Sacred Lands of Simorgh"
92223641,2,天空の泉,天空之泉,The Fountain in the Sky
92246806,1,妖仙獣 鎌弐太刀,妖仙兽 镰贰太刀,Yosenju Kama 2
92248362,1,Ｋ９－１７号 イヅナ,K9-17号 饭纲,K9 - #17 Izuna
92266279,3,潤いの風,湿润之风,Humid Winds
92300891,1,カラクリ樽 真九六,机巧桶 真九六,"Karakuri Barrel mdl 96 ""Shinkuro"""
92327802,1,ディフェクト・コンパイラー,缺陷编译器,Defect Compiler
92332424,1,竜剣士マジェスティＰ,龙剑士 威风凛·飞马,"Majesty Pegasus, the Dracoslayer"
92341815,2,星空蝶,星空蝶,Starlit Papillon
92345028,2,フューリー・オブ・ファイア,炽焰狂怒,Fury of Fire
92346415,2,サイコ・ソード,念力剑,Psychic Sword
92353449,2,レッドアイズ・インサイト,真红眼看破,Red-Eyes Insight
92361635,1,アトミック・スクラップ・ドラゴン,原子废铁龙,Atomic Scrap Dragon
92362073,1,銀河衛竜,银河卫龙,Galaxy Satellite Dragon
92365601,2,ＲＵＭ－リミテッド・バリアンズ・フォース,升阶魔法-限制型异晶人的魔力,Rank-Up-Magic Limited Barian's Force
92373006,1,スレイブタイガー,奴隶虎,Test Tiger
92377303,1,黒衣の大賢者,黑衣大贤者,Dark Sage
92379223,3,黄金の征服王,黄金之征服王,El Dorado Adelantado
92385016,1,神碑の翼ムニン,神碑之翼 穆宁,Munin the Runick Wings
92391084,1,ウィルミー,威尔米,Wilmee
92394653,3,スピリットの誘い,灵魂的引诱,Spirit's Invitation
92408984,3,ドラゴンの宝珠,龙之宝珠,The Dragon's Bead
92409659,1,ホワイト・ドルフィン,白海豚,White Dolphin
92411493,1,雨天気ラズラ,雨天气 湛蓝,The Weather Painter Rain
92418590,1,ギミック・パペット－ネクロ・ドール,机关傀儡-死灵人偶,Gimmick Puppet Dreary Doll
92421852,1,レアメタル・レディ,稀有金属女郎,Robolady
92422871,1,サイバース・ディセーブルム,电子界无效亚龙,Cyberse Desavewurm
92428405,3,覇王龍の魂,霸王龙之魂,Soul of the Supreme King
92435533,1,時械神ラツィオン,时械神 拉结恩,"Lazion, the Timelord"
92450185,3,リミッター・ブレイク,限速解除,Limiter Overload
92481084,2,心眼の祭殿,心眼之祭殿,Temple of the Mind's Eye
92487128,1,創星竜華－光巴,创星龙华-光巴,Sosei Ryu-Ge Mistva
92501449,2,原石の鳴獰,原石的鸣狞,Primite Roar
92510265,1,聖戦士カオス・ソルジャー,圣战士 混沌战士,Black Luster Soldier - Sacred Soldier
92512625,3,神の忠告,神之忠告,Solemn Scolding
92518817,1,燃え盛るヒータ,盛燃之希塔,Blazing Hiita
92519087,1,電脳堺狐－仙々,电脑堺狐-仙仙,Virtual World Kyubi - Shenshen
92530005,1,Ｅｍボール・ライダー,娱乐法师 乘球人,Performage Ball Balancer
92534075,3,魔弾－デビルズ・ディール,魔弹-恶魔交易,Magical Musket - Fiendish Deal
92536468,1,ＤＤＤ反骨王レオニダス,DDD 反骨王 列奥尼达,D/D/D Rebel King Leonidas
92559258,1,サーヴァント・オブ・エンディミオン,恩底弥翁的仆从,Servant of Endymion
92562411,2,星遺物の導く先,星遗物引导的前路,The World Legacy
92565383,1,コーンフィールド コアトル,玉米田蛇神,Cornfield Coatl
92572371,1,殺炎星－ブルキ,杀炎星-牛逵,Brotherhood of the Fire Fist - Buffalo
92586237,1,武神－マヒトツ,武神-目一箇,Bujin Mahitotsu
92595545,1,プラズマ・ボール,等离子球,Plasma Ball
92595643,3,罰則金,罚则金,Fine
92597893,1,いたずら風のフィードラン,恶作剧风之幼龙妖精,"Feedran, the Winds of Mischief"
92607427,2,トイ・パレード,玩具游行,Toy Parade
92609670,1,Ｈ・Ｃ アンブッシュ・ソルジャー,英豪挑战者 伏击兵,Heroic Challenger - Ambush Soldier
92610868,1,レドレミコード・ドリーミア,来之七音服·德莉米娅,ReSolfachord Dreamia
92644052,1,ＥＭ稀代の決闘者,娱乐伙伴 绝代决斗者,Performapal Duelist Extraordinaire
92650018,3,Ａ・∀・ＨＨ,惊奇游乐设施·∀·恐怖鬼屋,Amaze Attraction Horror House
92650749,2,マチュア・クロニクル,成熟年代记,Mature Chronicle
92652813,1,憑依覚醒－大稲荷火,凭依觉醒-大稻荷火,Awakening of the Possessed - Greater Inari Fire
92661479,1,フォトン・ストリーク・バウンサー,光子飞奔保镖,Photon Strike Bounzer
92667214,1,マーダーサーカス・ゾンビ,杀人小丑僵尸,Clown Zombie
92676637,1,チューニング・サポーター,调和支援士,Tuningware
92693205,1,ギアギアンカー,齿轮齿轮抛锚人,Geargianchor
92714517,3,ビッグウェルカム・ラビュリンス,拉比林斯迷宫欢迎欢迎大欢迎,Big Welcome Labrynth
92719314,1,ダーク・クリエイター,暗黑创世神,The Dark Creator
92720564,1,Ｄ・ラジカッセン,变形斗士·收录机,Morphtronic Boomboxen
92723496,1,竜宮のツガイ,龙宫的双使者,Giant Pairfish
92729410,1,子狸ぽんぽこ,子狸 嘭嘭,Baby Raccoon Ponpoko
92731385,1,ティアラメンツ・キトカロス,珠泪哀歌族·水仙女人鱼,Tearlaments Kitkallos
92731455,1,マグネッツ２号,磁力战士2号,M-Warrior #2
92736188,1,グレート・スピリット,伟大的神灵,Great Spirit
92746535,1,竜剣士ラスターＰ,龙剑士 光辉星·灵摆,"Luster Pendulum, the Dracoslayer"
92755808,1,エレメント・ザウルス,元素恐龙,Element Saurus
92767273,1,ＥＭバラクーダ,娱乐伙伴 凶猛蔷薇,Performapal Barracuda
92770064,1,聖天樹の大母神,圣天树之大母神,Sunavalon Dryatrentiay
92773018,3,サイバネティック・ヒドゥン・テクノロジー,电子隐秘技术,Cybernetic Hidden Technology
92781606,1,エクスクローラー・クオリアーク,超机怪虫·方舟感质虫,X-Krawler Qualiark
92784374,1,リチュア・エリアル,遗式术师·艾莉娅儿,Gishki Ariel
92798873,1,ダイノルフィア・レクスターム,恐啡肽狂龙·狂飙霸王龙,Dinomorphia Rexterm
92807548,1,堕天使ユコバック,堕天使 乌科巴克,Darklord Ukoback
92812851,1,奇跡の魔導剣士,奇迹之魔导剑士,Exceed the Pendulum
92821268,1,ギミック・パペット－ナイト・ジョーカー,机关傀儡-夜小丑,Gimmick Puppet Twilight Joker
92826944,1,馬頭鬼,马头鬼,Mezuki
92841002,1,幻水龍,幻水龙,Mythic Water Dragon
92854392,3,立ちはだかる強敵,拦路的强敌,Staunch Defender
92868896,1,ドラグニティ－セナート,龙骑兵团-元老院,Dragunity Senatus
92870717,1,魔装戦士 ドラゴノックス,魔装战士 龙夜,"Dragonox, the Empowered Warrior"
92881099,2,魅惑の合わせ鏡,魅惑的两镜相照,Alluring Mirror Split
92887027,1,ながれ者傭兵部隊,流浪佣兵部队,Nomadic Force
92890308,3,ディフォーム,变形,Morphtransition
92892239,1,ヴァレルロード・Ｆ・ドラゴン,装弹枪管狂怒龙,Borreload Furious Dragon
92895501,1,ＶＳ ヘヴィ・ボーガー,征服斗魂 重型电子人,Vanquish Soul Heavy Borger
92901944,1,スクラップ・サーチャー,废铁搜索鸟,Scrap Searcher
92907248,2,ウェイクアップ・センチュリオン！,觉醒吧百夫长骑士！,Wake Up Centur-Ion!
92918648,1,魔導法皇 ハイロン,魔导法皇 海隆,Hierophant of Prophecy
92919429,1,宣告者の神巫,宣告者的神巫,Diviner of the Herald
92924317,3,蘇りし魂,苏生之魂,Soul Resurrection
92932860,1,ＥＭミス・ディレクター,娱乐伙伴 诱导女导演,Performapal Miss Director
92933195,1,霞の谷の風使い,霞之谷的风使,Mist Valley Windmaster
92944626,1,邪炎の翼,邪炎之翼,Wings of Wicked Flame
92958307,3,ＥＭショーダウン,娱乐伙伴表演尾声,Performapal Show Down
92962242,1,重の忍者－磁翁,重之忍者-磁翁,Jioh the Gravity Ninja
92964816,1,グローアップ・ブルーム,成长的花朵,Glow-Up Bloom
92970404,1,サブテラーマリス・バレスアッシュ,地中族邪界兽·巴利灰谷主,Subterror Behemoth Ultramafus
92998610,1,孤高除獣,孤高除兽,Aloof Lupine
93013676,1,マハー・ヴァイロ,摩诃毗卢,Maha Vailo
93014827,3,ゼロ・デイ・ブラスター,零日冲击波,Zero-Day Blaster
93016201,3,王宮の弾圧,王宫的弹压,Royal Oppression
93018428,1,メルフィー・キャシィ,童话动物·小猫,Melffy Catty
93020401,1,燈影の機界騎士,灯影之机界骑士,Mekk-Knight Orange Sunset
93023479,1,墓守の召喚師,守墓的召唤师,Gravekeeper's Recruiter
93031067,2,海造賊－拠点,海造贼-据点,Plunder Patroll Shipyarrrd
93039339,1,厄災の星ティ・フォン,灾厄之星 提·丰,Super Starslayer TY-PHON - Sky Crisis
93053159,1,白の枢機竜,白之枢机龙,Dogmatikalamity Alba System
93078761,2,賽挑戦,从骰挑战,Diced Dice
93084621,1,破械神アルバ,破械神 阿罗魃,Unchained Soul of Anguish
93085839,1,聖騎士エクター・ド・マリス,圣骑士 爱克托·德·马利斯,Noble Knight Eachtar
93087299,2,炎の護封剣,炎之护封剑,Swords of Burning Light
93104632,2,ワンタイム・パスコード,动态密码,One-Time Passcode
93107608,1,共鳴虫,共鸣虫,Howling Insect
93108297,1,リクイド・ビースト,液体兽,Liquid Beast
93108433,2,モンスター回収,怪兽回收,Monster Recovery
93108839,1,Ｎｏ.５８ 炎圧鬼バーナー・バイサー,No.58 炎压鬼,Number 58: Burner Visor
93124273,1,レプティアの武者騎兵,雷普提尔的武者骑兵,Samurai Cavalry of Reptier
93125329,1,金雲獣－馬龍,金云兽-马龙,Golden Cloud Beast - Malong
93130021,1,ビクトリー・バイパー ＸＸ０３,胜利蛇XX03,Victory Viper XX03
93138457,3,バトル・スタン・ソニック,战斗无力化音速,Sonic Stun
93149655,1,オッドアイズ・ファントム・ドラゴン,异色眼幻影龙,Odd-Eyes Phantom Dragon
93151201,1,ボルテック・コング,雷电金刚,Voltic Kong
93156774,1,ＶＳ ホーリー・スー,征服斗魂 霍丽·苏,Vanquish Soul Holy Sue
93157004,1,ヴァイロン・オメガ,欧米伽大日,Vylon Omega
93169863,1,クリスタル・ガール,结晶少女,Crystal Girl
93170499,1,ジュラック・メガロ,朱罗纪斑龙,Jurrac Megalo
93187568,1,マジック・ストライカー,魔法攻击士,Spell Striker
93191801,3,黄金郷のワッケーロ,黄金乡的盗墓者,Huaquero of the Golden Land
93192592,1,ロリポー★ヤミーウェイ,棒棒糖猫★味美喵奖品,Lollipo★Yummy Way
93211810,3,超音速波,超音速波,Sonic Boom
93211836,1,アーミー・ジェネクス,次世代军队,Genex Army
93217231,3,毒蛇の供物,毒蛇供物,Offering to the Snake Deity
93220472,1,グランド・ドラゴン,巨龙,Cave Dragon
93221206,1,エンシェント・エルフ,古代精灵,Ancient Elf
93224848,2,幻魔の殉教者,幻魔的殉教者,Phantasmal Martyrs
93229151,2,怒れる嵐の神碑,愤怒风暴的神碑,Runick Smiting Storm
93236220,2,星遺物を巡る戦い,围绕着星遗物的战斗,World Legacy Clash
93238626,2,ドン・サウザンドの玉座,上千主上的玉座,Don Thousand's Throne
93260132,2,魔法効果の矢,魔法效果之矢,Spell Shattering Arrow
93294869,1,傷炎星－ウルブショウ,伤炎星-狼武松,Brotherhood of the Fire Fist - Wolf
93298460,1,魔装戦士 ヴァンドラ,魔装战士 风龙,"Ventdra, the Empowered Warrior"
93302695,1,Ｋｏｚｍｏ－ダーク・ローズ,星际仙踪-达克·萝丝,Kozmoll Wickedwitch
93332803,1,怒炎壊獣ドゴラン,怒炎坏兽 多哥兰,"Dogoran, the Mad Flame Kaiju"
93343894,1,水の魔導師,水之魔导师,Water Magician
93346024,1,洞窟に潜む竜,洞穴的潜龙,The Dragon Dwelling in the Cave
93347961,1,Ｅ・ＨＥＲＯ フレイム・ウィングマン－フレイム・シュート,元素英雄 火焰翼侠-火焰一击,Elemental HERO Flame Wingman - Infernal Rage
93353691,1,不退の荒武者,不退的荒武者,Driven Daredevil
93356623,2,魔弾－クロス・ドミネーター,魔弹-交叉统治者,Magical Musket - Cross-Domination
93360904,2,ヤミーズメント★アクロッキー,味美喵娱乐★握力幸运火箭,Yummysment★Acrockie
93368494,1,魔妖仙獣 大刃禍是,魔妖仙兽 大刃祸是,Mayosenju Daibak
93369354,1,フィッシュボーグ－ガンナー,电子鱼人-枪手,Fishborg Blaster
93377803,2,孤毒の剣,孤毒之剑,Solitary Sword of Poison
93379652,1,ジェムナイト・プリズムオーラ,宝石骑士·光棱晶,Gem-Knight Prismaura
93382620,3,命の綱,命之纲,Rope of Life
93394164,2,パラレル・パンツァー,并行装甲车炮,Parallel Panzer
93396832,3,角笛砕き,角笛粉碎,Smashing Horn
93413793,1,うかのみつねのたまゆら,宇迦御狐之魂摇,Ukanomitsune-no-Tamayura
93431518,2,暗黒界に続く結界通路,连接暗黑界的结界通路,Gateway to Dark World
93431862,1,Ｄ－ＨＥＲＯ ダンクガイ,命运英雄 扣杀人,Destiny HERO - Dunker
93437091,2,ビンゴマシーンＧＯ！ＧＯ！,摇号机GO！GO！,"Bingo Machine, Go!!!"
93445074,1,グレイドル・コブラ,灰篮眼镜蛇,Graydle Cobra
93449450,1,Ｆ.Ａ.ハングオンマッハ,方程式运动员 声速侧挂骑手,F.A. Hang On Mach
93451636,1,ゼンマイハニー,发条蜜蜂,Wind-Up Honeybee
93453053,2,Ｍ∀ＬＩＣＥ ＩＮ ＴＨＥ ＭＩＲＲＯＲ,码丽丝镜中奇像,Maliss in the Mirror
93454062,1,ナチュル・モルクリケット,自然蝼蛄,Naturia Mole Cricket
93469007,2,バスター・バースト,爆裂爆发,Assault Overload
93473606,3,Ａ・∀・ＷＷ,惊奇游乐设施·∀·神奇摩天轮,Amaze Attraction Wonder Wheel
93483212,1,極神聖帝オーディン,极神圣帝 奥丁,"Odin, Father of the Aesir"
93490856,1,相剣軍師－龍淵,相剑军师-龙渊,Swordsoul Strategist Longyuan
93503294,1,オルターガイスト・プライムバンシー,幻变骚灵·隐私王班西,Altergeist Primebanshee
93504463,3,進化への懸け橋,通向进化的吊桥,Evolutionary Bridge
93506862,1,リチュア・ヴァニティ,遗式虚巫 瓦尼蒂,Gishki Vanity
93507434,1,ダイナレスラー・カパプテラ,恐龙摔跤手·卡帕扑翼龙,Dinowrestler Capaptera
93509766,1,恐巄竜華－㟴巴,恐巃龙华-嵬巴,Kyoro Ryu-Ge Kaiva
93542102,1,Ｄ・モバホン,变形斗士·手机,Morphtronic Celfon
93543806,1,先史遺産ソル・モノリス,先史遗产 太阳独石碑,Chronomaly Sol Monolith
93553943,1,マンイーター,食人花,Man Eater
93554166,2,暗黒界の雷,暗黑界之雷,Dark World Lightning
93568288,1,Ｎｏ.８０ 狂装覇王ラプソディ・イン・バーサーク,No.80 狂装霸王 狂想战曲王,Number 80: Rhapsody in Berserk
93581434,1,剛鬼ヘルトレーナー,刚鬼 地狱教练,Gouki Ringtrainer
93595154,3,烙印の裁き,烙印的裁决,Judgment of the Branded
93599951,3,沈黙の邪悪霊,沉默的邪恶灵,Dark Spirit of the Silent
93600443,2,マスク・チェンジ・セカンド,假面变化二型,Mask Change II
93612434,1,デュアルウィール・ドラゴン,双持手枪龙,Double Disruptor Dragon
93655221,3,シールド・ハンドラ,屏蔽盾处理器,Shield Handler
93657021,1,Ｄ－ＨＥＲＯ ダスクユートピアガイ,命运英雄 暮托邦人,Destiny HERO - Dusktopia
93662626,1,イグナイト・ウージー,点火骑士·乌兹,Igknight Veteran
93665266,1,水晶機巧－クオン,水晶机巧-量子白晶,Crystron Quan
93671934,2,士気高揚,士气高扬,Morale Boost
93672138,1,Ｅｖｉｌ★Ｔｗｉｎ’ｓ トラブル・サニー,邪恶★双子克星 麻烦·桑妮,Evil★Twin's Trouble Sunny
93684009,2,剣闘排斥波,剑斗排斥波,Gladiator Rejection
93708824,1,ロクスローズ・ドラゴン,十六夜蔷薇龙,Roxrose Dragon
93709215,1,ダークネス・デストロイヤー,暗冥破坏神,Darkness Destroyer
93713837,1,Ｎｏ.２４ 竜血鬼ドラギュラス,No.24 龙血鬼 德拉古勒斯,Number 24: Dragulas the Vampiric Dragon
93715853,1,魔神アーク・マキナ,魔神 大神机,Mekanikal Arkfiend
93717133,1,銀河眼の光子竜,银河眼光子龙,Galaxy-Eyes Photon Dragon
93723936,2,白き森のあくま,白森林的恶魔,Scourge of the White Forest
93724592,1,カラクリ忍者 参参九,机巧忍者 三三九,"Karakuri Ninja mdl 339 ""Sazank"""
93729065,1,スターヴ・ヴェネミー・ドラゴン,凶饿蛊龙,Starving Venemy Dragon
93729896,2,ナイトメア・スローン,噩梦之玉座,Nightmare Throne
93730230,1,先史遺産クリスタル・エイリアン,先史遗产 水晶外星人,Chronomaly Crystal Chrononaut
93730409,1,真空イタチ,真空鼬鼠,Whirlwind Weasel
93738004,1,空牙団の孤高 サジータ,空牙团的孤高 莎吉塔,"Sagitta, Maverick Fur Hire"
93747864,3,砂漠の光,沙漠之光,Desert Sunlight
93749093,1,マシュマカロン,马卡龙棉花糖,Marshmacaron
93751476,1,猛炎星－テンレイ,猛炎星-鹿明,Brotherhood of the Fire Fist - Caribou
93754402,2,炎舞－「洞明」,炎舞-「洞明」,Fire Formation - Domei
93775296,3,リバース・リユース,反转重用,Reverse Reuse
93777634,1,Ｎｏ.３９ 希望皇ホープ・ライジング,No.39 希望皇 霍普·升腾,Number 39: Utopia Rising
93788854,1,さまよえる亡者,彷徨的亡者,The Wandering Doomed
93816465,1,ゼロ・ガードナー,零点守卫士,Zero Gardna
93830681,1,キラー・ラブカ,杀人皱鳃鲨,Friller Rabca
93850652,1,空牙団の剣士 ビート,空牙团的剑士 比特,"Beat, Bladesman Fur Hire"
93850690,2,大霊峰相剣門,大灵峰相剑门,Swordsoul Sacred Summit
93854893,1,宵星の機神ディンギルス,宵星之机神 丁吉尔苏,"Dingirsu, the Orcust of the Evening Star"
93877990,1,富炎星－ハクテンオウ,富炎星-白天应,Brotherhood of the Fire Fist - Swan
93880808,1,アルカナ トライアンフジョーカー,天位金骑士,Arcana Triumph Joker
93882364,1,ジェネクス・ワーカー,次世代工作员,Genex Worker
93889755,1,マーダーサーカス,杀人小丑,Crass Clown
93892436,1,ＥＭブランコブラ,娱乐伙伴 秋千眼镜蛇,Performapal Swincobra
93895605,3,ヘイト・バスター,仇恨炸弹,Hate Buster
93896655,1,聖天樹の幼精,圣天树之幼精,Sunavalon Dryas
93900406,1,マタンゴ,蘑菇怪人,Mushroom Man #2
93912845,3,リバイバル・ギフト,复活礼物,Revival Gift
93918159,3,超越天翔,超越天翔,Supersoaring
93920420,1,星遺物－『星杖』,星遗物-『星杖』,"World Legacy - ""World Wand"""
93920745,1,ペンギン・ソルジャー,企鹅士兵,Penguin Soldier
93927067,1,カイザー・ブラッド・ヴォルス,血腥魔兽人帝王,Kaiser Vorse Raider
93946239,2,無の煉獄,无之炼狱,Into the Void
93953933,1,ハイドランダー・オービット,着陆九头蛇·轨道分机,Hydralander Orbit
93966624,1,マジック・ストライダー,魔法进击者,Spell Strider
93969023,1,黒鋼竜,黑钢龙,Black Metal Dragon
93983867,3,トリック・ボックス,戏法箱,Trick Box
94004268,1,アマゾネスの剣士,亚马逊剑士,Amazoness Swords Woman
94016752,2,深淵の宣告者,深渊的宣告者,Herald of the Abyss
94022093,1,ベヒゴン,大肚海蛇,Behegon
94042337,1,スコール,暴雨怪,Violent Rain
94046012,1,オルフェゴール・カノーネ,自奏圣乐·卡农曲大炮,Orcust Brass Bombard
94068856,2,タイムパッセージ,时间推移,Time Passage
94073244,1,空牙団の撃手 ドンパ,空牙团的击手 砰帕,"Donpa, Marksman Fur Hire"
94076521,1,水界の秘石－カトリン,水界之秘石-短吻龙,Cartorhyn the Hidden Gem of the Seafront
94079037,1,マイン・モール,采矿鼹鼠,Mine Mole
94081496,1,黒光りするＧ,黑亮的G,"Shiny Black ""C"""
94092230,1,インヴェルズ・グレズ,侵入魔鬼·威角,Steelswarm Hercules
94096018,1,ＳＰＹＧＡＬ－ミスティ,秘女郎-雾美人,SPYGAL Misty
94096616,1,武神器－オロチ,武神器-蛇,Bujingi Ophidian
94113093,3,らくがきちょう－とおせんぼ,涂鸦本-挡路,Doodlebook - Uh uh uh!
94119480,1,終焉の守護者アドレウス,终焉守护者 阿德琉斯,"Adreus, Keeper of Armageddon"
94119974,1,二頭を持つキング・レックス,双头恐龙王,Two-Headed King Rex
94130731,1,超越竜グレイスザウルス,超越龙 冰封腕龙,Transcendosaurus Glaciasaurus
94136469,1,チェックサム・ドラゴン,校验和龙,Checksum Dragon
94141712,1,アームド・ドラゴン・サンダー ＬＶ７,武装龙·雷电 LV7,Armed Dragon Thunder LV7
94142993,1,ティンダングル・イントルーダー,廷达魔三角之侵入者,Tindangle Intruder
94145021,1,ドロール＆ロックバード,小丑与锁鸟,Droll & Lock Bird
94145683,2,スワローズ・ネスト,燕巢,Swallow's Nest
94151981,1,エクシーズ・アーマー・トルピード,超量铠甲·鱼雷式,Xyz Armor Torpedo
94156050,3,逆さ眼鏡,颠倒眼镜,Reverse Glasses
94160895,1,真竜凰マリアムネ,真龙凰 玛丽亚姆内,"Mariamne, the True Dracophoenix"
94163677,2,無限の手札,无限的手札,Infinite Cards
94183877,1,王の影 ロプトル,王战之影 洛普特,"Loptr, Shadow of the Generaider Bosses"
94185340,2,サクリファイス・ランクアップ,牲祭升阶,Sacrifice Level-Up
94187078,2,極超の竜輝巧,极超之龙辉巧,Drytron Nova
94192409,3,強制脱出装置,强制脱出装置,Compulsory Evacuation Device
94203886,1,ガガガキッド,我我我小子,Gagaga Child
94207108,1,海晶乙女ワンダーハート,海晶少女 妙晶心,Marincess Wonder Heart
94212438,3,ウィジャ盤,通灵盘,Destiny Board
94215860,1,夜叉,夜叉,Yaksha
94220427,2,ＲＵＭ－アージェント・カオス・フォース,升阶魔法-紧急型混沌之力,Rank-Up-Magic Argent Chaos Force
94224458,2,白き宿命のエルドリクシル,白化宿命之黄金国永生药,Eldlixir of White Destiny
94230224,1,ニードル・ボール,针球,Needle Ball
94243005,2,混沌空間,混沌空间,Chaos Zone
94253609,3,エレメンタル・アブソーバー,元素吸收器,Elemental Absorber
94253655,1,海造賊－豪速のブレンネ号,海造贼-豪速之烈火号,Plunder Patrollship Brann
94256039,3,バベル・タワー,通天塔,Tower of Babel
94259633,1,サクリファイス・アニマ,纳祭之魔·阿尼玛,Relinquished Anima
94283662,1,トランス・デーモン,传送恶魔,Trance Archfiend
94292987,1,魔轟神ガミュジン,魔轰神 加麦基,Fabled Gammajin
94303232,2,プリベント・スター,阻碍星,Prevention Star
94317736,2,極東秘泉郷,极东秘泉乡,Hidden Springs of the Far East
94331452,1,音響戦士ドラムス,音响战士 架子鼓,Symphonic Warrior Drumss
94344242,1,電子光虫－ウェブソルダー,电子光虫-焊料织网蛛,Digital Bug Websolder
94350039,1,ＴＧ ギア・ゾンビ,科技属 齿轮僵尸,T.G. Gear Zombie
94365540,1,ティンダングル・ベース・ガードナー,廷达魔三角之底边守卫者,Tindangle Base Gardna
94374859,3,押し売りゾンビ,僵尸推销员,Hard-sellin' Zombie
94377247,2,仮面魔獣の儀式,假面魔兽的仪式,Curse of the Masked Beast
94380860,1,Ｎｏ.１０３ 神葬零嬢ラグナ・ゼロ,No.103 神葬零娘 暮零,Number 103: Ragnazero
94381039,1,ライトロード・エンジェル ケルビム,光道天使 基路伯,"Celestia, Lightsworn Angel"
94388754,1,花札衛－萩に猪－,花札卫-萩间猪-,Flower Cardian Clover with Boar
94392192,1,クシャトリラ・オーガ,俱舍怒威族·食人魔,Kashtira Ogre
94395649,1,超重禽属コカトリウム,超重禽属 鸡蛇矿,Cocatorium the Heavy Metal Avian
94412545,1,メカレオン,机械变色龙,Mechaleon
94415058,1,星読みの魔術師,星读之魔术师,Stargazer Magician
94418111,1,魔弾の射手 ワイルド,魔弹射手 狂野,Magical Musketeer Wild
94423983,3,同契魔術,同契魔术,Simul Archfiends
94425169,2,エレメントの泉,元素之泉,Spring of Rebirth
94431029,3,ピンポイント奪取,一点冲夺法,Pinpoint Dash
94432298,3,殻醒する煉獄,壳醒的炼狱,Void Launch
94445733,2,破壊の神碑,破坏的神碑,Runick Destruction
94446564,3,ペア・ルック,情侣装,Matching Outfits
94454495,1,Ｋｏｚｍｏ－スリップライダー,星际仙踪-魔鞋骑手,Kozmo Sliprider
94463200,3,血の刻印,血之刻印,Battle-Scarred
94484482,3,スリップ・サモン,滑流召唤,Slip Summon
94515289,1,氷結のフィッツジェラルド,冰结之菲茨杰拉德,Frozen Fitzgerald
94535485,1,手をつなぐ魔人,携手魔人,Hand-Holding Genie
94538053,1,マックス・ウォリアー,最高战士,Max Warrior
94553671,3,ウィッチクラフト・パトローナス,魔女术的守护灵,Witchcrafter Patronus
94561645,3,カウンター・ゲート,反击之门,Counter Gate
94566432,1,カイザー・ドラゴン,帝王龙,Kaiser Dragon
94568601,1,タイラント・ドラゴン,暴君龙,Tyrant Dragon
94573223,1,甲虫装機 ギガマンティス,甲虫装机 吉咖螳螂,Inzektor Giga-Mantis
94585852,2,万魔殿－悪魔の巣窟－,万魔殿-恶魔的巢窟-,Pandemonium
94599451,2,魔導研究所,魔导研究所,Mythical Institution
94620082,1,転生炎獣フォクシー,转生炎兽 狐狸,Salamangreat Foxy
94622638,1,Ａ・ジェネクス・パワーコール,盟军·次世代集电人,Genex Ally Powercell
94626050,3,フィッシュ・レイン,鱼雨,Fish Rain
94626871,1,トリックスター・スイートデビル,淘气仙星·斯威特戴薇儿,Trickstar Black Catbat
94634433,3,緊急同調,紧急同调,Urgent Tuning
94655777,1,闇征竜－ネビュラス,暗征龙-朦龙,"Nebulus, Dragon Ruler of Mishaps"
94656263,1,カゲトカゲ,影蜥蜴,Kagetokage
94661166,2,迫りくる機械,迫近的机械,Incoming Machine!
94662235,3,運命湾曲,命运弯曲,Bending Destiny
94664694,1,マッド・デーモン,狂暴恶魔,Mad Archfiend
94666032,2,リヴェンデット・ボーン,归魂复仇死者的诞生,Revendread Origin
94667532,1,機械犬マロン,机械犬 小栗子,Mecha-Dog Marron
94670654,1,獣の忍者－獏,兽之忍者-貘,Baku the Beast Ninja
94675535,1,ラーバス,拉瓦斯,Larvas
94677445,1,星杯の神子イヴ,星杯的神子 夏娃,Ib the World Chalice Justiciar
94681654,2,フェザー・ウィンド・アタック,羽风攻击,Raptor Wing Strike
94689206,1,ブロックドラゴン,积木龙,Block Dragon
94689635,1,紫光の宣告者,紫光之宣告者,Herald of Purple Light
94693857,1,ブンボーグ００１,文具电子人001,Deskbot 001
94703021,1,クラスター・コンジェスター,集群拥塞器,Cluster Congester
94716515,2,トゲトゲ神の殺虫剤,尖刺神的杀虫剂,Eradicating Aerosol
94722358,3,Ｍ∀ＬＩＣＥ＜Ｃ＞ＭＴＰ－０７,码丽丝<代码>MTP-07,Maliss <C> MTP-07
94730900,1,焔聖騎士－モージ,焰圣骑士-莫吉斯,Infernoble Knight Maugis
94739788,3,洗脳解除,洗脑解除,Remove Brainwashing
94766498,1,先史遺産アステカ・マスク・ゴーレム,先史遗产 阿兹特克面具石人,Chronomaly Aztec Mask Golem
94770493,2,ダブル・アップ・チャンス,翻倍机会,Double or Nothing!
94772232,2,死のメッセージ「Ｔ」,死之信息「T」,"Spirit Message ""A"""
94773007,1,地雷蜘蛛,地雷蜘蛛,Jirai Gumo
94784213,1,マジェスペクター・フォックス,威风妖怪·狐,Majespecter Fox - Kyubi
94793422,2,心眼の鉾,心眼之矛,Rod of the Mind's Eye
94798725,1,超弩級軍貫－うに型二番艦,超无畏军贯-海胆级二号舰,Gunkan Suship Uni-class Super-Dreadnought
94801854,1,不知火の隠者,不知火的隐者,Shiranui Solitaire
94804055,3,ファイヤー・ウォール,火焰壁,Firewall
94807487,2,ホープ剣スラッシュ,希望剑一斩,Rising Sun Slash
94820406,2,ダーク・フュージョン,暗黑融合,Dark Fusion
94821366,1,驚楽園の支配人 ＜∀ｒｌｅｃｈｉｎｏ＞,惊乐园的支配人 ＜∀丑角＞,Amazement Administrator Arlekino
94845226,1,魔轟神獣ルビィラーダ,魔轰神兽 鲁比拉达,The Fabled Rubyruda
94845588,2,聖なる薊花,神圣蓟花,The Hallowed Azamina
94853057,1,閃光の追放者,闪光之追放者,Banisher of the Radiance
94861297,3,検問,检问,The Forceful Checkpoint
94878265,1,モジャ,毛扎,Moja
94886282,2,光の援軍,光之援军,Charge of the Light Brigade
94905343,1,ミノケンタウロス,牛头人马兽,Rabid Horseman
94919024,1,月光紅狐,月光红狐,Lunalight Crimson Fox
94933468,3,Ｖａｉｎ－裏切りの嘲笑,枉然-背叛的嘲笑,Vain Betrayer
94937430,3,臨時収入,临时收入,Extra Buck
94940436,2,磁力の召喚円 ＬＶ２,磁力召唤圆 LV2,Magnet Circle LV2
94942656,1,ステルス・クラーゲン・エフィラ,隐形水母怪碟状幼体,Stealth Kragen Spawn
94944637,1,魔族召喚師,魔族召唤师,Doom Shaman
94950218,2,リバース・ブレイカー,埋伏破坏,Reverse Breaker
94973028,1,幻獣機コルトウィング,幻兽机 倾转翼马,Mecha Phantom Beast Coltwing
94977269,1,エルシャドール・ミドラーシュ,神影依·米德拉什,El Shaddoll Winda
94979322,1,黒炎の剣士－ブラック・フレア・ソードマン－,黑炎之剑士,Dark Flare Swordsman
94982447,1,真竜騎将ドライアスＩＩＩ世,真龙骑将 得律阿斯3世,"Dreiath III, the True Dracocavalry General"
94997874,1,聖占術姫タロットレイ,圣占术姬 塔罗光巫女,Prediction Princess Tarotrei
95004025,1,真竜導士マジェスティＭ,真龙导士 威风凛·少女,"Majesty Maiden, the True Dracocaster"
95026693,2,ファイヤー・ソウル,火焰之魂,Soul of Fire
95027497,1,忍者マスター ＨＡＮＺＯ,忍者头领 半藏,Ninja Grandmaster Hanzo
95034141,2,黄金郷の七摩天,黄金乡的七摩天,Seven Cities of the Golden Land
95040215,1,ＢＦ－星影のノートゥング,黑羽-星影之苦剑鸟,Blackwing - Nothung the Starlight
95051344,2,成仏,成佛,Eternal Rest
95081386,3,スリーストライク・バリア,三振障壁,Three Strikes Barrier
95083785,3,早すぎた帰還,过早的归还,Premature Return
95084054,3,エレキャノン,电气大炮,Wattcannon
95090813,1,コアキメイル・ウォーアームズ,核成战甲兵,Koa'ki Meiru War Arms
95091919,1,プロトタイプサイコガンナー,原型念力枪手,Prototype Psychic Blaster
95095116,1,熾天の騎士ガイアプロミネンス,炽天之骑士 盖亚日珥,"Gaia Prominence, the Fierce Force"
95096437,3,義賊の極意書,义贼的极意书,Secrets of the Gallant
95113856,1,幻子力空母エンタープラズニル,幻子力空母 进取神船号,Phantom Fortress Enterblathnir
95132338,3,アクアの合唱,水之合唱,Aqua Chorus
95134948,1,Ｎｏ.９９ 希望皇ホープドラグナー,No.99 希望皇 霍普德拉戈纳,Number 99: Utopia Dragonar
95144193,1,クワガー・ヘラクレス,锹甲独角仙,Kwagar Hercules
95166228,1,ヴァリュアブル・アーマー,贵甲螳螂,Grasschopper
95169481,1,恐牙狼 ダイヤウルフ,恐牙狼 钻石恐狼,Diamond Dire Wolf
95174353,1,アメーバ,阿米巴,Ameba
95178994,1,ジャイアントウィルス,巨型病毒,Giant Germ
95192919,1,烈風の覇者シムルグ,烈风之霸者 斯摩夫,"Simorgh, Lord of the Storm"
95194279,2,次元の歪み,次元歪曲,Dimension Distortion
95204084,1,コアキメイル・トルネード,核成风神,Koa'ki Meiru Tornado
95207988,3,地縛共振,地缚共振,Earthbound Resonance
95209656,1,竜儀巧－メテオニス＝ＱＵＡ,龙仪巧-天龙流星QUA,Drytron Meteonis Quadrantids
95214051,2,翡翠の蟲笛,翡翠虫笛,Jade Insect Whistle
95218695,1,サブテラーマリス・アルラボーン,地中族邪界兽·阿尔褐帘骸,Subterror Behemoth Dragossuary
95220856,2,怨霊の湿地帯,怨灵的湿地带,Vengeful Bog Spirit
95231062,1,ロスト・ブルー・ブレイカー,失落之蓝破坏者,Lost Blue Breaker
95238394,2,雷龍融合,雷龙融合,Thunder Dragon Fusion
95239444,1,森羅の鎮神 オレイア,森罗的镇神 山精,"Orea, the Sylvan High Arbiter"
95243515,1,電脳堺虎－虎々,电脑堺虎-虎虎,Virtual World Tiger - Fufu
95245544,1,ウィッチクラフト・ピットレ,魔女术工匠·绘画女巫,Witchcrafter Pittore
95245571,3,肆世壊の双牙,肆世坏的双牙,Scareclaw Twinsaw
95254840,3,ドタキャン,临时取消,Last Minute Cancel
95265975,1,大食いグール,贪食的食尸鬼,Ghoul with an Appetite
95281259,2,戦士の生還,战士生还,The Warrior Returning Alive
95283172,2,ＧＰ－ゴー・ワイルド,黄金荣耀-金情狂欢,Gold Pride - The Crowd Goes Wild!
95286165,2,融合解除,融合解除,De-Fusion
95288024,1,天空竜,天空龙,Sky Dragon
95291684,1,異次元の一角戦士,异次元的独角战士,D.D. Unicorn Knight
95308449,2,終焉のカウントダウン,终焉的倒计时,Final Countdown
95326659,2,宝玉の導き,宝玉的引导,Crystal Beacon
95352218,3,天下統一,天下统一,Unification
95360850,1,シールド・ウォリアー,护盾战士,Shield Warrior
95362816,1,Ｅ・ＨＥＲＯ レディ・オブ・ファイア,元素英雄 火焰女郎,Elemental HERO Lady Heat
95372220,1,マズルフラッシュ・ドラゴン,枪口焰龙,Flash Charge Dragon
95376428,2,召喚制限－エクストラネット,召唤限制-额外之网,Extra Net
95382988,3,再世十戒,再世十戒,Regenesis Commandments
95395761,1,甲虫装機 アーマイゼ,甲虫装机 蚂蚁,Inzektor Ant
95401059,1,オルシャドール－セフィラルーツ,绊影依-神数原核,Shaddoll Zefracore
95403418,1,スターダストン,星尘妖,Starduston
95440946,1,黄金卿エルドリッチ,黄金卿 黄金国巫妖,Eldlich the Golden Lord
95442074,1,Ｎｏ.３１ アベルズ・デビル,No.31 亚伯恶魔,Number 31: Embodiment of Punishment
95443805,1,霞の谷の祈祷師,霞之谷的祈祷师,Mist Valley Shaman
95448692,3,ダメージ・ダイエット,伤害瘦身,Damage Diet
95451366,3,魔力枯渇,魔力枯竭,Exhausting Spell
95453143,1,ワンハンドレッド・アイ・ドラゴン,百眼龙,Hundred Eyes Dragon
95454996,1,Ｍ∀ＬＩＣＥ＜Ｑ＞ＷＨＩＴＥ ＢＩＮＤＥＲ,码丽丝<王后>白棋捆绑,Maliss <Q> White Binder
95457011,1,天帝従騎イデア,天帝从骑 爱迪娅,Edea the Heavenly Squire
95463814,1,幻魔帝トリロジーグ,幻魔帝 三联电子人,Phantasm Emperor Trilojig
95466842,1,水精鱗－アビスラング,水精鳞-深渊肺鱼兵,Mermail Abysslung
95471006,2,Ｘ・Ｙ・Ｚコンバイン,X·Y·Z合体,XYZ Combine
95472621,3,大火葬,大火葬,Big Burn
95474755,1,Ｎｏ.８９ 電脳獣ディアブロシス,No.89 电脑兽 系统破坏神,Number 89: Diablosis the Mind Hacker
95477924,2,マジシャンズ・サルベーション,魔术师的救出,Magician's Salvation
95486586,1,Ｅ・ＨＥＲＯ Ｃｏｒｅ,元素英雄 地核侠,Elemental HERO Core
95492061,1,マンジュ・ゴッド,万手神,Manju of the Ten Thousand Hands
95493471,1,真超量機神王ブラスター・マグナ,真超级量子机神王 烈辉大炎磁,Neo Super Quantal Mech King Blaster Magna
95500396,1,超重武者装留チュウサイ,超重武者装留 仲裁,Superheavy Samurai Soulpeacemaker
95503687,1,ライトロード・サモナー ルミナス,光道召唤师 露米娜丝,"Lumina, Lightsworn Summoner"
95504778,1,トリガー・ヴルム,扳机亚龙,Triggering Wurm
95507060,2,狂植物の氾濫,狂植物的泛滥,Raging Mad Plants
95511642,1,星杯を戴く巫女,领取星杯的巫女,Crowned by the World Chalice
95515058,1,剛鬼ザ・ブレード・オーガ,刚鬼 利剑食人魔,Gouki The Blade Ogre
95515060,2,静寂のロッド－ケースト,静寂之杖-波纹,Rod of Silence - Kay'est
95515518,1,月天気アルシエル,月天气 彩虹,The Weather Painter Moonbow
95515789,1,赫の聖女カルテシア,赫之圣女 卡尔特西娅,"Blazing Cartesia, the Virtuous"
95519486,1,六武衆－ザンジ,六武众-斩次,The Six Samurai - Zanji
95526884,1,ハイパーサイコガンナー,超念力枪手,Hyper Psychic Blaster
95545183,2,異譚の忍法帖,异谭的忍法帖,Ninjitsu Art Notebook of Mystery
95561280,2,猛毒の風,猛毒之风,Poisonous Winds
95568112,1,レイン・ボーズ,雨天虹娃,Rain Bozu
95600067,1,宝玉獣 トパーズ・タイガー,宝玉兽 黄玉虎,Crystal Beast Topaz Tiger
95602345,3,暗岩の海竜神,暗岩的海龙神,Kairyu-Shin's Dark Reef
95612049,2,リバース・オブ・ザ・ワールド,世界逆转,Turning of the World
95614612,1,砲弾ヤリ貝,炮弹枪贝,Cannonball Spear Shellfish
95621257,1,フレムベル・マジカル,炎狱魔术师,Flamvell Magician
95637655,1,バックアップ・ウォリアー,后援战士,Backup Warrior
95638658,2,流星の弓－シール,流星之弓-烨焰,Shooting Star Bow - Ceal
95642274,2,謙虚な番兵,谦虚的番兵,The Humble Sentry
95658967,2,祝福の教会－リチューアル・チャーチ,祝福的教会-仪式教堂,Ritual Sanctuary
95664204,2,ゼアル・カタパルト,异热同心弹射器,Zexal Catapult
95676943,3,絶滅の定め,灭绝的定数,Extinction on Schedule
95679145,1,教導の大神祇官,教导的大神祇官,Dogmatika Maximus
95685352,1,ダーク・アンセリオン・ドラゴン,暗向日龙,Dark Anthelion Dragon
95697223,2,竜の闘志,龙之斗志,Dragon's Fighting Spirit
95701283,1,光神機－轟龍,光神机-轰龙,Majestic Mech - Goryu
95714077,2,ゼンマイマニュファクチャ,发条制造业,Wind-Up Factory
95718355,1,再世の魔神 ベミドバル,再世之魔神 必密巴,Regenesis Archfiend
95727991,1,カタパルト・タートル,弹射龟,Catapult Turtle
95735217,1,古代の機械巨人－アルティメット・パウンド,古代的机械巨人-究极重击,Ancient Gear Golem - Ultimate Pound
95744531,1,グリグル,格里格尔,Griggle
95750695,2,スーペルヴィス,超二重召唤,Supervise
95772051,1,魔聖騎士ランスロット,魔圣骑士 兰斯洛特,Ignoble Knight of Black Laundsallyn
95784434,2,モルティング・エスケープ,蜕皮逃生,Molting Escape
95784714,1,彷徨える幽霊船,彷徨的幽灵船,"Flying Mary, the Wandering Ghost Ship"
95788410,1,ラビードラゴン,兔龙,Rabidragon
95789089,1,カンガルー・チャンプ,袋鼠冠军,Kangaroo Champ
95793022,1,星杯の守護竜アルマドゥーク,星杯的守护龙 阿尔玛杜克,World Chalice Guardragon Almarduke
95816395,1,どぐう,土偶,Dogu
95824983,1,電気海月－フィサリア－,电气水母,Electric Jellyfish
95825679,1,デーモンの降臨,恶魔降临,Archfiend's Awakening
95833645,1,マグマ・ドラゴン,岩浆龙,Magma Dragon
95841282,1,ネコ耳族,猫耳族,Cat's Ear Tribe
95856586,2,ゼアル・フィールド,异热同心力场,Zexal Field
95886782,1,ＺＷ－天風精霊翼,异热同心武器-天风精灵翼,ZW - Sylphid Wing
95888876,1,ヘルカイザー・ドラゴン,地狱帝王龙,Chthonian Emperor Dragon
95905259,1,予言僧 チョウレン,预言僧 长莲,Chow Len the Prophet
95911373,1,絶火の魔神ゾロア,绝火之魔神 琐罗亚,"Zoroa, the Magistus Conflagrant Calamity"
95920682,3,ヒロイック・ギフト,英豪礼物,Heroic Gift
95923441,1,トラミッド・ハンター,三形金字塔的猎人,Triamid Hunter
95929069,1,アイス・ハンド,寒冰手,Ice Hand
95937545,1,金色の魅惑の女王,金色魅惑的女王,Golden Allure Queen
95943058,1,Ｅ－ＨＥＲＯ ヘル・ゲイナー,邪心英雄 地狱连魔,Evil HERO Infernal Gainer
95952802,1,フラワー・ウルフ,花狼,Flower Wolf
95953557,1,焔聖騎士－アストルフォ,焰圣骑士-阿斯托尔福,Infernoble Knight Astolfo
95956346,1,シャインエンジェル,光辉天使,Shining Angel
95973569,1,ＴＧ グレイヴ・ブラスター,科技属 长柄刀爆破炮手,T.G. Glaive Blaster
95974848,1,Ｓ－Ｆｏｒｃｅ オリフィス,治安战警队 孔口测量员,S-Force Orrafist
95990456,1,陰魔羅鬼,阴魔罗鬼,Onmoraki
95992081,1,虚空海竜リヴァイエール,虚空海龙 利维艾尔,Leviair the Sea Dragon
95993388,1,地帝家臣ランドローブ,地帝家臣 兰罗布,Landrobe the Rock Vassal
96004535,3,エクシーズ・アンブレイカブル・バリア,超量不破罩壁,Xyz Unbreakable Barrier
96005454,1,ハウンド・ドラゴン,猎龙,Hunter Dragon
96008713,3,マジックアーム・シールド,魔术臂盾,Magical Arm Shield
96012004,3,ラッキー・チャンス！,幸运机会！,Lucky Chance
96015976,3,再転,再转,Diceversity
96026108,1,竜輝巧－アルζ,龙辉巧-上弼ζ,Drytron Zeta Aldhibah
96029570,2,漆黒の太陽,漆黑的太阳,Ebon Sun
96029574,1,ブラック・ブルドラゴ,黑兽龙,Black Brutdrago
96030710,1,竜騎士アトリィ,龙骑士 阿特莉,Centur-Ion Atrii
96051150,1,陽炎獣 メコレオス,阳炎兽 蝎狮,Hazy Flame Mantikor
96055137,1,インフェルノイド・ベルフェゴル,狱火机·贝尔芬格,Infernoid Sjette
96073342,3,セフィラの星戦,神数的星战,Zefra War
96084564,1,エルロン,艾乐隆,Aileron
96099959,1,Ｘ－セイバー パロムロ,X-剑士 巴勒姆罗,X-Saber Palomuro
96100333,3,古代遺跡の目覚め,古代遗迹的觉醒,Triamid Pulse
96113307,1,聖霊獣騎 レイラウタリ,圣灵兽骑 风族,Ritual Beast Ulti-Reirautari
96127902,2,かなり魅湧な受注水産,相当魅涌的接单水产,Made to Order Mermaid Outfit Outfitter
96142517,2,ＲＵＭ－千死蛮巧,升阶魔法-千死蛮巧,Rank-Up-Magic Admiration of the Thousands
96146814,1,ＡＤチェンジャー,AD变更者,A/D Changer
96148285,3,誘発召喚,诱发召唤,Triggered Summon
96150936,1,フレッシュマドルチェ・シスタルト,魔偶甜点新人·水果挞修女,Madolche Fresh Sistart
96156729,2,ＷＷの鈴音,风魔女的铃音,Windwitch Chimes
96157835,1,ＲＲ－アーセナル・ファルコン,急袭猛禽-武库猎鹰,Raidraptor - Arsenal Falcon
96162588,2,六花の風花,六花的风花,Rikka Flurries
96163807,1,冥界騎士トリスタン,冥界骑士 崔斯坦,"Tristan, Knight of the Underworld"
96182448,1,ニトロ・シンクロン,氮素同调士,Nitro Synchron
96203584,2,溟界の大蛟,溟界的大蛟,Ogdoadic Serpent Strike
96214561,1,招神鳥シムルグ,招神鸟 斯摩夫,"Simorgh, Bird of Bringing"
96216229,3,剣闘獣の戦車,剑斗兽的战车,Gladiator Beast War Chariot
96218085,3,中央突破,中央突破,Breakthrough!
96220350,1,覇勝星イダテン,霸胜星 韦驮天,Idaten the Conqueror Star
96223501,1,竜星因士－セフィラツバーン,龙星因士-神数右枢,Satellarknight Zefrathuban
96227613,1,覇王門零,霸王门 零,Supreme King Gate Zero
96235275,1,ライトロード・パラディン ジェイン,光道圣骑士 简,"Jain, Lightsworn Paladin"
96235944,2,煉獄の決界,炼狱的决界,Void Breach
96239878,2,束ねられし力,集束之力,Strength in Unity
96287685,1,瓶亀,瓶龟,Jar Turtle
96300057,1,Ｗ－ウィング・カタパルト,W-弹射飞翼,W-Wing Catapult
96305350,1,ＧＰ－キャプテン・キャリー,黄金荣耀-卡丽船长,Gold Pride - Captain Carrie
96316857,2,リサイクル,再生,Recycle
96331676,3,宝玉の祈り,宝玉的祈祷,Crystal Raigeki
96334243,1,テセウスの魔棲物,忒修斯魔栖物,Sea Monster of Theseus
96345188,1,ＲＲ－ミミクリー・レイニアス,急袭猛禽-模拟伯劳,Raidraptor - Mimicry Lanius
96352326,1,太陽の魔術師エダ,太阳之魔术师 埃达,Eda the Sun Magician
96352712,2,誇大化,夸大化,Overexaggeration
96355986,3,ホーリージャベリン,神圣标枪,Enchanted Javelin
96363153,2,調律,调律,Tuning
96367119,3,ブラック・ノーブル,黑翼高洁,Black Shadow Squall
96378317,2,鉄獣の邂逅,铁兽的邂逅,Tri-Brigade Rendezvous
96380700,1,トークバック・ランサー,对讲枪兵,Talkback Lancer
96381979,1,魁炎星王－ソウコ,魁炎星王-宋虎,Brotherhood of the Fire Fist - Tiger King
96383838,2,トライワイトゾーン,三白骨区,Tri-Wight
96384007,1,マシンナーズ・ディフェンダー,机甲卫兵,Machina Defender
96385345,1,薔薇の聖騎士,蔷薇之圣骑士,Rose Paladin
96399967,1,機巧鳥－常世宇受賣長鳴,机巧鸟-常世宇受卖长鸣,"Gizmek Naganaki, the Sunrise Signaler"
96402918,1,氷霊山の龍祖 ランセア,冰灵山的龙祖 矛枪龙,"Lancea, Ancestral Dragon of the Ice Mountain"
96404912,3,無償交換,无偿交换,Recall
96420087,2,闇の支配者との契約,与暗之支配者的契约,Contract with the Dark Master
96427353,1,機甲忍者アクア,机甲忍者 水,Aqua Armor Ninja
96428622,1,サイバネティック・サイクロプス,电控独眼巨人,Cybernetic Cyclopean
96433300,3,溟界の虚,溟界之虚,Ogdoadic Hollow
96434581,2,オーバード・パラディオン,圣像骑士的晨曲,Crusadia Power
96457619,3,エクシーズ・ヴェール,超量遮护罩,Xyz Veil
96458440,2,伝説の黒帯,传说之黑带,Legendary Black Belt
96462121,2,超接地展開,超接地展开,Outrigger Extension
96470883,1,凛天使クイーン・オブ・ローズ,凛天使 蔷薇之女王,Queen Angel of Roses
96471335,1,幻想の黒魔導師,幻想之黑魔导师,Ebon Illusion Magician
96474800,3,マジック・ディフレクター,魔法偏转器,Magic Deflector
96501677,1,またたびキャット,木天蓼猫,Catnipped Kitty
96540807,1,再世の戦神 ベレシート,再世之战神 伯列史特,Regenesis Warrior
96546575,1,大要塞クジラ,大要塞鲸,Mega Fortress Whale
96553688,1,フェニキシアン・シード,凤凰花种,Phoenixian Seed
96561011,1,真紅眼の闇竜,真红眼暗龙,Red-Eyes Darkness Dragon
96565487,1,ブリザード・ウォリアー,雪暴战士,Blizzard Warrior
96570609,1,天帝アイテール,天帝 埃忒耳,Ehther the Heavenly Monarch
96576187,1,ライトロード・デーモン ヴァイス,光道恶魔 魏丝,"Weiss, Lightsworn Archfiend"
96592102,1,ＲＲ－ブレード・バーナー・ファルコン,急袭猛禽-火刃焚烧猎鹰,Raidraptor - Blade Burner Falcon
96594609,1,炎王獣 キリン,炎王兽 麒麟,Fire King Avatar Kirin
96598015,2,金満な壺,金满之壶,Pot of Riches
96606246,1,ＥＭフレンドンキー,娱乐伙伴 助手驴,Performapal Friendonkey
96622984,1,捕食植物フライ・ヘル,捕食植物 苍蝇地狱草,Predaplant Flytrap
96631852,2,鉄壁の布陣,铁壁布阵,Impenetrable Formation
96633955,1,相剣大公－承影,相剑大公-承影,Swordsoul Supreme Sovereign - Chengying
96637156,1,席取－六双丸,席取-六双丸,Musical Sumo Dice Games
96643568,1,ウェザ,气象精灵,Wetha
96653775,1,ナチュル・パンプキン,自然南瓜,Naturia Pumpkin
96661780,2,フォース・オブ・ガーディアン,守护神的原力,Riryoku Guardian
96676583,1,Ｍ∀ＬＩＣＥ＜Ｐ＞Ｃｈｅｓｈｉｒｅ Ｃａｔ,码丽丝<兵卒>柴郡猫,Maliss <P> Chessy Cat
96677818,2,魔導書整理,魔导书整理,Spellbook Organization
96682430,1,水精鱗－アビスヒルデ,水精鳞-深渊希德,Mermail Abysshilde
96693371,1,Ｖ・ＨＥＲＯ マルティプリ・ガイ,幻影英雄 倍增人,Vision HERO Multiply Guy
96699830,3,ボーン・フロム・ドラコニス,来自天龙座的降诞,Born from Draconis
96700602,3,波動障壁,波动障壁,Barrier Wave
96704018,1,紋章獣ベルナーズ・ファルコン,纹章兽 伯纳斯猎鹰,Heraldic Beast Berners Falcon
96704974,2,ブーギートラップ,鬼雷弦阱,Boogie Trap
96708940,1,ＳＲビーダマシーン,疾行机人 弹珠机器,Speedroid Marble Machine
96729612,2,儀式の準備,仪式的准备,Preparation of Rites
96733134,1,覇王眷竜オッドアイズ,霸王眷龙 异色眼,Supreme King Dragon Odd-Eyes
96746083,1,真竜皇アグニマズドＶ,真龙皇 阿耆尼马兹德·消灭,"True King Agnimazud, the Vanisher"
96765646,2,思い出のブランコ,回忆的秋千,Swing of Memories
96782886,1,メンタルマスター,精神脑魔,Mind Master
96789758,1,アロマージ－ジャスミン,芳香法师-茉莉,Aromage Jasmine
96795312,1,武の賢者－アーカス,武之贤者-阿卡丝,Sage of Strength - Akash
96802306,1,イグナイト・キャリバー,点火骑士·点五零,Igknight Gallant
96823189,1,誇りと魂の龍,骄傲与灵魂之龙,Dragon of Pride and Soul
96851799,1,スティング,史汀,Hinotama Soul
96857854,3,ダイヤモンドダストン,钻尘妖,Diamond Duston
96864105,1,ＣＮｏ.７３ 激瀧瀑神アビス・スープラ,混沌No.73 激泷瀑神 渊涌,Number C73: Abyss Supra Splash
96864811,2,禁じられた聖衣,禁忌的圣衣,Forbidden Dress
96872283,1,エヴォルテクター シュバリエ,真化护法 骑士,Evocator Chevalier
96875080,3,大気圏外射撃,大气圈外射击,Orbital Bombardment
96890582,1,秒殺の暗殺者,秒杀之暗杀者,Flash Assailant
96891787,1,教導の鉄槌テオ,教导的铁锤 特奥,"Dogmatika Theo, the Iron Punch"
96897184,1,古生代化石騎士 スカルキング,古生代化石骑士 骷髅国王,Fossil Warrior Skull King
96907086,2,地縛旋風,地缚旋风,Earthbound Whirlwind
96914272,1,虚栄の大猿,虚荣的大猿,Egotistical Ape
96915510,1,魔神儀の創造主－クリオルター,魔神仪的创造主-创造祭台,"Crealtar, the Impcantation Originator"
96930127,1,チェーンドッグ,链犬,Chain Dog
96938777,1,神機王ウル,神机王 乌尔,Machine Lord Ür
96938986,1,共振虫,共振虫,Resonance Insect
96945958,1,ＳＲカールターボ,疾行机人 涡轮歌牌,Speedroid CarTurbo
96947648,2,サルベージ,海上打捞,Salvage
96965364,2,孵化,孵化,Insect Imitation
96967123,1,大砲だるま,大炮达磨,Dharma Cannon
96981563,1,炎を食らう大亀,食火的大龟,Giant Turtle Who Feeds on Flames
97000273,1,スクラップ・コング,废铁金刚,Scrap Kong
97001138,3,ダーク・アドバンス,暗黑上级召唤,Dark Advance
97007933,1,ＨＳＲ魔剣ダーマ,高速疾行机人 魔剑玉,Hi-Speedroid Kendama
97017120,1,巨大ネズミ,巨大老鼠,Giant Rat
97021916,1,ダーク・リゾネーター,暗黑共鸣者,Dark Resonator
97023549,1,ブレード・スケーター,利刃滑冰者,Blade Skater
97024987,1,イグナイト・ドラグノフ,点火骑士·德拉古诺夫,Igknight Templar
97036149,1,天威龍－ナハタ,天威龙-仁爱蟠龙,Tenyi Spirit - Nahata
97045737,3,聖王の粉砕,圣王的粉碎,Dominus Purge
97051536,1,インフェルノイド・イヴィル,狱火机·邪恶,Infernoid Evil
97053215,1,Ｇゴーレム・スタバン・メンヒル,G石人·顽固立石,G Golem Stubborn Menhir
97064649,1,暗躍のドルイド・ウィド,暗跃的德鲁伊·智者,Secret Sect Druid Wid
97077563,3,リビングデッドの呼び声,活死人的呼声,Call of the Haunted
97091969,2,武装竜の震霆,武装龙的震霆,Armed Dragon Lightning
97093037,1,創世者の化身,创世者的化身,The Creator Incarnate
97112505,1,先史遺産メガラ・グローヴ,先史遗产 墨瓦腊地球仪,Chronomaly Magella Globe
97120394,2,封魔の矢,封魔之矢,Anti-Magic Arrows
97127906,1,エーリアン・ソルジャー,外星人士兵,Alien Shocktrooper
97148796,1,竜輝巧－バンα,龙辉巧-右枢α,Drytron Alpha Thuban
97151365,3,スターゲート,星之门,Spacegate
97165977,1,月光舞豹姫,月光舞豹姬,Lunalight Panther Dancer
97168905,3,奇跡の軌跡,奇迹之轨迹,Miracle Locus
97169186,2,地砕き,地碎,Smashing Ground
97170107,1,シャインエルフ,光辉精灵,Shining Elf
97173708,3,トークン生誕祭,衍生物诞生祭,Oh Tokenbaum!
97182396,3,Ａ・∀・ＶＶ,惊奇游乐设施·∀·征服海盗船,Amaze Attraction Viking Vortex
97204936,1,大地の騎士ガイアナイト,大地之骑士 盖亚骑士,"Gaia Knight, the Force of Earth"
97211663,2,影霊衣の反魂術,影灵衣的返魂术,Nekroz Cycle
97219708,1,ＲＲ－ラスト・ストリクス,急袭猛禽-残存林鸮,Raidraptor - Last Strix
97223101,2,ＢＢＳ,快回揭示板,That's 10!
97227123,2,リターン・オブ・ザ・デュエリスト,决斗者归来,Return of the Duelist
97232518,3,深淵のスタングレイ,深渊的电击魟,Abyss Stungray
97234686,3,グラディアル・チェンジ,剑斗变化,Gladiator Lash
97240270,1,マッド・ロブスター,狂怒龙虾,Mad Lobster
97240499,1,渾然たる闘牛詩－オルフェブル,浑然的斗牛诗-俄耳甫斯金公牛,Orphebull the Harmonious Bullfighter Bard
97262307,1,蕾禍ノ姫邪眼,蕾祸之姬邪眼,Ragnaraika Wicked Butterfly
97268402,1,エフェクト・ヴェーラー,效果遮蒙者,Effect Veiler
97273514,1,甲虫装機 ピコファレーナ,甲虫装机 皮可蛾,Inzektor Picofalena
97300502,1,召喚獣アウゴエイデス,召唤兽 光体,Invoked Augoeides
97316367,1,無限起動スクレイパー,无限起动 削石臂掘进机,Infinitrack Tunneller
97317530,1,森の聖獣 カラントーサ,森之圣兽 月兔耳兽,"Kalantosa, Mystical Beast of the Forest"
97342942,2,エクトプラズマー,通灵外质体,Ectoplasmer
97345699,2,宵星の閃光,宵星之闪光,Vesper Girsu
97360116,1,悪の無名戦士,恶之无名战士,Unknown Warrior of Fiend
97362768,2,スパークガン,电光枪,Spark Blaster
97383507,1,ダークナイト＠イグニスター,暗骑士@火灵天星,Dark Templar @Ignister
97385276,1,レベル・ウォリアー,等级战士,Level Warrior
97396380,1,火舞太刀,火舞太刀,Fencing Fire Ferret
97403510,1,Ｎｏ.９２ 偽骸神龍 Ｈｅａｒｔ－ｅａｒｔＨ Ｄｒａｇｏｎ,No.92 伪骸神龙 心地心龙,Number 92: Heart-eartH Dragon
97417863,1,ＤＤＤＤ超次元統皇ゼロ・パラドックス,DDDD 超次元统皇 零·帕拉多克斯,D/D/D/D Super-Dimensional Sovereign Emperor Zero Paradox
97433739,2,未来への思い,对未来的所思,Message in a Bottle
97434754,1,神芸学徒 リテラ,神艺学徒 莉泰拉,Artmage Litera
97439308,2,カオス・グリード,混沌贪欲,Chaos Greed
97439806,1,魔轟神クシャノ,魔轰神 库沙诺,Fabled Kushano
97452817,1,アルカナフォースＸＶＩＩＩ－ＴＨＥ ＭＯＯＮ,秘仪之力18-月亮,Arcana Force XVIII - The Moon
97453744,1,Ｈ－Ｃ クレイヴソリッシュ,英豪冠军 辉剑王,Heroic Champion - Claivesolish
97466438,1,ヨコシマウマ,横条邪斑马,Zany Zebra
97466712,1,ハック・ワーム,入侵蠕虫,Hack Worm
97474300,2,デュエリスト・ジェネシス,决斗者创世纪,Duelist Genesis
97476032,1,アイス・ドール,冰偶,Ice Doll
97489701,1,スカーレッド・ノヴァ・ドラゴン,真红莲新星龙,Red Nova Dragon
97518132,1,影依の巫女 エリアル,影依巫女 艾莉娅儿,Naelshaddoll Ariel
97520532,1,ギミック・パペット－キメラ・ドール,机关傀儡-奇美拉人偶,Gimmick Puppet Chimera Doll
97520701,2,臨時ダイヤ,临时行车时间表,Special Schedule
97526666,1,惑星探査車,惑星探查车,Planet Pathfinder
97534104,1,キラー・ポテト,杀人马铃薯,Mystic Potato
97556336,1,無垢なる者 メディウス,无垢者 米底乌斯,Medius the Pure
97565997,1,溟界神－オグドアビス,溟界神-奥格多阿比斯,"Ogdoabyss, the Ogdoadic Overlord"
97567736,1,エッジインプ・トマホーク,锋利小鬼·战斧,Edge Imp Tomahawk
97570038,2,ゴッドハンド・スマッシュ,神拳粉碎,Kaminote Blow
97574404,1,アルカナフォースＶＩ－ＴＨＥ ＬＯＶＥＲＳ,秘仪之力6-恋人,Arcana Force VI - The Lovers
97584500,1,ゴーストリック・マミー,鬼计木乃伊,Ghostrick Mummy
97584719,1,無限起動アースシェイカー,无限起动 大地撼动者,Infinitrack Earth Slicer
97588916,1,ブンボーグ００７,文具电子人007,Deskbot 007
97590747,1,ランプの魔精・ラ・ジーン,灯之魔精,La Jinn the Mystical Genie of the Lamp
97612389,1,地獄の魔物使い,地狱的魔物使,Monster Tamer
97616504,2,閃刀機構－ハーキュリーベース,闪刀机构-大力神基地,Sky Striker Mecharmory - Hercules Base
97617181,2,銀河零式,银河零式,Galaxy Zero
97623219,1,エレメント・ヴァルキリー,元素女武神,Element Valkyrie
97631303,1,マジシャンズ・ソウルズ,魔术师双魂,Magicians' Souls
97637162,1,ハンディ・ギャロップ,让步小快马,Handigallop
97639441,1,フォトン・ジャンパー,光子跳跃者,Photon Jumper
97642679,1,闇の支配者－ゾーク,暗之支配者-佐克,Dark Master - Zorc
97648103,2,星遺物の加護,星遗物的加护,World Legacy's Heart
97651498,1,魔轟神ルリー,魔轰神 路里,Fabled Lurrie
97661969,1,崔嵬の地霊使いアウス,崔嵬之地灵使 奥丝,"Aussa the Earth Charmer, Immovable"
97662494,1,紋章獣スタット・ホエール,纹章兽 斯塔德鲸,Heraldic Beast Stad Whale
97677329,1,バックアップ・スーパーバイザー,备份监管员,Backup Supervisor
97682931,1,レボリューション・シンクロン,革命同调士,Revolution Synchron
97687912,2,メテオ・ストライク,流星直击,Fairy Meteor Crush
97688360,1,剛鬼ツイストコブラ,刚鬼 固定眼镜蛇,Gouki Twistcobra
97692972,1,アマゾネスの金鞭使い,亚马逊金鞭使,Amazoness Golden Whip Master
97697447,3,アビストローム,深渊激流,Abyss-strom
97697678,1,円盤ムスキー,圆盘 姆斯基型,Flying Saucer Muusik'i
97698279,1,竜騎兵ガーゴイルＩＩ,龙骑兵 石像怪2,Centur-Ion Gargoyle II
97705809,3,スーパーチャージ,增压,Supercharge
97729135,2,にらみ合い,互瞪,Staring Contest
97738431,3,ナンバーズ・オーバーレイ・ブースト,编号系叠光推进,Numbers Overlay Boost
97750534,1,死の代行者 ウラヌス,死之代行者 乌拉诺斯,The Agent of Entropy - Uranus
97769122,2,バリアンズ・カオス・ドロー,异晶人的混沌抽卡,Barian's Chaos Draw
97783338,1,水雷魔神－ゲート・ガーディアン,水雷魔神-门之守护神,Gate Guardian of Water and Thunder
97783659,1,ブラッド・サッカー,吸血者,Blood Sucker
97792247,1,スターダスト・アサルト・ウォリアー,星尘强袭战士,Stardust Assault Warrior
97795930,3,幻煌龍の天渦,幻煌龙的天涡,Phantasm Spiral Assault
97803170,3,デーモンの呼び声,恶魔的呼声,Call of the Archfiend
97806240,3,強引な安全協定,强引的安全协定,Forced Ceasefire
97809599,2,旧神の印,旧神之印,Seal of the Ancients
97811903,1,クリアー・バイス・ドラゴン,清透恶龙,Clear Vice Dragon
97836203,1,ＴＧ ハルバード・キャノン,科技属 戟炮手,T.G. Halberd Cannon
97843505,1,風の番人 ジン,风之番人 精,Djinn the Watcher of the Wind
97854941,1,ワルキューレ・シグルーン,女武神·希格露恩,Valkyrie Sigrun
97864322,1,シャルル大帝,查理大帝,Emperor Charles the Great
97870394,1,アマゾネス霊術師,亚马逊灵术师,Amazoness Spiritualist
97885363,1,エレキトンボ,电气半黄赤蜻,Wattdragonfly
97896503,1,ズババナイト,刷拉拉骑士,Zubaba Knight
97904474,1,手錠龍,手铐龙,Handcuffs Dragon
97922283,3,野生の咆哮,野生的咆哮,Howl of the Wild
97923414,1,大木人１８,大木人18,Inpachi
97926515,2,緊急救急救命レスキュー,紧急救急救命救援,Emerging Emergency Rescute Rescue
97940434,1,カオスハンター,混沌猎人,Chaos Hunter
97946536,2,ゼクトライク－紅黄,虫装三轮车-红黄,Zektrike Kou-ou
97947705,1,バックアップ・オペレーター,备份操作员,Backup Operator
97949165,1,ＬＬ－ターコイズ・ワーブラー,抒情歌鸲-绿松石莺,Lyrilusc - Turquoise Warbler
97970833,3,ラスト・リゾート,最后胜地,Last Resort
97973387,1,スピック,大嘴鸟,Droll Bird
97973962,1,暴走召喚師アレイスター,暴走召唤师 阿莱斯特,Aleister the Invoker of Madness
97997309,2,ゲーテの魔導書,恶灵之魔导书,Spellbook of Fate
98007437,1,鎧騎士竜－ナイト・アームド・ドラゴン－,铠骑士龙-骑士武装龙-,"Knight Armed Dragon, the Armored Knight Dragon"
98012938,1,獣神ヴァルカン,兽神 武尔坎,Vulcan the Divine
98020526,3,セイヴァー・ミラージュ,救世幻象,Majestic Mirage
98022050,1,珠玉獣－アルゴザウルス,珠玉兽-运算主龙,Animadorned Archosaur
98024118,1,ホワイトポータン,白面波波,White Potan
98045062,2,エネミーコントローラー,敌人操纵器,Enemy Controller
98049038,1,ステルスロイド,隐形机人,Stealthroid
98049915,1,魔法のランプ,魔法灯,Mystic Lamp
98049934,1,エピュアリィ・ビューティ,亲历纯爱妖精·美丽妖精,Epurrely Beauty
98069388,3,昇天の角笛,升天之角笛,Horn of Heaven
98075147,1,デビルツムリ,恶魔蜗牛,Spiked Snail
98076754,3,セフィラの聖選士,神数的圣选士,Chosen of Zefra
98093548,1,俊炎星－ゾウセイ,俊炎星-象清,Brotherhood of the Fire Fist - Elephant
98095162,1,ライトロード・ドミニオン キュリオス,光道宰制者 基里奥斯,"Curious, the Lightsworn Dominion"
98126725,1,紫炎の参謀,紫炎的参谋,Shien's Advisor
98127546,1,閉ザサレシ世界ノ冥神,闭锁世界的冥神,Underworld Goddess of the Closed World
98139712,3,死霊の誘い,死灵的引诱,Skull Invitation
98143165,2,シンクロ・ヒーロー,同调英雄,Synchro Boost
98147766,1,ジェネティック・ウーマン,基因女战士,Genetic Woman
98153934,2,幻影死槍,幻影死枪,Phantom Knights' Spear
98154550,1,プリミティブ・バタフライ,原生蝴蝶,Primitive Butterfly
98159737,1,天威龍－アーダラ,天威龙-纯真蟠龙,Tenyi Spirit - Adhara
98162021,1,紫炎の荒武者,紫炎的荒武者,Shien's Daredevil
98162242,1,ニードルバンカー,钢针螯,Needle Burrower
98167225,3,創神のヴァルモニカ,创神之异响鸣,Vaalmonica Creation
98169343,1,トリックスター・キャロベイン,淘气仙星·卡罗贝恩,Trickstar Corobane
98173209,2,クリムゾン・ヘルガイア,深红狱大地,Crimson Gaia
98204536,2,先史遺産驚神殿－トリリトン,先史遗产惊神殿-三巨石,Chronomaly Temple - Trilithon
98225108,1,レオンタウロス,人狮兽,Leotaur
98229575,1,Ｕ.Ａ.フィールドゼネラル,超级运动员 四分卫球员,U.A. Playmaker
98234196,1,魔鍵銃士－クラヴィス,魔键铳士-克莱维斯,"Clavkiys, the Magikey Skyblaster"
98239899,3,鎖付き爆弾,附锁链的爆弹,Blast with Chain
98248208,1,暗黒海龍－ドライアグル,暗黑海龙-魔三角水龙,"Driangle, Dragon of the Dark Deep"
98252586,2,フォロー・ウィンド,随风翼,Follow Wind
98259197,2,おジャマッスル,扰乱肌肉,Ojamuscle
98263709,1,銀河魔鏡士,银河魔镜士,Galaxy Mirror Sage
98266377,1,Ｅ・ＨＥＲＯ ザ・ヒート,元素英雄 炽热侠,Elemental HERO Heat
98273947,3,エンジェル・リフト,天使升降术,Graceful Revival
98280324,1,ファーニマル・シープ,毛绒动物·绵羊,Fluffal Sheep
98287529,1,虚竜魔王アモルファクターＰ,虚龙魔王 无形矢·心灵,"Amorphactor Pain, the Imagination Dracoverlord"
98299011,3,ホーリー・エルフの祝福,圣精灵的祝福,Gift of The Mystical Elf
98301564,1,解放のアリアドネ,解放之阿里阿德涅,Guiding Ariadne
98319530,2,『焔聖剣－アルマス』,『焰圣剑-阿尔玛斯』,"""Infernoble Arms - Almace"""
98336111,1,フュージョニストキラー,融合体杀手,Fusion Devourer
98338152,2,閃刀機－ウィドウアンカー,闪刀机-黑寡妇抓锚,Sky Striker Mecha - Widow Anchor
98349765,2,第１９層『襲来干渉！漆黒の超量士！！』,第19层『袭来干涉！漆黑的超级量子战士！！』,"Layer 19: ""Preventing the Invasion! The Pitch-Black Super Quantum!!"""
98358303,1,静寂のサイコウィッチ,静寂的念力魔女,Serene Psychic Witch
98360333,3,Ｅｖｉｌ★Ｔｗｉｎ チャレンジ,邪恶★双子挑战,Evil★Twin Challenge
98371278,1,ＤＭＺドラゴン,DMZ龙,DMZ Dragon
98374133,2,覚醒,觉醒,Invigoration
98380593,2,至高の木の実,至高的果实,Supremacy Berry
98385955,1,白き森のシルヴィ,白森林的森儿,Silvy of the White Forest
98396890,1,ヴィジョン・リゾネーター,视界共鸣者,Vision Resonator
98414735,3,バージェストマ・カナディア,伯吉斯异兽·加拿大虫,Paleozoic Canadia
98416533,1,メルフィー・ワラビィ,童话动物·小小袋鼠,Melffy Wally
98427577,3,くず鉄のかかし,废铁稻草人,Scrap-Iron Scarecrow
98431356,3,幻影翼,幻影翼,Phantom Knights' Wing
98434877,1,水魔神－スーガ,水魔神-斯迦,Suijin
98437424,1,ナチュル・コスモスビート,自然甜菜菊,Naturia Cosmobeet
98439949,1,無限起動キャンサークレーン,无限起动 巨蟹式起重机,Infinitrack Crab Crane
98444741,3,積み上げる幸福,积累的幸福,Accumulated Fortune
98446407,1,ネフティスの導き手,奈芙提斯之引导者,Hand of Nephthys
98452268,1,覇王黒竜オッドアイズ・リベリオン・ドラゴン－オーバーロード,霸王黑龙 异色眼叛逆龙-霸王,Odd-Eyes Rebellion Dragon Overlord
98456117,1,ボーンハイマー,骨海马,Boneheimer
98462037,1,閃刀姫－アザレア,闪刀姬-阿泽莉娅,Sky Striker Ace - Azalea
98477480,2,粛声なる結界,肃声之结界,Barrier of the Voiceless Voice
98494543,2,魔法石の採掘,魔法石采掘,Magical Stone Excavation
98495314,2,執念の剣,执念之剑,Sword of Deep-Seated
98502113,1,超魔導剣士－ブラック・パラディン,超魔导剑士-黑魔导剑士,Dark Paladin
98506199,1,ウィンドペガサス＠イグニスター,风飞马@火灵天星,Wind Pegasus @Ignister
98520301,1,アセット・マウンティス,资产炫耀螳螂,Asset Mountis
98535702,3,ダメージ・ワクチンΩＭＡＸ,伤害疫苗ΩMAX,Damage Vaccine Ω MAX
98552723,2,再臨の帝王,再临的帝王,Restoration of the Monarchs
98555327,1,銀河の魔導師,银河魔导师,Galaxy Wizard
98558751,1,ＴＧ ワンダー・マジシャン,科技属 奇妙魔术师,T.G. Wonder Magician
98567237,2,刻まれし魔の詠聖,刻魔的咏圣,Fiendsmith's Tract
98570539,2,混沌の夢魔鏡,混沌之梦魔镜,Dream Mirror of Chaos
98582704,1,ウィング・エッグ・エルフ,翼蛋精灵,Wing Egg Elf
98585345,1,ハネクリボー ＬＶ１０,羽翼栗子球 LV10,Winged Kuriboh LV10
98588427,1,包焼蒸騎－ＢＵＬＬａｕｎｃｈｅｒ,包烤蒸骑-B公牛枪炮,Steam Knight - BULLauncher
98596596,3,魂のさまよう墓場,灵魂游荡的墓场,Graveyard of Wandering Souls
98630720,1,ヴァレルエンド・ドラゴン,前托枪管龙,Borrelend Dragon
98637386,1,ゴヨウ・プレデター,御用捕食者,Goyo Predator
98642179,1,剛炎の剣士,刚炎之剑士,Ferocious Flame Swordsman
98643358,3,ダイヤモンド・ダスト,冰晶,Diamond Dust
98645731,2,強欲で謙虚な壺,强欲而谦虚之壶,Pot of Duality
98649372,1,スカル・クラーケン,骷髅章鱼,Skull Kraken
98666339,3,リバースディメンション,反转次元,Dimensional Inversion
98672567,2,貪欲で無欲な壺,贪欲而无欲之壶,Pot of Dichotomy
98684051,1,白鰯,白鰯,White Sardine
98696958,2,暗黒回廊,暗黑回廊,Dark Corridor
98700941,1,トリックスター・リリーベル,淘气仙星·莉莉贝儿,Trickstar Lilybell
98707192,1,ゴーストリック・マリー,鬼计妖魔·玛丽,Ghostrick Mary
98715423,3,墓守の罠,守墓的陷阱,Gravekeeper's Trap
98719226,1,エーリアン・ウォリアー,外星人战士,Alien Warrior
98745000,1,ジャッカルの聖戦士,胡狼圣战士,Mystical Knight of Jackal
98753320,3,オルターガイスト・フェイルオーバー,幻变骚灵的故障转移,Altergeist Failover
98777036,1,トラゴエディア,特拉戈迪亚,Tragoedia
98780137,1,マリスボラス・ナイフ,食恶餐刀鬼,Malicevorous Knife
98787535,1,溟界の昏闇－アレート,溟界的昏暗-阿莱特,"Aleirtt, the Ogdoadic Dark"
98792570,2,受け継がれる力,继承之力,Gift of the Martyr
98795934,1,マキャノン,魔加农,Mabarrel
98804359,2,海竜神の激昂,海龙神的激昂,Fury of Kairyu-Shin
98806751,1,執愛のウヴァループ,执爱之化卢普,Obsessive Uvualoop
98818516,1,キラーパンダ,杀人熊猫,Frenzied Panda
98827725,3,幻影騎士団シェード・ブリガンダイン,幻影骑士团 阴暗布面甲,The Phantom Knights of Shade Brigandine
98828338,2,灰滅の憤怒,灰灭的愤怒,Extinguishing the Ashened
98847704,2,拘束解放波,拘束解放波,Release Restraint Wave
98850929,2,聖蛇の息吹,圣蛇的息吹,Sacred Serpent's Wake
98864751,2,エアークラック・ストーム,空气解密风暴,Air Cracking Storm
98865920,1,アチャチャアーチャー,热辣辣弓手,Achacha Archer
98867329,2,災いの装備品,灾厄的装备品,Cursed Armaments
98875863,1,Ｇゴーレム・ロックハンマー,G石人·岩锤手,G Golem Rock Hammer
98881700,1,クリスタル・シャーク,晶鲨,Crystal Shark
98881931,1,フォトン・アドバンサー,光子前行者,Photon Advancer
98884569,1,ブルーローズ・ドラゴン,青蔷薇龙,Blue Rose Dragon
98888032,1,妖精胞スポーア,妖精胞 孢子,Spore the Fairy Seed
98891840,2,休息する剣闘獣,休息的剑斗兽,Gladiator Beast's Respite
98898163,1,グランドタスク・ドラゴン,巨牙龙,Grandtusk Dragon
98898173,1,とろける赤き影,溶化的赤影,The Melting Red Shadow
98904974,3,魔鍵錠－解－,魔键锭-解-,Magikey Unlocking
98918572,3,十二獣の相剋,十二兽的相克,Zoodiac Gathering
98927491,1,レスキューキューロイド,救援型急救机人,Ambulance Rescueroid
98931003,2,ナナナ,纳纳纳,Nanana
98935722,3,星遺物に眠る深層,沉眠于星遗物的深层,World Legacy's Secret
98954106,3,貪欲な瓶,贪欲之瓶,Jar of Avarice
98954375,1,インフェルニティ・デストロイヤー,永火破坏王,Infernity Destroyer
98956134,3,デストラクション・ジャマー,破坏干扰,Destruction Jammer
98978921,1,リンク・スパイダー,连接蜘蛛,Link Spider
98986900,1,セレマテック・クラティス,泰勒玛科技法师·克拉特斯,Thelematech Clatis
98999181,1,ネフティスの祈り手,奈芙提斯之祈祷者,Disciple of Nephthys
99000107,1,修禅僧 ゲンドウ,修禅僧 元道,Gendo the Ascetic Monk
99000151,1,死の花－ネクロ・フルール,死之花,Necro Fleur
99002135,2,緊急合成,紧急合成,Urgent Synthesis
99004583,2,アクションマジック－フルターン,动作魔法-最大U形转弯,Action Magic - Full Turn
99004752,2,ミニマム・ガッツ,迷你胆识,Mini-Guts
99011763,1,魔界の警邏課デスポリス,魔界的警逻课 死亡警察,Beat Cop from the Underworld
99013397,2,剣闘獣の闘器ハルバード,剑斗兽的斗器 长戟,Gladiator Beast's Battle Halberd
99030164,1,ハッピー・ラヴァー,幸福恋人,Happy Lover
99049589,2,デストーイ・リペアー,魔玩具修复,Frightfur Repair
99050989,1,ドリラゴ,钢钻龙,Drillago
99054885,1,破壊の代行者 ヴィーナス,破坏之代行者 维纳斯,The Agent of Destruction - Venus
99064191,3,エクシーズ・パニッシュ,超量诛罚,Xyz Wrath
99070951,1,サイ・ガール,念之少女,Esper Girl
99075257,3,Ｄ－タイム,D-时间,D - Time
99092624,3,漆黒の薔薇の開華,漆黑之蔷薇的开华,Blooming of the Darkest Rose
99111753,1,セキュリティ・ドラゴン,安全龙,Security Dragon
99115354,1,ハイパーサイコライザー,超念力均衡人,Hyper Psychic Riser
99137266,3,憶念の相剣,忆念之相剑,Swordsoul Strife
99150062,1,ナチュル・アントジョー,自然蚂蚁颚,Naturia Antjaw
99153051,1,蕾禍ノ毬首,蕾祸之毬首,Ragnaraika the Evil Seed
99157310,3,ティンダングル・ドロネー,廷达魔三角的德劳内三角化,Tindangle Delaunay
99161253,2,原石融合,原石融合,Primite Fusion
99162522,3,ＥＸＴＩＮＧＵＩＳＨ！,E扑灭！,EXTINGUISH!
99162753,2,セクステット・サモン,六界召唤,Sextet Summon
99171160,1,コザッキー,平庸鬼,Kozaky
99173029,2,霊子エネルギー固定装置,灵子能固定装置,Spiritual Energy Settle Machine
99176254,3,青い涙の乙女,蓝泪的处女,Maiden of Blue Tears
99177923,1,インフェルニティ・デーモン,永火恶魔,Infernity Archfiend
99185129,1,クラウソラスの影霊衣,辉剑鸟之影灵衣,Nekroz of Clausolas
99188141,3,大革命返し,反大革命,The Huge Revolution is Over
99189322,3,アルカナコール,秘仪呼唤,Arcana Call
99193444,1,轟海皇 ポセイドラ,轰海皇 波塞德拉,"Poseidra, the Storming Atlantean"
99212922,1,白竜の忍者,白龙忍者,White Dragon Ninja
99214782,1,インヴェルズの歩哨,侵入魔鬼的步哨,Steelswarm Sentinel
99217226,1,結束と絆の超魔導剣士,团结与牵绊之超魔导剑士,Paladins of Bonds and Unity
99229085,1,ギミック・パペット－カトル・スクリーム,机关傀儡-悲鸣四方牛,Gimmick Puppet Cattle Scream
99234526,1,輝白竜 ワイバースター,辉白龙 暴源翼龙,White Dragon Wyverburster
99243014,2,シンクロ・オーバーテイク,同调超车,Synchro Overtake
99249638,1,ユニオン・ドライバー,同盟驾驶员,Union Driver
99261403,1,ダーク・ラビット,暗黑兔,Dark Rabbit
99266988,2,混沌領域,混沌领域,Chaos Space
99267150,1,Ｆ・Ｇ・Ｄ,五神龙,Five-Headed Dragon
99274184,3,クリストロン・インパクト,水晶机巧冲击,Crystron Impact
99284890,1,壺魔神,壶魔神,Avatar of The Pot
99289828,2,白き森のいいつたえ,白森林的传说,Tales of the White Forest
99307040,1,ホルスの黒炎神,荷鲁斯之黑炎神,Horus the Black Flame Deity
99311109,3,戦友の誓い,战友的誓言,Oath of Companionship
99315585,1,幻影騎士団クラックヘルム,幻影骑士团 裂头盔,The Phantom Knights of Cloven Helm
99328137,1,氷騎士,冰骑士,Ice Knight
99330325,2,妨げられた壊獣の眠り,遭受妨碍的坏兽安眠,Interrupted Kaiju Slumber
99342953,2,古代遺跡コードＡ,古代遗迹 代号A,Code A Ancient Ruins
99348756,1,バルキリー・ナイト,女武神骑士,Valkyrian Knight
99351431,2,盗賊の極意,盗贼的极意,The Secret of the Bandit
99357565,1,Ｄ３,D3,D Cubed
99365553,1,ライトパルサー・ドラゴン,光脉冲星龙,Lightpulsar Dragon
99370594,1,劫火の眠り姫 ゴースト・スリーパー,劫火之长眠姬 幽鬼睡美人,"Ghost Sleeper, the Underworld Princess"
99397762,3,光波防輪,光波防轮,Cipher Bit
99414168,1,精霊術師 ドリアード,精灵术师 树精,Elemental Mistress Doriado
99414629,3,ダイノルフィア・ブルート,恐啡肽狂龙残虐,Dinomorphia Brute
99423156,1,不知火の宮司,不知火的宫司,Shiranui Spiritmaster
99426088,2,魔鍵－マフテア,魔键-马夫提亚,Magikey Maftea
99426834,1,沼地の魔獣王,沼地的魔兽王,Beastking of the Swamps
99427357,1,サイバー・エンジェル－那沙帝弥－,电子化天使-那沙帝弥-,Cyber Angel Natasha
99429730,1,森羅の番人 オーク,森罗的番人 橡树,Sylvan Guardioak
99456344,1,デスピアの大導劇神,死狱乡的大导剧神,Dramaturge of Despia
99458769,1,暗黒界の魔神 レイン,暗黑界的魔神 雷恩,"Reign-Beaux, Overlord of Dark World"
99469936,1,ＦＡ－クリスタル・ゼロ・ランサー,重铠装-晶零枪兵,Full Armored Crystalzero Lancer
99471856,1,水晶機巧－トリスタロス,水晶机巧-三位玉晶,Crystron Tristaros
99510761,1,ランプの魔人,神灯魔人,Lord of the Lamp
99517131,3,生命力吸収魔術,生命力吸收魔术,The Spell Absorbing Life
99518961,2,革命,革命,Restructer Revolution
99523325,2,墓守の石版,守墓的石板,Gravekeeper's Stele
99529628,1,ゴーティスの朧キーフ,魊影之胧 基夫,"Keaf, Murk of the Ghoti"
99531088,2,ジュラシック・パワー,侏罗纪力量,Jurassic Power
99532708,1,エーリアン・マーズ,火星外星人,Alien Mars
99543666,2,烙印劇城デスピア,烙印剧城 绝望死狱乡,"Despia, Theater of the Branded"
99550630,2,閃刀術式－アフターバーナー,闪刀术式-烈火再燃,Sky Striker Maneuver - Afterburners!
99551425,1,迷宮の魔戦車,迷宫的魔战车,Labyrinth Tank
99581584,1,ガード・ペンギン,守卫企鹅,Guard Penguin
99585850,1,スカーレッド・スーパーノヴァ・ドラゴン,真红莲超新星龙,Red Supernova Dragon
99590524,3,狡猾な落とし穴,狡猾的落穴,Treacherous Trap Hole
99594764,1,ドラグニティ－コルセスカ,龙骑兵团-翼枪龙,Dragunity Corsesca
99597615,2,悪魔のくちづけ,恶魔之吻,Malevolent Nuzzler
99599062,2,地縛融合,地缚融合,Earthbound Fusion
99628747,1,メガリス・ベトール,巨石遗物·贝托尔,Megalith Bethor
99634927,1,魔界劇団－ファンキー・コメディアン,魔界剧团-时髦笑星,Abyss Actor - Funky Comedian
99641328,1,森羅の影胞子 ストール,森罗的影孢子 伞菌,Sylvan Komushroomo
99645428,1,ジェムナイト・ラピス,宝石骑士·小琉,Gem-Knight Lapis
99657399,3,油断大敵,油断大敌,Asleep at the Switch
99659159,2,竜操術,操龙术,Dragon Mastery
99666430,1,人造人間－サイコ・レイヤー,人造人-念力层叠者,Jinzo - Layered
99668578,1,星因士 プロキオン,星因士 南河三,Satellarknight Procyon
99674361,2,星遺物を継ぐもの,星遗物的继承者,World Legacy Succession
99675356,1,紫炎の足軽,紫炎的足轻,Shien's Footsoldier
99690140,1,墓守の従者,守墓的从者,Gravekeeper's Vassal
99707692,1,ＲＲ－ノアール・レイニアス,急袭猛禽-黑暗伯劳,Raidraptor - Noir Lanius
99721536,1,スカルライダー,骷髅骑手,Dokurorider
99724761,1,ＸＺ－キャタピラー・キャノン,XZ-战车炮,XZ-Tank Cannon
99726621,1,鉄獣戦線 凶鳥のシュライグ,铁兽战线 凶鸟之施莱格,Tri-Brigade Shuraig the Ominous Omen
99733359,1,盾航戦車ステゴサイバー,盾航战车 电子剑龙,Stegocyber
99735427,3,暗闇を吸い込むマジック・ミラー,吸入暗阴的魔镜,Shadow-Imprisoning Mirror
99742859,1,レスキューヘッジホッグ,救援刺猬,Rescue Hedgehog
99745551,1,未界域のツチノコ,未界域的槌子蛇,Danger!? Tsuchinoko?
99747800,1,レジェンド・デビル,传说的恶魔,Legendary Fiend
99748883,1,流星連打－シロクロイド,流星连打-白黑机人,Meteor Rush - Monochroid
99785935,1,磁石の戦士α,磁石战士α,Alpha The Magnet Warrior
99788587,3,爆導索,爆导索,Blasting Fuse
99789342,2,黒魔術のカーテン,黑魔术的幕帘,Dark Magic Curtain
99792080,1,夢魔鏡の魔獣－パンタス,梦魔镜的魔兽-方塔斯,"Phantasos, the Dream Mirror Foe"
99795159,2,ゴーストリック・ハウス,鬼计之馆,Ghostrick Mansion
99801464,1,銀翼のＡＸＥ－サリー,银翼之斧式配饰-莎莉,Sari of the Silverwing Axe
99861526,1,サブマリンロイド,潜艇机人,Submarineroid
99865167,1,ウィンドフレーム,风构体,Wind Effigy
99877698,1,墓守の大筒持ち,守墓的重炮手,Gravekeeper's Cannonholder
99885917,1,海晶乙女パスカルス,海晶少女 紫红拟花鮨,Marincess Pascalus
99890852,2,トリックスター・ブーケ,淘气仙星的花束,Trickstar Bouquet
99899504,1,スカル・フレイム,骷髅炎鬼,Skull Flame
99902789,1,チャウチャウちゃん,纠错小松狮,Chow Chow Chan
99910751,1,はぐれ・もけもけ,落单悠悠,Mokey Mokey Adrift
99913726,1,捕食植物ドロソフィルム・ヒドラ,捕食植物 露松水螅龙,Predaplant Drosophyllum Hydra
99916754,1,ナチュル・エクストリオ,自然木龙兽,Naturia Exterio
99927991,2,魔救の奇縁,魔救之奇缘,Adamancipator Friends
99937011,1,剣神官ムドラ,剑神官 姆多拉,Mudora the Sword Oracle
99937842,1,ＴＧ スター・ガーディアン,科技属 星斗守护者,T.G. Star Guardian
99940363,2,帝王の凍気,帝王的冻气,Frost Blast of the Monarchs
99946920,1,魔竜星－トウテツ,魔龙星-饕餮,"Taotie, Shadow of the Yang Zing"
99984170,2,ＲＥＳＣＵＥ！,R救援！,RESCUE!
99989863,3,刻まれし魔の楽園,刻魔的乐园,Fiendsmith in Paradise
99991455,1,覇雷星ライジン,霸雷星 雷神,Raijin the Breakbolt Star
99995595,2,バッテリーリサイクル,电池回收,Recycling Batteries
